months_as_customer,age,policy_csl,policy_deductable,policy_annual_premium,umbrella_limit,insured_sex,insured_education_level,insured_occupation,insured_relationship,capital-gains,capital-loss,incident_type,collision_type,incident_severity,authorities_contacted,incident_hour_of_the_day,number_of_vehicles_involved,property_damage,bodily_injuries,witnesses,police_report_available,total_claim_amount,injury_claim,property_claim,vehicle_claim,fraud_reported,policy_age_days,claim_deviation,claim_ratio,Actual,Fraud_Probability,Predicted,Risk_Level
328,48,250/500,1000,1406.91,0,MALE,MD,craft-repair,husband,53300,0,Single Vehicle Collision,Side Collision,Major Damage,Police,5,1,YES,1,2,YES,71610,6510,13020,52080,Y,100,14151.050000000003,3.99969280393211,1,0.6451848409393915,1,Medium Risk
228,42,250/500,2000,1197.22,5000000,MALE,MD,machine-op-inspct,other-relative,0,0,Vehicle Theft,unknown,Minor Damage,Police,8,1,unknown,0,0,unknown,5070,780,780,3510,Y,3130,-34418.95,4.494238156209987,1,0.5426079430684771,1,Medium Risk
134,29,100/300,2000,1413.14,5000000,FEMALE,PhD,sales,own-child,35100,0,Multi-vehicle Collision,Rear Collision,Minor Damage,Police,7,3,NO,2,3,NO,34650,7700,3850,23100,N,5282,-14828.949999999997,5.998441963126461,0,0.06655540588830065,0,Low Risk
256,41,250/500,2000,1415.74,6000000,FEMALE,PhD,armed-forces,unmarried,48900,-62400,Single Vehicle Collision,Front Collision,Major Damage,Police,5,1,unknown,1,2,NO,63400,6340,6340,50720,Y,8996,12791.050000000003,7.998738369342375,1,0.8009809049201789,1,High Risk
228,44,500/1000,1000,1583.91,6000000,MALE,Associate,sales,unmarried,66000,-46000,Vehicle Theft,unknown,Minor Damage,unknown,20,1,NO,0,1,NO,6500,1300,650,4550,N,256,-33378.95,6.989247311827957,0,0.10173085910549852,0,Low Risk
256,39,250/500,1000,1351.1,0,FEMALE,PhD,tech-support,unmarried,0,0,Multi-vehicle Collision,Rear Collision,Major Damage,Fire,19,3,NO,0,2,NO,64100,6410,6410,51280,Y,3004,13351.050000000003,7.998752144751209,1,0.7418547561566905,1,High Risk
137,34,250/500,1000,1333.35,0,MALE,PhD,prof-specialty,husband,0,-77000,Multi-vehicle Collision,Front Collision,Minor Damage,Police,0,3,unknown,0,0,unknown,78650,21450,7150,50050,N,5336,12121.050000000003,6.999021115927842,0,0.20139032518702485,1,Low Risk
165,37,100/300,1000,1137.03,0,MALE,Associate,tech-support,unmarried,0,0,Multi-vehicle Collision,Front Collision,Total Loss,Police,23,3,unknown,2,2,YES,51590,9380,9380,32830,N,9155,-5098.949999999997,3.4996269054471805,0,0.16446578818701785,0,Low Risk
27,33,100/300,500,1442.99,0,FEMALE,PhD,other-service,own-child,0,0,Single Vehicle Collision,Front Collision,Total Loss,Police,21,1,NO,1,1,YES,27700,2770,2770,22160,N,6568,-15768.949999999997,7.997112955611692,0,0.1667952500670896,0,Low Risk
212,42,100/300,500,1315.68,0,MALE,PhD,priv-house-serv,wife,0,-39300,Single Vehicle Collision,Rear Collision,Total Loss,Other,14,1,NO,2,1,unknown,42300,4700,4700,32900,N,1260,-5028.949999999997,6.998510955115933,0,0.16039252035946813,0,Low Risk
235,42,100/300,500,1253.12,4000000,FEMALE,Masters,exec-managerial,other-relative,38400,0,Single Vehicle Collision,Front Collision,Total Loss,Police,22,1,YES,2,2,unknown,87010,7910,15820,63280,N,4608,25351.050000000003,3.999747171480943,0,0.25932915898428005,1,Low Risk
447,61,100/300,2000,1137.16,0,FEMALE,High School,exec-managerial,other-relative,0,-51000,Multi-vehicle Collision,Front Collision,Major Damage,Fire,21,3,YES,1,2,YES,114920,17680,17680,79560,N,5741,41631.05,4.499745489508512,0,0.36762701565390643,1,Low Risk
60,23,500/1000,500,1215.36,3000000,MALE,MD,protective-serv,wife,0,0,Single Vehicle Collision,Rear Collision,Total Loss,Ambulance,9,1,YES,1,0,NO,56520,4710,9420,42390,N,6272,4461.050000000003,4.499522343700244,0,0.29562362520801333,1,Low Risk
121,34,100/300,1000,936.61,0,FEMALE,MD,armed-forces,wife,52800,-32800,Parked Car,unknown,Minor Damage,unknown,5,1,NO,1,1,NO,7280,1120,1120,5040,N,804,-32888.95,4.495985727029438,0,0.09782594926583638,0,Low Risk
180,38,250/500,2000,1301.13,0,FEMALE,College,machine-op-inspct,not-in-family,41300,-55500,Single Vehicle Collision,Rear Collision,Total Loss,Police,12,1,NO,0,2,YES,46200,4200,8400,33600,Y,5862,-4328.949999999997,3.999523866206404,1,0.5767379890354235,1,Medium Risk
473,58,100/300,2000,1131.4,0,FEMALE,MD,transport-moving,other-relative,55700,0,Multi-vehicle Collision,Side Collision,Major Damage,Other,12,4,YES,0,0,NO,63120,10520,10520,42080,Y,8137,4151.050000000003,3.9996198080030414,1,0.4128308056650098,1,Medium Risk
70,26,500/1000,1000,1199.44,5000000,MALE,College,machine-op-inspct,own-child,63600,0,Multi-vehicle Collision,Rear Collision,Major Damage,Other,0,3,unknown,1,2,YES,52110,5790,5790,40530,N,3546,2601.050000000003,6.998791227767225,0,0.2765595906589023,1,Low Risk
140,31,500/1000,500,708.64,6000000,MALE,High School,machine-op-inspct,unmarried,53500,0,Single Vehicle Collision,Side Collision,Total Loss,Police,9,1,NO,0,2,YES,77880,14160,7080,56640,N,3704,18711.050000000003,7.998870216071176,0,0.14232063078869464,0,Low Risk
160,37,500/1000,500,1374.22,0,FEMALE,MD,craft-repair,other-relative,45500,-37800,Single Vehicle Collision,Side Collision,Total Loss,Other,19,1,YES,1,0,NO,72930,6630,13260,53040,N,22,15111.050000000003,3.999698363622653,0,0.17287338487939624,0,Low Risk
196,39,500/1000,2000,1475.73,0,FEMALE,High School,handlers-cleaners,own-child,57000,-27300,Multi-vehicle Collision,Side Collision,Major Damage,Police,8,3,unknown,2,0,NO,60400,6040,6040,48320,N,8239,10391.050000000003,7.9986757159410695,0,0.3504193668442584,1,Low Risk
460,62,250/500,1000,1187.96,4000000,MALE,JD,other-service,own-child,0,0,Multi-vehicle Collision,Rear Collision,Minor Damage,Police,20,3,NO,1,0,unknown,47160,0,5240,41920,N,4573,3991.050000000003,7.998473573745469,0,0.21733600568765832,1,Low Risk
217,41,500/1000,2000,875.15,0,FEMALE,Associate,machine-op-inspct,own-child,46700,0,Multi-vehicle Collision,Side Collision,Total Loss,Police,15,3,unknown,1,2,unknown,37840,0,4730,33110,N,3362,-4818.949999999997,6.998520397378989,0,0.14730451598518585,0,Low Risk
370,55,100/300,2000,972.18,0,MALE,High School,prof-specialty,other-relative,72700,-68200,Multi-vehicle Collision,Rear Collision,Major Damage,Ambulance,20,3,NO,0,0,YES,71520,17880,5960,47680,Y,7534,9751.050000000003,7.998657943298104,1,0.6745711737320049,1,Medium Risk
413,55,100/300,2000,1268.79,0,MALE,MD,priv-house-serv,own-child,0,-31000,Single Vehicle Collision,Front Collision,Total Loss,Ambulance,15,1,unknown,2,2,unknown,98160,8180,16360,73620,Y,8746,35691.05,4.499724955687305,1,0.7143985278811023,1,High Risk
237,40,100/300,1000,883.31,0,MALE,College,craft-repair,husband,0,-53500,Single Vehicle Collision,Rear Collision,Minor Damage,Other,6,1,NO,1,3,NO,77880,7080,14160,56640,N,6962,18711.050000000003,3.9997175340724525,0,0.2625716779129784,1,Low Risk
8,35,100/300,2000,1266.92,0,MALE,Masters,sales,own-child,0,0,Multi-vehicle Collision,Rear Collision,Major Damage,Other,16,3,NO,1,3,YES,71500,16500,11000,44000,Y,400,6071.050000000003,3.99963639669121,1,0.7296464633525093,1,High Risk
257,43,100/300,2000,1322.1,0,MALE,High School,prof-specialty,own-child,0,-29200,Parked Car,unknown,Minor Damage,Police,4,1,YES,1,3,YES,9020,1640,820,6560,N,8896,-31368.949999999997,7.990255785627284,0,0.06705541221050397,0,Low Risk
202,34,100/300,500,848.07,3000000,MALE,JD,exec-managerial,not-in-family,31000,-30200,Vehicle Theft,unknown,Minor Damage,unknown,5,1,YES,2,1,unknown,5720,1040,520,4160,Y,4556,-33768.95,7.984644913627639,1,0.6274483808279874,1,Medium Risk
224,40,100/300,2000,1291.7,0,FEMALE,JD,sales,not-in-family,0,-55600,Single Vehicle Collision,Side Collision,Minor Damage,Other,21,1,NO,1,0,YES,69840,7760,15520,46560,N,9100,8631.050000000003,2.999806713484956,0,0.18123533229786531,0,Low Risk
241,45,500/1000,2000,1104.5,0,FEMALE,PhD,machine-op-inspct,unmarried,0,0,Single Vehicle Collision,Rear Collision,Minor Damage,Police,5,1,NO,2,2,NO,91650,14100,14100,63450,N,348,25521.050000000003,4.499680873696901,0,0.1616239751196067,0,Low Risk
64,25,250/500,1000,954.16,0,MALE,Masters,prof-specialty,husband,53200,0,Multi-vehicle Collision,Side Collision,Major Damage,Ambulance,22,4,NO,0,0,unknown,75600,12600,12600,50400,N,5448,12471.050000000003,3.9996825648758034,0,0.5410242377460031,1,Medium Risk
166,37,100/300,2000,1337.28,8000000,MALE,JD,craft-repair,husband,27500,0,Multi-vehicle Collision,Side Collision,Major Damage,Police,10,3,NO,2,2,unknown,67140,7460,7460,52220,Y,2445,14291.050000000003,6.99906178796408,1,0.7276462602386238,1,High Risk
155,35,500/1000,1000,1088.34,0,FEMALE,Associate,adm-clerical,other-relative,81100,0,Multi-vehicle Collision,Front Collision,Total Loss,Police,16,3,YES,2,3,NO,29790,3310,3310,23170,N,4225,-14758.949999999997,6.997885835095137,0,0.20739150989203084,1,Low Risk
114,30,100/300,1000,1558.29,0,MALE,High School,farming-fishing,wife,51400,-64000,Multi-vehicle Collision,Front Collision,Major Damage,Ambulance,1,3,NO,1,2,unknown,77110,14020,14020,49070,N,8315,11141.050000000003,3.4997503744383427,0,0.39524549929099256,1,Low Risk
149,37,500/1000,500,1415.68,0,MALE,PhD,prof-specialty,own-child,0,0,Single Vehicle Collision,Side Collision,Total Loss,Fire,17,1,YES,0,1,YES,64800,10800,5400,48600,N,8796,10671.050000000003,8.998333641918164,0,0.2191289173597295,1,Low Risk
147,33,100/300,1000,1334.15,6000000,MALE,High School,craft-repair,not-in-family,53300,-49200,Single Vehicle Collision,Front Collision,Major Damage,Other,15,1,YES,2,0,YES,53100,10620,5310,37170,Y,1630,-758.9499999999971,6.9986819807945775,1,0.744342848232016,1,High Risk
62,28,100/300,1000,988.45,0,FEMALE,Masters,protective-serv,unmarried,0,0,Single Vehicle Collision,Rear Collision,Total Loss,Police,3,1,unknown,1,1,YES,60200,6020,6020,48160,Y,4324,10231.050000000003,7.998671317056967,1,0.664973034414199,1,Medium Risk
289,49,500/1000,2000,1222.48,0,FEMALE,JD,priv-house-serv,unmarried,0,0,Parked Car,unknown,Minor Damage,unknown,16,1,NO,1,1,YES,5330,1230,820,3280,N,8019,-34648.95,3.995127892813642,0,0.04896532865953688,0,Low Risk
431,54,500/1000,2000,1155.55,0,FEMALE,MD,craft-repair,unmarried,65700,0,Multi-vehicle Collision,Rear Collision,Major Damage,Police,4,3,unknown,2,0,unknown,62300,12460,6230,43610,N,4440,5681.050000000003,6.998876584817847,0,0.37705113655099987,1,Low Risk
199,37,250/500,500,1262.08,0,MALE,JD,tech-support,wife,48500,0,Single Vehicle Collision,Front Collision,Major Damage,Ambulance,4,1,unknown,0,3,NO,60170,10940,10940,38290,Y,6374,361.0500000000029,3.4996801023672424,1,0.7886054471624707,1,High Risk
79,26,100/300,500,1451.62,0,MALE,Associate,tech-support,not-in-family,0,-55700,Single Vehicle Collision,Rear Collision,Minor Damage,Ambulance,19,1,NO,2,2,unknown,40000,8000,4000,28000,N,7180,-9928.949999999997,6.998250437390652,0,0.08643649251839469,0,Low Risk
116,34,250/500,500,1737.66,0,MALE,Associate,transport-moving,unmarried,0,-24100,Single Vehicle Collision,Side Collision,Major Damage,Police,1,1,unknown,1,1,unknown,97080,16180,16180,64720,Y,854,26791.050000000003,3.99975279648971,1,0.7340176156387632,1,High Risk
37,23,500/1000,500,1475.93,0,FEMALE,College,prof-specialty,husband,0,-67400,Multi-vehicle Collision,Side Collision,Minor Damage,Other,17,3,YES,1,0,NO,51660,5740,5740,40180,N,3183,2251.050000000003,6.998780700226441,0,0.3149658145714011,1,Low Risk
106,30,250/500,500,538.17,0,FEMALE,PhD,transport-moving,own-child,49700,-60200,Single Vehicle Collision,Rear Collision,Total Loss,Other,23,1,NO,2,2,NO,51120,5680,5680,39760,N,4321,1831.050000000003,6.99876782256645,0,0.22531369705821638,1,Low Risk
269,44,100/300,2000,1081.08,0,MALE,JD,priv-house-serv,unmarried,36400,-28700,Single Vehicle Collision,Front Collision,Minor Damage,Other,14,1,YES,0,2,unknown,56400,11280,11280,33840,N,2628,-4088.949999999997,2.999734066128889,0,0.17130421848166372,0,Low Risk
265,40,250/500,1000,1454.43,0,FEMALE,MD,protective-serv,husband,0,0,Multi-vehicle Collision,Rear Collision,Total Loss,Other,17,3,NO,2,3,unknown,55120,6890,0,48230,N,3106,10301.050000000003,48230.0,0,0.20430074257376665,1,Low Risk
163,33,100/300,500,1240.47,0,FEMALE,Associate,other-service,husband,35300,0,Multi-vehicle Collision,Rear Collision,Total Loss,Fire,11,3,YES,1,1,unknown,77110,0,14020,63090,N,9172,25161.050000000003,4.499679052849298,0,0.2257667481259715,1,Low Risk
355,47,500/1000,2000,1273.7,4000000,MALE,College,other-service,husband,0,0,Multi-vehicle Collision,Front Collision,Major Damage,Fire,19,3,NO,2,1,NO,62800,6280,6280,50240,Y,9064,12311.050000000003,7.998726317465372,1,0.7785602590808179,1,High Risk
175,34,500/1000,1000,1123.87,8000000,FEMALE,PhD,protective-serv,other-relative,0,0,Vehicle Theft,unknown,Trivial Damage,Police,5,1,unknown,2,0,YES,7290,810,810,5670,N,2607,-32258.949999999997,6.991368680641184,0,0.14610572228182428,0,Low Risk
192,35,100/300,1000,1245.89,0,FEMALE,Masters,exec-managerial,wife,0,-40300,Single Vehicle Collision,Rear Collision,Total Loss,Other,19,1,NO,0,0,unknown,76600,15320,7660,53620,N,6506,15691.050000000003,6.999086281164339,0,0.18375290827556578,0,Low Risk
430,59,250/500,2000,1326.62,7000000,MALE,MD,other-service,own-child,0,0,Multi-vehicle Collision,Front Collision,Minor Damage,Fire,19,3,unknown,0,3,YES,81800,16360,8180,57260,N,4011,19331.050000000003,6.999144358880333,0,0.3342855276148225,1,Low Risk
91,27,100/300,2000,1073.83,0,FEMALE,JD,farming-fishing,husband,0,0,Vehicle Theft,unknown,Trivial Damage,unknown,4,1,unknown,1,2,unknown,7260,1320,660,5280,N,7455,-32648.949999999997,7.987897125567322,0,0.07448081267311182,0,Low Risk
217,39,100/300,1000,1530.52,0,MALE,College,armed-forces,not-in-family,0,0,Vehicle Theft,unknown,Minor Damage,unknown,8,1,unknown,2,1,YES,4300,430,430,3440,N,4648,-34488.95,7.981438515081207,0,0.055123963975851564,0,Low Risk
223,40,100/300,500,1201.41,0,FEMALE,JD,priv-house-serv,husband,88400,-46500,Multi-vehicle Collision,Side Collision,Major Damage,Police,7,3,YES,1,0,unknown,70510,12820,12820,44870,N,7579,6941.050000000003,3.499727010373606,0,0.4099708394469243,1,Medium Risk
195,39,250/500,1000,1393.57,0,MALE,PhD,machine-op-inspct,not-in-family,47600,-39600,Parked Car,unknown,Minor Damage,Police,5,1,NO,0,1,YES,2640,480,480,1680,N,194,-36248.95,3.492723492723493,0,0.09187048023328133,0,Low Risk
22,26,100/300,1000,1276.57,0,MALE,PhD,craft-repair,not-in-family,71500,0,Single Vehicle Collision,Rear Collision,Minor Damage,Fire,3,1,YES,1,2,NO,78900,15780,7890,55230,N,2705,17301.050000000003,6.999112913445698,0,0.12845750864793873,0,Low Risk
439,56,250/500,500,1082.49,0,FEMALE,PhD,prof-specialty,unmarried,36100,-55000,Multi-vehicle Collision,Front Collision,Major Damage,Fire,12,3,unknown,2,3,unknown,56430,0,6270,50160,N,2291,12231.050000000003,7.998724286397704,0,0.6295237839815057,1,Medium Risk
94,32,500/1000,1000,1414.74,0,FEMALE,Masters,adm-clerical,own-child,0,0,Parked Car,unknown,Minor Damage,unknown,19,1,NO,1,3,NO,2400,300,300,1800,N,7067,-36128.95,5.980066445182724,0,0.06063678043623837,0,Low Risk
11,39,250/500,2000,1470.06,0,MALE,PhD,other-service,husband,56600,-45800,Single Vehicle Collision,Front Collision,Total Loss,Ambulance,22,1,YES,0,1,NO,65790,7310,7310,51170,N,7903,13241.050000000003,6.9990425386404045,0,0.2093702390670381,1,Low Risk
151,36,250/500,2000,870.63,0,FEMALE,MD,adm-clerical,own-child,94800,-58500,Multi-vehicle Collision,Side Collision,Minor Damage,Police,12,3,NO,1,1,NO,62920,11440,5720,45760,N,3601,7831.050000000003,7.998601643069393,0,0.12773679064649068,0,Low Risk
154,34,100/300,500,795.23,0,MALE,PhD,machine-op-inspct,other-relative,36900,0,Multi-vehicle Collision,Rear Collision,Major Damage,Police,15,3,YES,2,1,unknown,69480,15440,0,54040,Y,9096,16111.050000000003,54040.0,1,0.5729706098369176,1,Medium Risk
245,44,500/1000,1000,1168.2,0,MALE,JD,handlers-cleaners,husband,69100,0,Multi-vehicle Collision,Side Collision,Total Loss,Other,23,3,NO,0,3,NO,44280,7380,3690,33210,N,7804,-4718.949999999997,8.997561636412897,0,0.11051663451783227,0,Low Risk
119,32,500/1000,1000,993.51,0,MALE,High School,armed-forces,unmarried,0,-49500,Single Vehicle Collision,Side Collision,Minor Damage,Other,12,1,NO,0,3,YES,56300,5630,11260,39410,N,216,1481.050000000003,3.4996891927892726,0,0.1863153969554451,0,Low Risk
215,42,500/1000,500,1848.81,0,MALE,JD,transport-moving,own-child,0,-49000,Multi-vehicle Collision,Front Collision,Major Damage,Fire,20,3,YES,2,2,YES,68520,11420,5710,51390,Y,2292,13461.050000000003,8.998424093853966,1,0.703254741667571,1,High Risk
295,42,250/500,2000,1641.73,5000000,MALE,PhD,sales,not-in-family,62400,0,Multi-vehicle Collision,Rear Collision,Total Loss,Fire,16,3,NO,0,0,NO,59130,6570,6570,45990,Y,2828,8061.050000000003,6.998934713133465,1,0.6016757260374267,1,Medium Risk
254,39,100/300,500,1362.87,0,FEMALE,MD,exec-managerial,other-relative,35700,0,Multi-vehicle Collision,Front Collision,Minor Damage,Ambulance,6,3,YES,2,2,NO,82320,13720,6860,61740,Y,7741,23811.050000000003,8.998688237866201,1,0.6417331608054554,1,Medium Risk
107,31,250/500,500,1239.22,7000000,FEMALE,High School,tech-support,not-in-family,43400,-91200,Single Vehicle Collision,Side Collision,Minor Damage,Fire,12,1,YES,0,1,NO,89700,13800,13800,62100,Y,1262,24171.050000000003,4.499673936671256,1,0.6409445378197639,1,Medium Risk
478,64,250/500,500,835.02,0,FEMALE,Associate,adm-clerical,unmarried,59600,0,Multi-vehicle Collision,Side Collision,Minor Damage,Fire,17,3,NO,1,1,NO,33930,0,3770,30160,N,8932,-7768.949999999997,7.997878546804561,0,0.2179457834284016,1,Low Risk
128,30,100/300,1000,1061.33,0,MALE,MD,machine-op-inspct,own-child,43300,-66200,Single Vehicle Collision,Front Collision,Major Damage,Ambulance,8,1,NO,0,3,NO,68530,12460,6230,49840,N,7638,11911.050000000003,7.9987160969346816,0,0.5354247961677652,1,Medium Risk
338,49,500/1000,1000,1279.08,0,MALE,MD,other-service,own-child,0,-51500,Parked Car,unknown,Minor Damage,unknown,13,1,NO,0,1,unknown,4300,860,860,2580,N,7675,-35348.95,2.9965156794425085,0,0.05044415478429809,0,Low Risk
271,42,100/300,500,1105.49,0,FEMALE,Associate,prof-specialty,own-child,56200,-50000,Multi-vehicle Collision,Side Collision,Major Damage,Other,12,2,unknown,2,3,unknown,68310,12420,6210,49680,Y,1285,11751.050000000003,7.998711962646917,1,0.730133421559531,1,High Risk
222,41,100/300,2000,1055.53,0,FEMALE,MD,armed-forces,not-in-family,37800,-50300,Single Vehicle Collision,Front Collision,Total Loss,Other,7,1,NO,0,2,NO,61290,6810,6810,47670,Y,5933,9741.050000000003,6.998972250770812,1,0.5965451927185512,1,Medium Risk
199,41,250/500,1000,895.83,0,FEMALE,Associate,sales,husband,0,0,Single Vehicle Collision,Rear Collision,Minor Damage,Ambulance,10,1,NO,1,2,NO,30100,3010,0,27090,N,7009,-10838.949999999997,27090.0,0,0.09884792087060103,0,Low Risk
215,37,100/300,500,1632.93,0,FEMALE,College,transport-moving,not-in-family,0,-42900,Multi-vehicle Collision,Rear Collision,Minor Damage,Fire,7,3,NO,2,0,YES,57120,9520,4760,42840,N,4440,4911.050000000003,8.998109640831759,0,0.2184397759868729,1,Low Risk
192,40,100/300,1000,1405.99,0,FEMALE,Associate,sales,wife,0,0,Multi-vehicle Collision,Side Collision,Minor Damage,Ambulance,18,3,YES,1,0,YES,42930,9540,4770,28620,N,3972,-9308.949999999997,5.998742402012157,0,0.10070745199188832,0,Low Risk
120,35,100/300,1000,1425.54,0,FEMALE,High School,transport-moving,other-relative,78300,0,Multi-vehicle Collision,Front Collision,Total Loss,Ambulance,22,3,NO,2,0,NO,51210,11380,5690,34140,N,5095,-3788.949999999997,5.998945703742752,0,0.19180988914714514,0,Low Risk
270,45,500/1000,1000,1038.09,0,FEMALE,College,handlers-cleaners,husband,0,-19700,Multi-vehicle Collision,Front Collision,Minor Damage,Fire,18,3,NO,1,1,YES,89400,14900,7450,67050,N,1828,29121.050000000003,8.99879210844182,0,0.20248411080841908,1,Low Risk
319,47,250/500,500,1307.11,0,MALE,College,transport-moving,not-in-family,0,0,Multi-vehicle Collision,Front Collision,Total Loss,Police,22,3,NO,0,2,unknown,59730,10860,10860,38010,N,8344,81.05000000000291,3.4996777460638984,0,0.2379209523792974,1,Low Risk
194,39,500/1000,1000,1489.24,6000000,FEMALE,JD,other-service,wife,0,-45000,Vehicle Theft,unknown,Minor Damage,unknown,15,1,YES,2,2,YES,8060,1240,1240,5580,N,1709,-32348.949999999997,4.496373892022563,0,0.06011097748695566,0,Low Risk
227,38,500/1000,500,976.67,0,FEMALE,PhD,handlers-cleaners,unmarried,0,0,Single Vehicle Collision,Rear Collision,Major Damage,Fire,16,1,unknown,1,2,unknown,72200,14440,7220,50540,Y,451,12611.050000000003,6.999030605179338,1,0.6618026495866522,1,Medium Risk
137,31,250/500,2000,1340.43,0,MALE,High School,exec-managerial,husband,52700,-40600,Multi-vehicle Collision,Side Collision,Minor Damage,Ambulance,6,3,NO,1,2,NO,50800,10160,10160,30480,N,7435,-7448.949999999997,2.9997047534691466,0,0.21074744990563024,1,Low Risk
244,40,500/1000,2000,1267.81,5000000,FEMALE,Masters,exec-managerial,wife,0,0,Vehicle Theft,unknown,Trivial Damage,unknown,10,1,unknown,2,1,unknown,6600,660,1320,4620,N,6392,-33308.95,3.497350492051476,0,0.08858737675417466,0,Low Risk
78,29,250/500,1000,1234.2,6000000,MALE,Masters,other-service,other-relative,0,0,Vehicle Theft,unknown,Minor Damage,Police,3,1,YES,2,2,NO,7500,750,1500,5250,N,1444,-32678.949999999997,3.4976682211858763,0,0.11962070078527007,0,Low Risk
200,35,250/500,2000,1318.06,0,MALE,High School,exec-managerial,wife,57300,-80600,Vehicle Theft,unknown,Trivial Damage,unknown,13,1,NO,0,3,YES,6490,1180,1180,4130,N,7456,-33798.95,3.4970364098221847,0,0.06157600960137076,0,Low Risk
284,48,500/1000,2000,769.95,0,MALE,Masters,prof-specialty,not-in-family,0,-44200,Multi-vehicle Collision,Side Collision,Major Damage,Ambulance,16,2,unknown,2,3,NO,60940,5540,11080,44320,Y,6458,6391.050000000003,3.9996390217489397,1,0.7185113763332382,1,High Risk
275,41,100/300,2000,1514.72,0,MALE,High School,transport-moving,own-child,35700,0,Multi-vehicle Collision,Front Collision,Major Damage,Fire,13,3,YES,0,1,unknown,58300,5830,11660,40810,N,6673,2881.050000000003,3.4996998542149043,0,0.4687605464559293,1,Medium Risk
153,34,500/1000,1000,873.64,4000000,FEMALE,Associate,priv-house-serv,husband,800,0,Multi-vehicle Collision,Front Collision,Minor Damage,Other,9,3,NO,2,1,unknown,68400,11400,11400,45600,N,3254,7671.050000000003,3.999649153583019,0,0.1658812339764748,0,Low Risk
134,32,500/1000,500,1612.43,0,FEMALE,MD,other-service,own-child,36400,0,Single Vehicle Collision,Side Collision,Total Loss,Fire,2,1,unknown,2,1,YES,64240,11680,11680,40880,N,8772,2951.050000000003,3.499700368119168,0,0.3173286852843573,1,Low Risk
31,36,500/1000,2000,1318.24,9000000,FEMALE,College,prof-specialty,not-in-family,0,-78600,Parked Car,unknown,Trivial Damage,unknown,9,1,NO,0,1,YES,4700,940,470,3290,N,5647,-34638.95,6.985138004246284,0,0.040574876717629424,0,Low Risk
41,25,100/300,1000,1226.83,0,FEMALE,College,exec-managerial,not-in-family,0,-56100,Multi-vehicle Collision,Side Collision,Major Damage,Other,12,3,YES,2,0,unknown,45120,0,5640,39480,Y,8393,1551.050000000003,6.99875908526857,1,0.7871105073699718,1,High Risk
127,29,250/500,2000,1326.44,5000000,FEMALE,High School,sales,own-child,0,0,Multi-vehicle Collision,Front Collision,Total Loss,Fire,12,2,YES,1,1,unknown,66950,10300,10300,46350,N,5558,8421.050000000003,4.499563149208814,0,0.4502560824020552,1,Medium Risk
61,23,250/500,2000,1136.83,4000000,FEMALE,Associate,tech-support,own-child,0,-62400,Single Vehicle Collision,Side Collision,Major Damage,Police,14,1,NO,0,3,unknown,98340,8940,17880,71520,Y,7911,33591.05,3.9997762988647168,1,0.7614330609412264,1,High Risk
207,42,250/500,2000,1322.78,0,MALE,PhD,farming-fishing,own-child,55200,0,Parked Car,unknown,Trivial Damage,unknown,9,1,NO,0,1,NO,5900,590,590,4720,N,5261,-33208.95,7.986463620981388,0,0.04662090607372248,0,Low Risk
219,43,100/300,1000,1483.25,0,FEMALE,MD,exec-managerial,not-in-family,90700,-20800,Multi-vehicle Collision,Front Collision,Major Damage,Ambulance,3,3,NO,1,1,unknown,70680,5890,11780,53010,N,1503,15081.050000000003,4.499618029029794,0,0.3634532154329983,1,Low Risk
271,42,100/300,500,1515.3,0,FEMALE,High School,machine-op-inspct,not-in-family,0,0,Multi-vehicle Collision,Rear Collision,Total Loss,Ambulance,21,3,NO,1,0,NO,93720,17040,8520,68160,N,9074,30231.050000000003,7.999061143058326,0,0.11750260398944372,0,Low Risk
80,25,100/300,2000,1075.18,5000000,FEMALE,PhD,armed-forces,husband,67700,-58400,Vehicle Theft,unknown,Minor Damage,unknown,5,1,NO,2,0,YES,6930,1260,630,5040,N,1087,-32888.95,7.9873217115689386,0,0.06656453564121208,0,Low Risk
325,47,500/1000,1000,1690.27,0,FEMALE,Associate,protective-serv,not-in-family,61500,0,Single Vehicle Collision,Side Collision,Major Damage,Fire,11,1,YES,0,3,NO,72930,6630,6630,59670,Y,3265,21741.050000000003,8.998642738651787,1,0.7273768025752013,1,High Risk
29,25,250/500,2000,1352.83,0,MALE,Masters,farming-fishing,own-child,0,-71700,Multi-vehicle Collision,Rear Collision,Minor Damage,Other,4,4,YES,1,2,YES,64890,7210,7210,50470,Y,82,12541.050000000003,6.999029260851477,1,0.2863880056124618,1,Low Risk
295,48,250/500,1000,1148.73,0,FEMALE,College,machine-op-inspct,wife,0,0,Parked Car,unknown,Trivial Damage,unknown,6,1,unknown,1,2,YES,5400,900,900,3600,N,2076,-34328.95,3.995560488346282,0,0.06070614346934667,0,Low Risk
239,42,100/300,1000,969.5,0,MALE,College,exec-managerial,not-in-family,0,0,Vehicle Theft,unknown,Trivial Damage,unknown,10,1,NO,0,0,unknown,5600,700,700,4200,N,5607,-33728.95,5.991440798858773,0,0.049758764266209454,0,Low Risk
269,41,100/300,500,1463.82,0,FEMALE,College,protective-serv,not-in-family,0,-72300,Single Vehicle Collision,Rear Collision,Minor Damage,Police,23,1,YES,0,0,unknown,79300,15860,15860,47580,N,8863,9651.050000000003,2.9998108568186117,0,0.18972134949141145,0,Low Risk
80,27,100/300,1000,1474.17,0,FEMALE,College,tech-support,unmarried,0,0,Single Vehicle Collision,Side Collision,Major Damage,Police,13,1,YES,1,0,YES,52800,10560,5280,36960,N,6772,-968.9499999999971,6.9986744934671465,0,0.43594362138382114,1,Medium Risk
279,41,250/500,500,1497.35,0,FEMALE,JD,prof-specialty,husband,37300,-31700,Multi-vehicle Collision,Front Collision,Minor Damage,Fire,16,3,unknown,2,3,NO,28800,0,3600,25200,N,4985,-12728.949999999997,6.998056095529019,0,0.09403655153247728,0,Low Risk
165,33,100/300,1000,1427.14,0,FEMALE,Associate,tech-support,other-relative,35300,-58100,Parked Car,unknown,Minor Damage,Police,3,1,NO,1,1,NO,2970,330,330,2310,N,2884,-35618.95,6.978851963746224,0,0.052557181190018176,0,Low Risk
350,54,500/1000,500,1495.1,0,MALE,College,other-service,wife,50500,0,Multi-vehicle Collision,Side Collision,Total Loss,Police,15,3,NO,0,0,unknown,93480,15580,7790,70110,N,469,32181.050000000003,8.998844820947246,0,0.15799571242699711,0,Low Risk
295,49,100/300,500,1141.62,0,MALE,College,prof-specialty,husband,34300,-24300,Vehicle Theft,unknown,Minor Damage,unknown,4,1,YES,1,3,YES,4320,480,480,3360,N,8237,-34568.95,6.985446985446986,0,0.022287600033061013,0,Low Risk
464,61,500/1000,1000,1125.37,0,FEMALE,Associate,prof-specialty,husband,0,-56400,Multi-vehicle Collision,Rear Collision,Major Damage,Police,6,3,unknown,0,2,YES,79800,6650,19950,53200,Y,8864,15271.050000000003,2.666533005864368,1,0.40417941469722773,1,Medium Risk
118,28,500/1000,2000,1207.36,0,FEMALE,High School,handlers-cleaners,own-child,0,-57000,Multi-vehicle Collision,Front Collision,Major Damage,Ambulance,22,2,NO,1,0,unknown,74200,7420,14840,51940,N,8464,14011.050000000003,3.499764166835119,0,0.30076509667211193,1,Low Risk
298,47,500/1000,2000,1338.5,0,FEMALE,PhD,machine-op-inspct,other-relative,28800,0,Single Vehicle Collision,Front Collision,Major Damage,Fire,1,1,unknown,0,0,unknown,70590,10860,10860,48870,Y,5927,10941.050000000003,4.499585673510726,1,0.7452469599676834,1,High Risk
87,31,500/1000,1000,1074.07,0,FEMALE,Masters,sales,husband,0,-47500,Multi-vehicle Collision,Rear Collision,Major Damage,Fire,16,3,NO,0,3,YES,60940,5540,11080,44320,Y,2041,6391.050000000003,3.9996390217489397,1,0.7789979640883384,1,High Risk
261,42,250/500,500,1337.56,0,FEMALE,College,prof-specialty,unmarried,0,0,Single Vehicle Collision,Rear Collision,Minor Damage,Police,18,1,unknown,1,2,YES,74700,7470,14940,52290,N,2192,14361.050000000003,3.4997657452647077,0,0.2207202332945682,1,Low Risk
453,60,100/300,500,1298.91,6000000,MALE,PhD,craft-repair,unmarried,52600,-38800,Single Vehicle Collision,Front Collision,Major Damage,Fire,0,1,YES,0,0,unknown,70000,14000,7000,49000,Y,4312,11071.050000000003,6.999000142836738,1,0.7912882390083692,1,High Risk
210,41,500/1000,500,1222.75,0,MALE,High School,exec-managerial,other-relative,0,-41000,Multi-vehicle Collision,Rear Collision,Total Loss,Other,12,3,unknown,2,0,NO,81070,14740,14740,51590,N,819,13661.050000000003,3.499762566990028,0,0.1723372675016887,0,Low Risk
168,32,100/300,1000,1059.52,0,MALE,MD,protective-serv,own-child,0,-40600,Multi-vehicle Collision,Side Collision,Major Damage,Other,13,2,unknown,1,1,unknown,57720,14430,9620,33670,N,5414,-4258.949999999997,3.4996362124519282,0,0.5289960956408888,1,Medium Risk
390,51,250/500,2000,1124.38,0,MALE,Associate,armed-forces,other-relative,0,0,Vehicle Theft,unknown,Minor Damage,unknown,9,1,YES,1,1,YES,7080,1180,1180,4720,N,5627,-33208.95,3.9966130397967823,0,0.08399375911020433,0,Low Risk
258,46,100/300,1000,1110.37,10000000,MALE,MD,machine-op-inspct,other-relative,34400,-56800,Multi-vehicle Collision,Side Collision,Total Loss,Other,14,3,NO,0,1,unknown,47700,4770,9540,33390,Y,5800,-4538.949999999997,3.499633162142333,1,0.22094726674461837,1,Low Risk
107,31,500/1000,2000,1374.22,0,FEMALE,PhD,machine-op-inspct,other-relative,62000,-63100,Single Vehicle Collision,Rear Collision,Minor Damage,Police,16,1,NO,0,3,NO,51260,9320,9320,32620,N,8779,-5308.949999999997,3.499624503808604,0,0.09270136159361185,0,Low Risk
225,41,500/1000,2000,1103.58,0,MALE,High School,exec-managerial,unmarried,41200,-36200,Multi-vehicle Collision,Side Collision,Major Damage,Police,20,3,unknown,2,2,NO,70400,6400,12800,51200,Y,7837,13271.050000000003,3.9996875244121552,1,0.6642450329482704,1,Medium Risk
164,38,250/500,2000,1269.76,0,FEMALE,PhD,transport-moving,not-in-family,44300,0,Single Vehicle Collision,Rear Collision,Minor Damage,Fire,4,1,NO,1,3,YES,90000,18000,9000,63000,N,6287,25071.050000000003,6.999222308632374,0,0.23555415017474413,1,Low Risk
245,39,250/500,500,964.79,8000000,FEMALE,Associate,adm-clerical,husband,58000,0,Multi-vehicle Collision,Rear Collision,Minor Damage,Police,7,3,unknown,0,1,unknown,72820,13240,6620,52960,N,5053,15031.050000000003,7.998791723304636,0,0.184775392405497,0,Low Risk
255,41,500/1000,2000,1167.3,4000000,MALE,High School,priv-house-serv,other-relative,0,0,Single Vehicle Collision,Side Collision,Minor Damage,Fire,22,1,NO,2,0,unknown,69300,13860,13860,41580,N,775,3651.050000000003,2.999783565399322,0,0.2769625574687494,1,Low Risk
206,36,500/1000,500,1625.45,4000000,FEMALE,MD,other-service,other-relative,0,-53700,Single Vehicle Collision,Front Collision,Major Damage,Ambulance,11,1,NO,2,1,NO,76560,12760,12760,51040,Y,2010,13111.050000000003,3.999686544941619,1,0.7193127787977923,1,High Risk
203,38,250/500,500,1394.43,0,FEMALE,Masters,other-service,not-in-family,0,0,Single Vehicle Collision,Front Collision,Major Damage,Ambulance,7,1,unknown,0,1,YES,55440,0,6160,49280,Y,6189,11351.050000000003,7.998701509495212,1,0.7632403443752626,1,High Risk
22,25,250/500,2000,1053.24,0,FEMALE,College,prof-specialty,other-relative,51100,0,Multi-vehicle Collision,Front Collision,Total Loss,Other,0,4,YES,1,0,NO,77130,8570,17140,51420,N,2489,13491.050000000003,2.9998249810396125,0,0.16111159247220938,0,Low Risk
211,35,100/300,500,1040.75,0,FEMALE,JD,prof-specialty,not-in-family,0,0,Single Vehicle Collision,Rear Collision,Total Loss,Ambulance,1,1,YES,1,1,unknown,42000,7000,7000,28000,N,6741,-9928.949999999997,3.999428653049564,0,0.2305558592663108,1,Low Risk
206,39,250/500,1000,1302.4,6000000,MALE,JD,craft-repair,unmarried,47200,-69700,Multi-vehicle Collision,Rear Collision,Total Loss,Ambulance,12,3,NO,2,3,YES,36300,3300,9900,23100,N,205,-14828.949999999997,2.333097666902333,0,0.1845753251793388,0,Low Risk
166,38,100/300,2000,1588.55,0,MALE,MD,protective-serv,unmarried,59600,-32100,Single Vehicle Collision,Side Collision,Total Loss,Other,8,1,NO,0,0,unknown,40320,5760,5760,28800,N,8096,-9128.949999999997,4.999132095122374,0,0.11749493251542575,0,Low Risk
165,32,500/1000,500,1399.26,0,FEMALE,High School,tech-support,own-child,70500,0,Parked Car,unknown,Minor Damage,Police,9,1,unknown,2,0,unknown,3960,330,660,2970,N,979,-34958.95,4.493192133131619,0,0.07933514014885493,0,Low Risk
274,43,100/300,2000,1352.31,0,MALE,College,farming-fishing,wife,40700,-47300,Single Vehicle Collision,Front Collision,Major Damage,Fire,22,1,YES,0,3,YES,63840,10640,10640,42560,Y,5017,4631.050000000003,3.999624095479748,1,0.6349874294826154,1,Medium Risk
81,28,250/500,1000,1139.0,6000000,FEMALE,Masters,sales,husband,42400,0,Multi-vehicle Collision,Front Collision,Major Damage,Fire,0,3,unknown,1,2,unknown,44730,4970,4970,34790,Y,1215,-3138.949999999997,6.998591832629249,1,0.6364856626741308,1,Medium Risk
280,45,250/500,1000,1397.67,0,MALE,JD,machine-op-inspct,wife,57900,0,Multi-vehicle Collision,Front Collision,Minor Damage,Other,0,3,YES,1,2,NO,84720,14120,14120,56480,N,1287,18551.050000000003,3.999716733942355,0,0.2929214375053281,1,Low Risk
194,39,250/500,500,823.17,0,MALE,Masters,adm-clerical,own-child,0,0,Multi-vehicle Collision,Front Collision,Major Damage,Other,3,3,unknown,2,2,NO,61500,6150,12300,43050,N,3498,5121.050000000003,3.4997154702869686,0,0.5146918815338268,1,Medium Risk
112,27,100/300,500,965.13,0,FEMALE,Masters,tech-support,unmarried,60000,-54800,Multi-vehicle Collision,Front Collision,Major Damage,Ambulance,21,3,unknown,0,1,unknown,51000,8500,8500,34000,N,3414,-3928.949999999997,3.999529467121515,0,0.31288479237073324,1,Low Risk
24,33,500/1000,1000,1922.84,0,FEMALE,High School,machine-op-inspct,wife,0,-45200,Single Vehicle Collision,Side Collision,Total Loss,Police,0,1,unknown,2,1,NO,46800,4680,9360,32760,N,6945,-5168.949999999997,3.4996261083217606,0,0.1771201705745258,0,Low Risk
93,32,250/500,2000,1624.82,0,MALE,PhD,exec-managerial,unmarried,65300,-65600,Single Vehicle Collision,Side Collision,Minor Damage,Ambulance,16,1,unknown,1,1,unknown,78120,17360,8680,52080,N,3420,14151.050000000003,5.9993088353876285,0,0.23523194162835592,1,Low Risk
171,34,250/500,2000,1277.25,0,FEMALE,College,exec-managerial,other-relative,84900,0,Single Vehicle Collision,Rear Collision,Major Damage,Police,14,1,NO,1,2,unknown,69200,13840,6920,48440,Y,6544,10511.050000000003,6.998988585464528,1,0.7651547501333046,1,High Risk
200,40,100/300,1000,1439.34,0,FEMALE,High School,sales,other-relative,45300,-20400,Vehicle Theft,unknown,Minor Damage,Police,9,1,unknown,0,0,NO,3690,410,410,2870,N,1696,-35058.95,6.982968369829684,0,0.05750087027528303,0,Low Risk
120,28,250/500,1000,1281.27,0,FEMALE,PhD,tech-support,not-in-family,68900,0,Multi-vehicle Collision,Rear Collision,Minor Damage,Fire,9,3,NO,0,3,unknown,65500,6550,6550,52400,N,2161,14471.050000000003,7.998778812395054,0,0.17381355933319861,0,Low Risk
325,46,500/1000,500,1348.83,0,FEMALE,High School,prof-specialty,wife,46300,-77500,Multi-vehicle Collision,Rear Collision,Minor Damage,Fire,21,3,unknown,1,2,YES,76120,13840,6920,55360,N,572,17431.050000000003,7.9988440976737465,0,0.2963099907800483,1,Low Risk
124,32,250/500,1000,1198.15,0,FEMALE,MD,other-service,not-in-family,0,-43200,Multi-vehicle Collision,Front Collision,Total Loss,Other,19,3,NO,0,2,YES,73560,12260,12260,49040,N,8295,11111.050000000003,3.9996737623358616,0,0.3817691650068839,1,Low Risk
211,35,100/300,2000,1221.22,0,MALE,Masters,machine-op-inspct,other-relative,76000,0,Single Vehicle Collision,Rear Collision,Total Loss,Police,2,1,YES,0,1,unknown,52030,9460,4730,37840,N,6163,-88.94999999999709,7.998309025575988,0,0.1733868090529322,0,Low Risk
287,41,500/1000,2000,968.74,0,MALE,Masters,transport-moving,wife,0,-49000,Vehicle Theft,unknown,Trivial Damage,unknown,9,1,unknown,2,3,unknown,5170,470,940,3760,N,3948,-34168.95,3.995749202975558,0,0.049220903737064135,0,Low Risk
122,34,250/500,1000,1220.71,0,MALE,PhD,machine-op-inspct,own-child,58600,-28700,Parked Car,unknown,Minor Damage,unknown,5,1,unknown,2,1,YES,8190,1890,1260,5040,N,3193,-32888.95,3.9968279143536876,0,0.08575149761681887,0,Low Risk
22,29,250/500,2000,1238.62,6000000,MALE,MD,exec-managerial,other-relative,0,-56200,Single Vehicle Collision,Rear Collision,Major Damage,Ambulance,14,1,unknown,2,3,unknown,70800,7080,14160,49560,Y,7556,11631.050000000003,3.499752842313396,1,0.7976190158642457,1,High Risk
106,31,500/1000,2000,1320.75,0,FEMALE,JD,farming-fishing,wife,54100,0,Multi-vehicle Collision,Rear Collision,Total Loss,Police,20,3,unknown,0,3,YES,45630,5070,5070,35490,N,6198,-2438.949999999997,6.998619601656478,0,0.21083570698094975,1,Low Risk
398,58,100/300,500,990.98,0,FEMALE,Associate,exec-managerial,wife,0,-57900,Single Vehicle Collision,Front Collision,Major Damage,Police,18,1,YES,2,1,unknown,99320,7640,15280,76400,Y,5191,38471.05,4.999672796282966,1,0.7699953086119388,1,High Risk
214,41,500/1000,500,1398.51,4000000,MALE,Masters,tech-support,not-in-family,0,-57100,Multi-vehicle Collision,Side Collision,Major Damage,Fire,13,3,unknown,2,0,NO,64000,12800,6400,44800,Y,3752,6871.050000000003,6.998906420871739,1,0.6996245478040484,1,Medium Risk
209,38,100/300,500,1355.08,0,FEMALE,MD,other-service,other-relative,58100,0,Single Vehicle Collision,Front Collision,Minor Damage,Fire,21,1,unknown,1,1,unknown,47300,4730,4730,37840,N,1898,-88.94999999999709,7.998309025575988,0,0.2220742964810136,1,Low Risk
82,27,100/300,1000,1384.51,0,MALE,PhD,adm-clerical,not-in-family,13100,-38200,Single Vehicle Collision,Rear Collision,Major Damage,Other,14,1,NO,2,3,unknown,71680,8960,8960,53760,Y,6724,15831.050000000003,5.999330431871443,1,0.7523881491718623,1,High Risk
193,41,250/500,500,847.03,0,FEMALE,JD,craft-repair,not-in-family,0,0,Single Vehicle Collision,Side Collision,Major Damage,Other,1,1,unknown,1,0,YES,112320,17280,17280,77760,Y,7147,39831.05,4.49973959840287,1,0.7120738935077447,1,High Risk
134,32,100/300,1000,1000.06,0,FEMALE,PhD,farming-fishing,wife,0,0,Single Vehicle Collision,Side Collision,Total Loss,Other,17,1,unknown,1,0,unknown,82720,7520,15040,60160,N,4962,22231.050000000003,3.999734060235357,0,0.32359903723163186,1,Low Risk
288,45,100/300,1000,1046.71,0,MALE,Masters,priv-house-serv,husband,0,0,Multi-vehicle Collision,Rear Collision,Major Damage,Fire,4,3,unknown,2,1,unknown,48060,10680,5340,32040,N,4527,-5888.949999999997,5.99887661486613,0,0.41780165023352467,1,Medium Risk
104,32,250/500,500,1158.03,0,MALE,High School,exec-managerial,own-child,31900,-44600,Multi-vehicle Collision,Rear Collision,Total Loss,Police,23,3,YES,1,3,YES,63570,9780,9780,44010,Y,6387,6081.050000000003,4.4995399243431144,1,0.6775519162812035,1,Medium Risk
431,54,100/300,1000,1372.27,0,FEMALE,Masters,craft-repair,own-child,17600,0,Multi-vehicle Collision,Rear Collision,Total Loss,Fire,13,3,NO,2,3,unknown,63240,10540,10540,42160,N,7363,4231.050000000003,3.9996205293615406,0,0.23570844410326316,1,Low Risk
101,33,100/300,1000,1053.04,7000000,FEMALE,Masters,other-service,own-child,52000,-44500,Multi-vehicle Collision,Rear Collision,Minor Damage,Ambulance,20,3,NO,1,3,unknown,54240,9040,9040,36160,Y,976,-1768.949999999997,3.999557571065148,1,0.19500120057286793,0,Low Risk
375,50,100/300,1000,1275.39,0,MALE,Associate,sales,other-relative,0,0,Single Vehicle Collision,Front Collision,Major Damage,Police,16,1,YES,2,3,NO,37280,0,0,37280,Y,2916,-648.9499999999971,37280.0,1,0.738942422639238,1,High Risk
461,61,100/300,2000,1402.75,0,MALE,JD,exec-managerial,husband,0,0,Multi-vehicle Collision,Rear Collision,Minor Damage,Police,10,3,unknown,2,1,YES,72100,7210,14420,50470,N,3523,12541.050000000003,3.4997572983843006,0,0.20595345381856214,1,Low Risk
428,59,250/500,500,1344.36,7000000,FEMALE,JD,prof-specialty,other-relative,0,0,Parked Car,unknown,Minor Damage,unknown,8,1,unknown,2,3,NO,6500,1300,650,4550,N,5609,-33378.95,6.989247311827957,0,0.06538020784666407,0,Low Risk
45,38,100/300,1000,1197.71,0,MALE,Masters,machine-op-inspct,not-in-family,29000,0,Multi-vehicle Collision,Front Collision,Total Loss,Ambulance,17,3,unknown,2,0,unknown,78240,13040,13040,52160,N,3198,14231.050000000003,3.999693275055594,0,0.22607336762778046,1,Low Risk
136,29,100/300,500,1203.24,0,FEMALE,JD,transport-moving,other-relative,62500,-66900,Vehicle Theft,unknown,Minor Damage,Police,9,1,unknown,2,0,unknown,6200,1240,620,4340,N,1743,-33588.95,6.988727858293076,0,0.0503709238913962,0,Low Risk
216,36,500/1000,1000,1152.4,0,FEMALE,Associate,priv-house-serv,unmarried,39600,-82400,Parked Car,unknown,Minor Damage,Police,0,1,YES,2,3,unknown,6160,560,1680,3920,N,8111,-34008.95,2.331945270672219,0,0.08779343117719123,0,Low Risk
278,48,500/1000,2000,1142.62,7000000,FEMALE,MD,farming-fishing,not-in-family,0,-54000,Single Vehicle Collision,Front Collision,Total Loss,Ambulance,12,1,unknown,2,0,unknown,76050,11700,11700,52650,N,5655,14721.050000000003,4.499615417485685,0,0.2169740954024193,1,Low Risk
295,48,500/1000,1000,1332.07,0,FEMALE,MD,exec-managerial,unmarried,49700,-59100,Multi-vehicle Collision,Side Collision,Total Loss,Ambulance,20,2,NO,2,1,YES,86060,13240,13240,59580,N,8376,21651.050000000003,4.499660146514613,0,0.2394900201118437,1,Low Risk
112,30,500/1000,1000,1166.54,0,FEMALE,Masters,prof-specialty,not-in-family,47700,-59300,Single Vehicle Collision,Front Collision,Major Damage,Fire,3,1,YES,2,0,NO,107900,10790,21580,75530,Y,4513,37601.05,3.4998378203048977,1,0.781984251433401,1,High Risk
122,34,250/500,500,1495.06,0,FEMALE,Masters,prof-specialty,unmarried,38100,-31400,Multi-vehicle Collision,Rear Collision,Total Loss,Fire,18,3,NO,2,0,YES,99990,18180,18180,63630,N,4169,25701.050000000003,3.49980749133711,0,0.19945055860340702,0,Low Risk
108,29,500/1000,1000,1337.92,0,FEMALE,PhD,armed-forces,not-in-family,71400,0,Multi-vehicle Collision,Side Collision,Minor Damage,Ambulance,4,3,NO,2,2,YES,61380,11160,5580,44640,N,2638,6711.050000000003,7.998566565131696,0,0.18063678175392175,0,Low Risk
14,28,250/500,2000,1587.96,0,FEMALE,Associate,craft-repair,unmarried,0,-26900,Single Vehicle Collision,Rear Collision,Major Damage,Fire,18,1,unknown,2,1,YES,71280,12960,12960,45360,Y,4590,7431.050000000003,3.4997299591080937,1,0.65860846364591,1,Medium Risk
298,45,500/1000,1000,1362.29,0,MALE,High School,farming-fishing,unmarried,0,-51100,Multi-vehicle Collision,Front Collision,Minor Damage,Ambulance,18,3,NO,0,0,NO,64000,12800,6400,44800,N,8274,6871.050000000003,6.998906420871739,0,0.1771242582363662,0,Low Risk
276,46,250/500,500,1448.84,0,FEMALE,Masters,machine-op-inspct,husband,0,-50000,Parked Car,unknown,Trivial Damage,Police,7,1,unknown,0,1,NO,5940,660,660,4620,N,3616,-33308.95,6.989409984871407,0,0.04420507410112935,0,Low Risk
47,37,250/500,2000,1241.97,0,MALE,High School,other-service,not-in-family,75400,0,Parked Car,unknown,Minor Damage,unknown,18,1,NO,1,0,NO,6700,670,670,5360,N,2486,-32568.949999999997,7.988077496274218,0,0.03559834786178079,0,Low Risk
222,42,250/500,500,1124.6,0,MALE,Associate,armed-forces,not-in-family,0,0,Multi-vehicle Collision,Rear Collision,Minor Damage,Police,23,3,YES,0,0,unknown,51740,11940,7960,31840,N,5731,-6088.949999999997,3.999497550558975,0,0.145761383023346,0,Low Risk
119,28,250/500,2000,1079.92,0,MALE,High School,machine-op-inspct,husband,88800,0,Single Vehicle Collision,Rear Collision,Total Loss,Ambulance,1,1,unknown,0,1,YES,53600,6700,6700,40200,Y,826,2271.050000000003,5.999104611252052,1,0.27709498199583515,1,Low Risk
73,29,250/500,1000,1447.78,0,MALE,College,protective-serv,wife,35100,-59900,Multi-vehicle Collision,Rear Collision,Total Loss,Other,15,3,YES,1,0,unknown,44910,4990,4990,34930,N,8016,-2998.949999999997,6.998597475455821,0,0.34688423867141105,1,Low Risk
8,31,250/500,500,1229.16,4000000,FEMALE,MD,transport-moving,wife,0,-88300,Multi-vehicle Collision,Front Collision,Major Damage,Fire,2,3,unknown,0,2,YES,48100,11100,7400,29600,N,4395,-8328.949999999997,3.999459532495609,0,0.2516568120476713,1,Low Risk
294,44,100/300,1000,1226.49,0,FEMALE,PhD,farming-fishing,unmarried,53900,0,Vehicle Theft,unknown,Trivial Damage,unknown,3,1,NO,0,1,NO,6100,610,1220,4270,N,8940,-33658.95,3.4971334971334973,0,0.07436211825403596,0,Low Risk
324,46,100/300,2000,897.89,6000000,MALE,MD,tech-support,wife,0,-41300,Single Vehicle Collision,Rear Collision,Minor Damage,Other,13,1,unknown,1,0,YES,79600,15920,15920,47760,N,1782,9831.050000000003,2.9998115696250234,0,0.19657052436989117,0,Low Risk
155,34,100/300,500,1706.79,0,MALE,Masters,protective-serv,other-relative,0,0,Single Vehicle Collision,Front Collision,Minor Damage,Ambulance,1,1,NO,1,1,YES,77040,8560,8560,59920,N,8868,21991.050000000003,6.999182338511856,0,0.16744487854989146,0,Low Risk
261,45,250/500,1000,1254.18,0,FEMALE,PhD,prof-specialty,other-relative,0,-45100,Single Vehicle Collision,Rear Collision,Minor Damage,Fire,16,1,YES,0,1,unknown,62590,11380,11380,39830,N,3495,1901.050000000003,3.4996924699059835,0,0.2536928046245756,1,Low Risk
245,40,500/1000,500,885.08,0,FEMALE,Masters,armed-forces,other-relative,27000,-58900,Single Vehicle Collision,Front Collision,Total Loss,Other,0,1,YES,0,1,NO,85150,13100,13100,58950,N,4893,21021.050000000003,4.499656514769865,0,0.2316040136400199,1,Low Risk
235,39,100/300,500,1046.58,4000000,MALE,MD,tech-support,wife,0,-31700,Vehicle Theft,unknown,Trivial Damage,unknown,1,1,unknown,2,1,NO,4950,450,900,3600,N,1478,-34328.95,3.995560488346282,0,0.15712516243748628,0,Low Risk
53,36,500/1000,2000,1712.68,0,MALE,Associate,handlers-cleaners,not-in-family,72200,0,Multi-vehicle Collision,Side Collision,Major Damage,Fire,17,3,unknown,2,0,YES,51100,10220,5110,35770,N,4176,-2158.949999999997,6.998630405008805,0,0.29471006738783956,1,Low Risk
426,54,500/1000,2000,1097.71,0,FEMALE,Masters,adm-clerical,not-in-family,29600,-22300,Single Vehicle Collision,Side Collision,Minor Damage,Police,13,1,YES,2,3,unknown,100800,16800,16800,67200,N,6289,29271.050000000003,3.999761918933397,0,0.3340381477864467,1,Low Risk
111,27,250/500,500,1363.77,4000000,FEMALE,Masters,tech-support,husband,51100,0,Single Vehicle Collision,Side Collision,Total Loss,Police,12,1,YES,2,3,NO,90970,16540,16540,57890,N,2204,19961.050000000003,3.4997884045704613,0,0.24078040144198767,1,Low Risk
86,26,100/300,500,1382.88,7000000,MALE,JD,tech-support,other-relative,0,-30300,Single Vehicle Collision,Rear Collision,Minor Damage,Police,11,1,unknown,1,1,YES,81840,14880,7440,59520,Y,5936,21591.050000000003,7.998924875688751,1,0.2798786725399472,1,Low Risk
296,46,100/300,1000,1141.35,7000000,MALE,Masters,craft-repair,not-in-family,0,0,Single Vehicle Collision,Front Collision,Major Damage,Ambulance,18,1,unknown,0,2,NO,54900,5490,5490,43920,N,7987,5991.050000000003,7.9985430704789655,0,0.46393770500258485,1,Medium Risk
125,35,500/1000,500,1054.83,7000000,MALE,JD,tech-support,husband,0,-51300,Single Vehicle Collision,Front Collision,Total Loss,Fire,17,1,YES,2,3,NO,88660,8060,16120,64480,Y,6807,26551.050000000003,3.9997518764344644,1,0.7199533903109483,1,High Risk
177,34,100/300,2000,1057.77,0,FEMALE,JD,tech-support,unmarried,0,-57700,Multi-vehicle Collision,Front Collision,Total Loss,Ambulance,22,3,unknown,1,1,NO,18000,2250,2250,13500,N,754,-24428.949999999997,5.9973345179920035,0,0.09511961559833514,0,Low Risk
238,39,250/500,2000,1488.02,0,FEMALE,JD,protective-serv,other-relative,0,-39200,Vehicle Theft,unknown,Minor Damage,Police,9,1,YES,1,3,YES,5500,1100,550,3850,N,3003,-34078.95,6.987295825771325,0,0.12827280195218385,0,Low Risk
81,25,100/300,500,920.3,5000000,FEMALE,High School,tech-support,own-child,51000,-67900,Multi-vehicle Collision,Rear Collision,Major Damage,Other,11,3,unknown,1,0,unknown,73920,13440,6720,53760,Y,363,15831.050000000003,7.99880970093736,1,0.733571319915402,1,High Risk
128,28,500/1000,1000,986.53,0,FEMALE,High School,adm-clerical,other-relative,62700,0,Single Vehicle Collision,Rear Collision,Total Loss,Ambulance,11,1,NO,0,2,YES,101860,18520,18520,64820,N,2649,26891.050000000003,3.499811025322607,0,0.20700692130655013,1,Low Risk
449,57,250/500,2000,1440.68,0,MALE,Associate,tech-support,own-child,25000,0,Parked Car,unknown,Minor Damage,unknown,8,1,YES,0,1,YES,5390,980,980,3430,N,5777,-34498.95,3.4964322120285423,0,0.08681358387388234,0,Low Risk
252,39,250/500,1000,1086.21,0,MALE,JD,farming-fishing,unmarried,68500,-57500,Single Vehicle Collision,Side Collision,Minor Damage,Police,18,1,unknown,1,2,unknown,50490,5610,5610,39270,N,3294,1341.050000000003,6.998752450543575,0,0.23162927490336774,1,Low Risk
359,47,100/300,2000,1367.68,0,FEMALE,MD,handlers-cleaners,unmarried,0,0,Single Vehicle Collision,Front Collision,Total Loss,Police,13,1,NO,0,3,NO,55500,5550,11100,38850,N,7753,921.0500000000029,3.499684713088911,0,0.3962010379647096,1,Low Risk
19,32,500/1000,1000,1215.85,0,MALE,High School,other-service,husband,42900,-90200,Vehicle Theft,unknown,Minor Damage,Police,8,1,YES,1,1,YES,7040,1280,640,5120,N,3288,-32808.95,7.9875195007800315,0,0.03709957630353056,0,Low Risk
73,26,250/500,2000,1191.19,4000000,MALE,MD,farming-fishing,not-in-family,29300,0,Multi-vehicle Collision,Rear Collision,Total Loss,Other,9,3,unknown,0,1,YES,40160,5020,0,35140,N,4332,-2788.949999999997,35140.0,0,0.1462942355217329,0,Low Risk
285,44,500/1000,1000,1594.45,0,MALE,High School,handlers-cleaners,husband,0,0,Multi-vehicle Collision,Side Collision,Total Loss,Fire,17,2,YES,2,3,NO,55680,6960,6960,41760,N,215,3831.050000000003,5.999138054877172,0,0.20770681769318017,1,Low Risk
196,36,250/500,2000,1463.07,0,MALE,MD,armed-forces,own-child,0,0,Vehicle Theft,unknown,Trivial Damage,Police,3,1,unknown,1,1,NO,5300,530,530,4240,Y,6948,-33688.95,7.984934086629002,1,0.6451299195830525,1,Medium Risk
223,43,250/500,500,1734.09,0,FEMALE,MD,adm-clerical,not-in-family,0,0,Parked Car,unknown,Trivial Damage,unknown,6,1,YES,0,3,unknown,5200,650,650,3900,N,4651,-34028.95,5.990783410138249,0,0.04337737399979343,0,Low Risk
328,48,250/500,500,1411.43,0,MALE,Masters,armed-forces,own-child,45100,-32800,Single Vehicle Collision,Front Collision,Major Damage,Ambulance,17,1,YES,2,1,NO,59400,5940,11880,41580,N,3324,3651.050000000003,3.4997054120023567,0,0.46597798111177774,1,Medium Risk
285,43,100/300,2000,1512.58,0,FEMALE,College,sales,other-relative,47600,0,Vehicle Theft,unknown,Minor Damage,Police,7,1,unknown,1,1,unknown,2520,280,280,1960,N,7372,-35968.95,6.97508896797153,0,0.08145667018478832,0,Low Risk
30,31,250/500,2000,1153.35,0,MALE,PhD,craft-repair,not-in-family,0,0,Vehicle Theft,unknown,Trivial Damage,Police,9,1,NO,2,1,YES,5760,960,960,3840,N,975,-34088.95,3.995837669094693,0,0.1084623082095304,0,Low Risk
342,49,250/500,500,1722.95,0,MALE,PhD,transport-moving,not-in-family,63100,-13800,Single Vehicle Collision,Rear Collision,Minor Damage,Fire,3,1,unknown,2,0,YES,76700,7670,7670,61360,N,6171,23431.050000000003,7.998957111198019,0,0.1253814062712441,0,Low Risk
219,39,250/500,2000,1281.07,7000000,FEMALE,High School,protective-serv,unmarried,0,0,Parked Car,unknown,Trivial Damage,Police,6,1,NO,0,2,NO,5920,740,740,4440,N,2825,-33488.95,5.991902834008097,0,0.11470677891072516,0,Low Risk
468,62,100/300,500,1011.92,0,MALE,PhD,machine-op-inspct,wife,0,0,Multi-vehicle Collision,Rear Collision,Major Damage,Fire,7,3,YES,0,3,unknown,64350,7150,7150,50050,N,5343,12121.050000000003,6.999021115927842,0,0.3644978655113755,1,Low Risk
241,39,250/500,2000,1042.26,0,MALE,JD,sales,husband,0,0,Multi-vehicle Collision,Rear Collision,Total Loss,Ambulance,21,3,NO,1,2,unknown,19080,4240,2120,12720,N,6815,-25208.949999999997,5.997171145685997,0,0.10822965462840571,0,Low Risk
223,43,500/1000,500,1235.1,0,FEMALE,Masters,tech-support,not-in-family,66400,-34400,Single Vehicle Collision,Rear Collision,Minor Damage,Police,14,1,NO,2,1,NO,54400,5440,5440,43520,N,2103,5591.050000000003,7.998529682043742,0,0.21821022541841759,1,Low Risk
128,32,100/300,2000,768.91,0,FEMALE,College,sales,other-relative,0,-39300,Single Vehicle Collision,Rear Collision,Total Loss,Fire,0,1,unknown,1,0,NO,59800,5980,5980,47840,Y,4981,9911.050000000003,7.9986624310316,1,0.6665146103509223,1,Medium Risk
124,29,500/1000,500,1301.72,0,MALE,Masters,handlers-cleaners,husband,0,0,Multi-vehicle Collision,Side Collision,Major Damage,Police,14,3,unknown,0,3,YES,72000,7200,7200,57600,N,7828,19671.050000000003,7.998889043188446,0,0.36867732954900817,1,Low Risk
343,48,250/500,500,1451.54,3000000,MALE,JD,adm-clerical,husband,0,0,Multi-vehicle Collision,Side Collision,Total Loss,Police,13,4,NO,2,3,NO,65070,7230,14460,43380,N,1892,5451.050000000003,2.9997925454671184,0,0.23739692517611444,1,Low Risk
404,53,250/500,500,767.14,0,MALE,Associate,sales,not-in-family,25500,-36700,Parked Car,unknown,Trivial Damage,Police,8,1,NO,0,1,NO,8800,1760,880,6160,N,35,-31768.949999999997,6.99205448354143,0,0.11576199620861688,0,Low Risk
63,24,250/500,2000,1620.89,0,FEMALE,High School,handlers-cleaners,other-relative,0,0,Vehicle Theft,unknown,Minor Damage,Police,7,1,NO,2,0,NO,6120,1020,1020,4080,N,7696,-33848.95,3.9960822722820764,0,0.06025794362880944,0,Low Risk
210,37,500/1000,2000,1048.46,0,MALE,High School,priv-house-serv,not-in-family,59900,0,Vehicle Theft,unknown,Trivial Damage,unknown,9,1,unknown,1,2,unknown,7080,1180,590,5310,N,3075,-32618.949999999997,8.98477157360406,0,0.07873110991413276,0,Low Risk
335,50,100/300,1000,1538.26,6000000,MALE,High School,sales,other-relative,62200,-31400,Multi-vehicle Collision,Side Collision,Minor Damage,Ambulance,12,3,YES,2,3,YES,34320,8580,4290,21450,N,2908,-16478.949999999997,4.998834770449778,0,0.20635634429835056,1,Low Risk
11,40,500/1000,2000,1217.69,0,FEMALE,MD,prof-specialty,wife,24000,0,Multi-vehicle Collision,Side Collision,Major Damage,Other,6,3,unknown,1,0,unknown,53460,9720,9720,34020,Y,5040,-3908.949999999997,3.499639954737167,1,0.4131439390372062,1,Medium Risk
142,33,100/300,2000,1362.64,5000000,FEMALE,JD,exec-managerial,wife,0,0,Single Vehicle Collision,Side Collision,Total Loss,Other,11,1,YES,1,3,unknown,81360,6780,13560,61020,Y,7278,23091.050000000003,4.499668166064449,1,0.6482380970730437,1,Medium Risk
272,43,100/300,1000,1279.13,0,MALE,PhD,craft-repair,other-relative,0,0,Multi-vehicle Collision,Side Collision,Minor Damage,Ambulance,5,3,unknown,1,2,YES,81070,7370,14740,58960,Y,7136,21031.050000000003,3.9997286479886034,1,0.6305060070498966,1,Medium Risk
69,26,100/300,2000,924.72,0,FEMALE,High School,machine-op-inspct,unmarried,0,0,Single Vehicle Collision,Front Collision,Minor Damage,Fire,14,1,NO,2,2,NO,63120,5260,10520,47340,N,3211,9411.050000000003,4.499572284003421,0,0.18201610964959056,0,Low Risk
38,28,250/500,1000,1019.44,0,MALE,Masters,transport-moving,not-in-family,0,-39700,Vehicle Theft,unknown,Trivial Damage,unknown,17,1,unknown,2,1,NO,7200,1440,720,5040,N,7259,-32888.95,6.990291262135922,0,0.039856637804591664,0,Low Risk
328,46,500/1000,500,1314.6,0,FEMALE,MD,prof-specialty,not-in-family,24800,0,Single Vehicle Collision,Rear Collision,Total Loss,Other,0,1,unknown,2,3,unknown,70290,12780,6390,51120,Y,6823,13191.050000000003,7.9987482397120955,1,0.6432748807872203,1,Medium Risk
281,43,100/300,1000,1515.18,6000000,MALE,College,priv-house-serv,other-relative,0,0,Multi-vehicle Collision,Side Collision,Minor Damage,Fire,21,3,NO,1,0,NO,60190,9260,9260,41670,N,7877,3741.050000000003,4.499514091350826,0,0.276704485109433,1,Low Risk
246,44,250/500,2000,1649.18,0,MALE,College,farming-fishing,other-relative,0,-58600,Single Vehicle Collision,Front Collision,Major Damage,Other,18,1,YES,1,2,YES,61380,11160,5580,44640,Y,4974,6711.050000000003,7.998566565131696,1,0.6989839111038023,1,Medium Risk
298,49,250/500,500,1451.01,0,FEMALE,College,other-service,own-child,47800,0,Single Vehicle Collision,Front Collision,Minor Damage,Ambulance,17,1,NO,2,2,NO,28100,2810,5620,19670,N,2282,-18258.949999999997,3.4993773349937736,0,0.1542923931811857,0,Low Risk
330,50,500/1000,1000,978.46,0,FEMALE,High School,sales,husband,0,0,Single Vehicle Collision,Side Collision,Total Loss,Fire,19,1,YES,0,0,NO,49060,8920,8920,31220,N,4421,-6708.949999999997,3.499607667301872,0,0.25864150319846924,1,Low Risk
362,50,250/500,500,1198.34,4000000,MALE,Associate,sales,wife,53000,-72500,Multi-vehicle Collision,Side Collision,Total Loss,Fire,17,3,unknown,1,1,NO,57060,6340,6340,44380,N,3293,6451.050000000003,6.998896073174578,0,0.3228405877469195,1,Low Risk
241,38,100/300,2000,1003.23,0,FEMALE,Associate,tech-support,not-in-family,0,0,Multi-vehicle Collision,Side Collision,Major Damage,Fire,23,3,unknown,0,3,YES,77880,12980,12980,51920,N,9009,13991.050000000003,3.999691857329944,0,0.3554758101761631,1,Low Risk
245,41,500/1000,2000,1212.0,0,MALE,Masters,exec-managerial,unmarried,24400,-60500,Single Vehicle Collision,Front Collision,Total Loss,Ambulance,4,1,YES,0,1,YES,73500,7350,14700,51450,N,520,13521.050000000003,3.499761920957758,0,0.2006522245224316,1,Low Risk
371,52,250/500,1000,1242.96,7000000,FEMALE,High School,other-service,own-child,0,-37100,Multi-vehicle Collision,Rear Collision,Minor Damage,Other,2,2,YES,2,0,unknown,88920,6840,13680,68400,N,6342,30471.050000000003,4.999634529639646,0,0.1598017324742992,0,Low Risk
343,52,500/1000,1000,1053.02,0,FEMALE,Associate,prof-specialty,not-in-family,0,0,Single Vehicle Collision,Front Collision,Major Damage,Other,2,1,unknown,0,2,NO,47630,12990,4330,30310,Y,4774,-7618.949999999997,6.998383745093512,1,0.62598760238392,1,Medium Risk
377,53,100/300,500,1693.63,0,FEMALE,MD,craft-repair,unmarried,0,-64000,Multi-vehicle Collision,Front Collision,Total Loss,Fire,10,3,YES,1,3,NO,59040,6560,6560,45920,N,6742,7991.050000000003,6.998933089468069,0,0.4094041304520339,1,Medium Risk
154,37,250/500,1000,2047.59,0,FEMALE,MD,farming-fishing,other-relative,0,-67800,Single Vehicle Collision,Rear Collision,Minor Damage,Other,2,1,unknown,0,3,NO,79530,14460,7230,57840,N,1807,19911.050000000003,7.998893652330245,0,0.2377660741345465,1,Low Risk
166,34,100/300,1000,1083.72,0,FEMALE,High School,machine-op-inspct,wife,65600,-68200,Single Vehicle Collision,Side Collision,Total Loss,Other,18,1,NO,0,2,YES,53680,4880,4880,43920,N,129,5991.050000000003,8.998156115550092,0,0.15904291586837097,0,Low Risk
298,46,500/1000,1000,1138.42,6000000,MALE,JD,prof-specialty,own-child,36900,-55000,Single Vehicle Collision,Side Collision,Minor Damage,Police,18,1,NO,2,3,YES,33550,3050,6100,24400,N,2847,-13528.949999999997,3.9993443697754465,0,0.08130718402803776,0,Low Risk
235,42,250/500,500,1072.62,0,FEMALE,Masters,machine-op-inspct,husband,39900,-60200,Multi-vehicle Collision,Side Collision,Total Loss,Other,7,4,unknown,2,1,YES,69100,6910,6910,55280,N,8915,17351.050000000003,7.998842425119375,0,0.23403997169770213,1,Low Risk
172,35,100/300,2000,1219.04,0,MALE,MD,handlers-cleaners,own-child,63600,-68700,Multi-vehicle Collision,Rear Collision,Major Damage,Police,19,3,unknown,2,0,NO,79750,14500,14500,50750,N,3766,12821.050000000003,3.499758637335356,0,0.3023052206973461,1,Low Risk
27,28,100/300,2000,1371.78,0,MALE,JD,farming-fishing,other-relative,0,-32500,Multi-vehicle Collision,Front Collision,Major Damage,Other,10,3,unknown,0,2,YES,53600,5360,10720,37520,Y,7100,-408.9499999999971,3.499673537916239,1,0.7869795552708521,1,High Risk
428,54,100/300,2000,1506.21,0,MALE,Masters,transport-moving,unmarried,0,-24400,Multi-vehicle Collision,Side Collision,Minor Damage,Fire,16,3,NO,1,0,unknown,76560,12760,6380,57420,N,4005,19491.050000000003,8.998589562764456,0,0.19915539184340014,0,Low Risk
99,32,100/300,1000,1058.21,3000000,MALE,JD,craft-repair,unmarried,0,0,Single Vehicle Collision,Front Collision,Total Loss,Fire,17,1,YES,1,1,NO,41130,4570,4570,31990,N,171,-5938.949999999997,6.998468606431853,0,0.14609302742137442,0,Low Risk
107,26,500/1000,2000,932.14,0,MALE,MD,sales,own-child,40600,0,Multi-vehicle Collision,Rear Collision,Total Loss,Fire,2,3,NO,2,3,NO,78650,14300,7150,57200,Y,6504,19271.050000000003,7.998881275346106,1,0.6868237014709944,1,Medium Risk
272,41,500/1000,2000,1608.34,0,FEMALE,Associate,farming-fishing,own-child,33300,-10600,Single Vehicle Collision,Side Collision,Major Damage,Other,19,1,unknown,1,1,unknown,71060,6460,12920,51680,N,8687,13751.050000000003,3.9996904264375823,0,0.43035206538520127,1,Medium Risk
151,37,500/1000,1000,1728.56,0,FEMALE,Masters,farming-fishing,own-child,54000,0,Single Vehicle Collision,Front Collision,Minor Damage,Fire,0,1,YES,1,1,unknown,38830,3530,3530,31770,N,8220,-6158.949999999997,8.997451146983858,0,0.11707836765054981,0,Low Risk
249,43,250/500,1000,1518.46,0,FEMALE,MD,armed-forces,own-child,0,0,Single Vehicle Collision,Front Collision,Major Damage,Fire,16,1,unknown,0,0,YES,53500,5350,5350,42800,N,510,4871.050000000003,7.998504952345356,0,0.41031536488206505,1,Medium Risk
177,38,100/300,2000,1540.19,0,FEMALE,College,adm-clerical,other-relative,0,-74500,Single Vehicle Collision,Front Collision,Major Damage,Other,20,1,YES,2,0,NO,73700,7370,7370,58960,Y,1123,21031.050000000003,7.998914665581332,1,0.7089017832894051,1,High Risk
190,40,500/1000,2000,965.21,0,FEMALE,JD,exec-managerial,other-relative,36900,-53700,Parked Car,unknown,Trivial Damage,unknown,10,1,unknown,2,1,YES,6300,630,630,5040,N,2928,-32888.95,7.9873217115689386,0,0.1349751019497011,0,Low Risk
174,36,100/300,2000,1278.75,0,FEMALE,College,tech-support,own-child,53200,-53800,Multi-vehicle Collision,Rear Collision,Total Loss,Ambulance,21,3,unknown,2,2,NO,65400,10900,10900,43600,N,3402,5671.050000000003,3.999633061187047,0,0.2566429175329154,1,Low Risk
95,28,250/500,1000,773.99,0,MALE,Associate,armed-forces,other-relative,0,-70300,Vehicle Theft,unknown,Trivial Damage,unknown,3,1,YES,1,2,NO,3200,640,320,2240,N,8825,-35688.95,6.978193146417445,0,0.08101088253009837,0,Low Risk
371,51,500/1000,1000,1532.47,0,FEMALE,Associate,tech-support,other-relative,60300,-24700,Single Vehicle Collision,Rear Collision,Major Damage,Fire,7,1,YES,0,3,YES,75400,7540,15080,52780,Y,3383,14851.050000000003,3.499767919899211,1,0.57546868139727,1,Medium Risk
2,28,250/500,1000,1340.56,0,FEMALE,JD,machine-op-inspct,not-in-family,0,0,Single Vehicle Collision,Side Collision,Minor Damage,Fire,19,1,YES,0,2,YES,58140,6460,6460,45220,N,5719,7291.050000000003,6.998916576381365,0,0.24060336936445006,1,Low Risk
269,44,100/300,500,1297.75,4000000,FEMALE,JD,other-service,own-child,0,-41400,Multi-vehicle Collision,Rear Collision,Total Loss,Ambulance,15,3,unknown,0,1,unknown,98670,15180,15180,68310,Y,4425,30381.050000000003,4.499703576839471,1,0.6618841917645272,1,Medium Risk
101,27,250/500,1000,433.33,0,MALE,Masters,machine-op-inspct,other-relative,25900,0,Parked Car,unknown,Minor Damage,unknown,7,1,unknown,0,3,NO,5900,1180,590,4130,N,2883,-33798.95,6.988155668358714,0,0.06894744440117004,0,Low Risk
94,30,250/500,2000,1025.54,0,FEMALE,High School,armed-forces,other-relative,0,-52600,Single Vehicle Collision,Rear Collision,Major Damage,Fire,19,1,unknown,1,3,YES,64100,6410,6410,51280,N,4739,13351.050000000003,7.998752144751209,0,0.5375953160952719,1,Medium Risk
117,28,250/500,500,1264.77,0,FEMALE,Associate,transport-moving,unmarried,47500,-32500,Multi-vehicle Collision,Rear Collision,Total Loss,Fire,13,2,YES,0,1,unknown,55440,5040,10080,40320,Y,4308,2391.050000000003,3.9996032139668682,1,0.6503205938231187,1,Medium Risk
111,27,250/500,500,1459.97,5000000,MALE,MD,sales,other-relative,0,0,Multi-vehicle Collision,Side Collision,Major Damage,Police,2,3,NO,1,2,NO,80850,7350,14700,58800,Y,4541,20871.050000000003,3.999727909666009,1,0.6056652735111558,1,Medium Risk
242,40,100/300,500,1238.65,0,FEMALE,High School,transport-moving,husband,0,-44600,Vehicle Theft,unknown,Trivial Damage,Police,5,1,YES,1,1,NO,7480,680,680,6120,N,6195,-31808.949999999997,8.986784140969164,0,0.0473477075057419,0,Low Risk
440,61,250/500,500,1050.76,0,MALE,PhD,transport-moving,wife,41500,-70200,Single Vehicle Collision,Side Collision,Major Damage,Fire,21,1,unknown,2,3,NO,53640,5960,5960,41720,Y,8182,3791.050000000003,6.998825700385841,1,0.7763683662624603,1,High Risk
20,23,500/1000,1000,1711.72,0,FEMALE,JD,tech-support,wife,0,0,Multi-vehicle Collision,Rear Collision,Major Damage,Fire,21,3,NO,2,2,NO,63250,5750,11500,46000,Y,5736,8071.050000000003,3.99965220415616,1,0.7434724062435872,1,High Risk
461,57,100/300,500,865.33,7000000,FEMALE,High School,farming-fishing,own-child,0,0,Multi-vehicle Collision,Side Collision,Major Damage,Ambulance,7,3,NO,0,1,unknown,59040,9840,9840,39360,N,6235,1431.050000000003,3.9995935372421503,0,0.3129588981449365,1,Low Risk
208,36,250/500,500,1153.49,0,MALE,Associate,craft-repair,other-relative,0,0,Multi-vehicle Collision,Side Collision,Total Loss,Other,16,3,YES,1,0,YES,50500,10100,5050,35350,N,5362,-2578.949999999997,6.99861413581469,0,0.1353384638961346,0,Low Risk
279,43,500/1000,2000,1281.25,0,MALE,Associate,machine-op-inspct,other-relative,0,0,Single Vehicle Collision,Side Collision,Major Damage,Police,13,1,YES,0,1,NO,57690,6410,12820,38460,Y,7208,531.0500000000029,2.9997660088916622,1,0.7495395494004282,1,High Risk
244,40,100/300,500,1342.8,0,FEMALE,MD,sales,husband,0,0,Vehicle Theft,unknown,Trivial Damage,Police,2,1,YES,1,3,YES,5940,660,660,4620,N,3153,-33308.95,6.989409984871407,0,0.07677909105632721,0,Low Risk
134,30,250/500,2000,1443.32,0,FEMALE,PhD,exec-managerial,unmarried,0,0,Multi-vehicle Collision,Rear Collision,Major Damage,Fire,19,3,unknown,0,2,YES,47790,5310,5310,37170,Y,2658,-758.9499999999971,6.9986819807945775,1,0.7597864473705193,1,High Risk
122,29,250/500,1000,1629.94,0,FEMALE,Masters,priv-house-serv,other-relative,0,-47100,Parked Car,unknown,Trivial Damage,unknown,17,1,unknown,0,1,NO,3850,350,350,3150,N,8474,-34778.95,8.974358974358974,0,0.0890043539718316,0,Low Risk
156,31,100/300,2000,1134.08,0,MALE,PhD,other-service,husband,0,0,Single Vehicle Collision,Front Collision,Major Damage,Police,3,1,unknown,2,0,unknown,59000,5900,5900,47200,Y,6713,9271.050000000003,7.998644297576682,1,0.5286221728940874,1,Medium Risk
232,43,250/500,500,1483.91,8000000,MALE,College,machine-op-inspct,husband,0,-33600,Multi-vehicle Collision,Rear Collision,Major Damage,Ambulance,17,3,NO,0,1,unknown,70600,7060,14120,49420,Y,4995,11491.050000000003,3.499752142199561,1,0.5368065531981384,1,Medium Risk
244,40,500/1000,2000,1304.67,7000000,MALE,Masters,armed-forces,other-relative,0,-45000,Multi-vehicle Collision,Side Collision,Minor Damage,Police,5,3,unknown,1,1,unknown,61490,5590,11180,44720,N,5631,6791.050000000003,3.999642250245953,0,0.17410385998801903,0,Low Risk
84,30,500/1000,2000,1035.79,0,FEMALE,MD,protective-serv,wife,44400,-51500,Single Vehicle Collision,Side Collision,Minor Damage,Police,9,1,NO,1,0,YES,57640,5240,10480,41920,N,4246,3991.050000000003,3.999618357027001,0,0.255794415820783,1,Low Risk
394,57,250/500,500,1401.2,0,FEMALE,High School,craft-repair,own-child,51500,0,Vehicle Theft,unknown,Trivial Damage,Police,9,1,NO,1,0,NO,6890,1060,1060,4770,N,5780,-33158.95,4.495758718190387,0,0.082635853593784,0,Low Risk
246,45,250/500,1000,1665.45,0,MALE,JD,machine-op-inspct,wife,34400,-33100,Multi-vehicle Collision,Side Collision,Major Damage,Fire,9,3,unknown,2,2,unknown,53280,11840,5920,35520,Y,5839,-2408.949999999997,5.998986657659179,1,0.7685828332828843,1,High Risk
35,29,500/1000,2000,653.66,0,FEMALE,JD,handlers-cleaners,unmarried,52100,-46900,Multi-vehicle Collision,Rear Collision,Minor Damage,Fire,22,3,NO,0,0,unknown,78300,15660,7830,54810,N,1279,16881.050000000003,6.999106116715617,0,0.24591206061765872,1,Low Risk
156,37,100/300,500,1080.13,0,MALE,Associate,protective-serv,other-relative,0,-61000,Multi-vehicle Collision,Rear Collision,Major Damage,Ambulance,15,3,YES,0,3,NO,41490,4610,4610,32270,N,1651,-5658.949999999997,6.998481891129907,0,0.26831634891696704,1,Low Risk
195,36,100/300,2000,1346.18,0,FEMALE,Associate,machine-op-inspct,wife,57800,-53300,Multi-vehicle Collision,Front Collision,Total Loss,Fire,14,3,YES,2,3,YES,68970,12540,6270,50160,N,4859,12231.050000000003,7.998724286397704,0,0.28463291247285755,1,Low Risk
369,55,250/500,2000,1589.54,0,MALE,College,handlers-cleaners,husband,55400,0,Multi-vehicle Collision,Rear Collision,Minor Damage,Police,6,3,unknown,2,0,YES,85300,17060,8530,59710,N,652,21781.050000000003,6.999179463134451,0,0.15170799729965875,0,Low Risk
271,40,100/300,1000,1251.65,0,FEMALE,Associate,other-service,wife,71200,0,Parked Car,unknown,Minor Damage,unknown,6,1,NO,0,0,NO,3080,560,280,2240,N,7014,-35688.95,7.97153024911032,0,0.09988413736840382,0,Low Risk
332,47,100/300,2000,1083.01,0,MALE,MD,craft-repair,other-relative,91900,0,Multi-vehicle Collision,Front Collision,Major Damage,Police,22,4,YES,2,0,unknown,71760,11040,11040,49680,Y,8492,11751.050000000003,4.499592428222082,1,0.7241293842629463,1,High Risk
107,26,100/300,500,974.59,0,FEMALE,JD,armed-forces,wife,62800,0,Multi-vehicle Collision,Rear Collision,Minor Damage,Ambulance,14,3,unknown,1,0,NO,59700,11940,11940,35820,N,244,-2108.949999999997,2.9997487647600702,0,0.14948439437421437,0,Low Risk
217,39,500/1000,2000,1399.85,0,FEMALE,Masters,other-service,other-relative,49900,-19800,Multi-vehicle Collision,Front Collision,Minor Damage,Fire,16,3,NO,0,2,unknown,64920,10820,10820,43280,N,8336,5351.050000000003,3.9996303483966362,0,0.17993129196249222,0,Low Risk
243,43,500/1000,500,1307.74,0,FEMALE,Associate,machine-op-inspct,own-child,0,-75700,Multi-vehicle Collision,Front Collision,Major Damage,Ambulance,10,3,unknown,0,1,NO,37530,4170,4170,29190,N,3281,-8738.949999999997,6.9983217453848,0,0.2586947151902305,1,Low Risk
296,42,250/500,2000,1219.27,0,MALE,Associate,tech-support,husband,53100,-63400,Multi-vehicle Collision,Side Collision,Total Loss,Ambulance,9,3,YES,1,2,NO,64080,7120,7120,49840,N,4355,11911.050000000003,6.999016991995506,0,0.26142045014900994,1,Low Risk
264,41,100/300,500,1411.3,0,MALE,PhD,prof-specialty,unmarried,55600,0,Single Vehicle Collision,Rear Collision,Minor Damage,Other,4,1,NO,1,0,unknown,60390,10980,5490,43920,Y,4498,5991.050000000003,7.9985430704789655,1,0.5345440480450471,1,Medium Risk
108,33,100/300,2000,694.45,0,FEMALE,JD,armed-forces,not-in-family,0,0,Multi-vehicle Collision,Side Collision,Major Damage,Police,6,3,unknown,0,1,YES,64350,5850,11700,46800,Y,9124,8871.050000000003,3.9996581488761644,1,0.5112157745187169,1,Medium Risk
32,38,100/300,500,1006.77,6000000,FEMALE,College,other-service,own-child,0,0,Multi-vehicle Collision,Side Collision,Minor Damage,Police,15,3,YES,2,1,YES,70900,14180,7090,49630,N,1793,11701.050000000003,6.9990128331688055,0,0.23590132971887537,1,Low Risk
259,39,250/500,1000,1422.36,0,FEMALE,JD,craft-repair,unmarried,0,-83900,Multi-vehicle Collision,Side Collision,Minor Damage,Fire,12,3,NO,1,3,unknown,46560,7760,7760,31040,N,7067,-6888.949999999997,3.999484602499678,0,0.2151101148118466,1,Low Risk
186,33,100/300,1000,1348.32,0,FEMALE,Associate,craft-repair,wife,37600,-37600,Vehicle Theft,unknown,Trivial Damage,Police,3,1,NO,2,1,unknown,4730,860,860,3010,Y,1782,-34918.95,3.4959349593495936,1,0.6474334327186829,1,Medium Risk
201,40,250/500,2000,1315.56,0,FEMALE,PhD,transport-moving,not-in-family,0,0,Vehicle Theft,unknown,Minor Damage,Police,14,1,YES,0,0,YES,6820,1240,1240,4340,N,8453,-33588.95,3.4971796937953266,0,0.07418527219209568,0,Low Risk
436,58,250/500,2000,1407.01,5000000,MALE,PhD,tech-support,other-relative,47400,-27600,Single Vehicle Collision,Rear Collision,Major Damage,Police,10,1,unknown,0,2,unknown,59900,11980,5990,41930,Y,4638,4001.050000000003,6.9988315807043895,1,0.6495914159271613,1,Medium Risk
189,36,250/500,2000,1388.58,0,FEMALE,MD,priv-house-serv,own-child,0,-49400,Multi-vehicle Collision,Side Collision,Major Damage,Police,17,3,unknown,1,3,YES,79560,13260,13260,53040,N,2848,15111.050000000003,3.999698363622653,0,0.33612305375560564,1,Low Risk
105,33,500/1000,500,1310.76,0,FEMALE,High School,adm-clerical,not-in-family,0,-40900,Single Vehicle Collision,Front Collision,Total Loss,Other,8,1,YES,0,1,unknown,70290,12780,6390,51120,N,6798,13191.050000000003,7.9987482397120955,0,0.34754702816526467,1,Low Risk
163,31,100/300,1000,1004.63,6000000,MALE,JD,priv-house-serv,not-in-family,26900,0,Multi-vehicle Collision,Rear Collision,Total Loss,Ambulance,14,3,YES,2,0,NO,63910,5810,11620,46480,N,4664,8551.050000000003,3.9996557955425525,0,0.40915473581591155,1,Medium Risk
219,40,100/300,500,1134.91,0,FEMALE,Associate,transport-moving,not-in-family,68700,0,Vehicle Theft,unknown,Trivial Damage,unknown,6,1,unknown,1,0,NO,6400,640,640,5120,N,3014,-32808.95,7.9875195007800315,0,0.046423366761756374,0,Low Risk
88,25,250/500,1000,1194.0,0,FEMALE,JD,handlers-cleaners,husband,0,0,Single Vehicle Collision,Rear Collision,Major Damage,Ambulance,6,1,YES,1,2,YES,66780,7420,7420,51940,Y,2668,14011.050000000003,6.9990567308988005,1,0.5766779291765665,1,Medium Risk
40,39,500/1000,1000,1248.25,4000000,FEMALE,College,sales,own-child,0,-33300,Parked Car,unknown,Minor Damage,Police,8,1,NO,0,2,unknown,8760,1460,1460,5840,N,5058,-32088.949999999997,3.997262149212868,0,0.035511883062130954,0,Low Risk
284,42,100/300,500,1338.54,-1000000,MALE,Associate,machine-op-inspct,wife,0,0,Single Vehicle Collision,Side Collision,Major Damage,Ambulance,13,1,YES,0,1,unknown,94160,8560,17120,68480,N,7210,30551.050000000003,3.99976636878687,0,0.5178072684664715,1,Medium Risk
59,40,250/500,2000,782.23,0,MALE,College,protective-serv,other-relative,64200,-32300,Multi-vehicle Collision,Front Collision,Total Loss,Ambulance,0,3,unknown,0,2,NO,51570,5730,11460,34380,N,1227,-3548.949999999997,2.999738242736236,0,0.11067862395499713,0,Low Risk
39,31,250/500,2000,1366.9,0,FEMALE,High School,handlers-cleaners,husband,0,-15700,Multi-vehicle Collision,Rear Collision,Major Damage,Fire,14,3,unknown,1,0,NO,52700,10540,10540,31620,Y,4383,-6308.949999999997,2.9997153970211556,1,0.6677278189603939,1,Medium Risk
147,34,500/1000,1000,1275.81,0,MALE,High School,sales,wife,0,-48300,Single Vehicle Collision,Side Collision,Minor Damage,Fire,13,1,YES,2,2,unknown,101010,15540,15540,69930,N,1450,32001.050000000003,4.499710443343414,0,0.23392870164626356,1,Low Risk
156,37,250/500,500,1090.65,0,MALE,High School,exec-managerial,unmarried,0,-51800,Multi-vehicle Collision,Rear Collision,Minor Damage,Police,16,4,unknown,1,2,YES,53400,5340,5340,42720,Y,8011,4791.050000000003,7.99850215315484,1,0.3785141288592034,1,Low Risk
123,31,250/500,500,1326.0,0,FEMALE,Associate,prof-specialty,wife,0,-54600,Single Vehicle Collision,Side Collision,Total Loss,Fire,13,1,unknown,1,2,NO,72120,12020,12020,48080,N,3483,10151.050000000003,3.99966724898095,0,0.3097649384166745,1,Low Risk
231,43,250/500,2000,972.47,0,MALE,College,protective-serv,wife,0,-58100,Multi-vehicle Collision,Front Collision,Minor Damage,Police,15,3,YES,2,2,YES,77100,7710,15420,53970,N,3151,16041.050000000003,3.4997730367680435,0,0.21855502609029226,1,Low Risk
247,39,100/300,500,806.31,0,FEMALE,College,handlers-cleaners,wife,0,0,Parked Car,unknown,Trivial Damage,Police,3,1,unknown,2,3,unknown,3300,600,0,2700,N,7750,-35228.95,2700.0,0,0.08850586606646173,0,Low Risk
194,35,500/1000,500,1416.24,0,FEMALE,MD,adm-clerical,not-in-family,0,0,Parked Car,unknown,Minor Damage,unknown,7,1,YES,1,0,unknown,5940,1080,540,4320,N,1079,-33608.95,7.985212569316081,0,0.19159473262527899,0,Low Risk
119,27,250/500,2000,1097.64,0,MALE,High School,transport-moving,other-relative,27100,0,Multi-vehicle Collision,Rear Collision,Major Damage,Other,16,2,NO,1,0,unknown,63720,7080,21240,35400,N,6394,-2528.949999999997,1.6665882020620497,0,0.4372111063862416,1,Medium Risk
259,43,100/300,500,947.75,0,FEMALE,Masters,farming-fishing,not-in-family,0,-39300,Vehicle Theft,unknown,Trivial Damage,Police,15,1,NO,1,3,NO,7680,1280,640,5760,N,2039,-32168.949999999997,8.985959438377535,0,0.10689839058181458,0,Low Risk
107,31,100/300,2000,1018.73,5000000,MALE,Associate,handlers-cleaners,own-child,20000,-82700,Multi-vehicle Collision,Side Collision,Total Loss,Police,21,3,YES,1,2,unknown,93730,14420,21630,57680,N,7368,19751.050000000003,2.666543386805973,0,0.3974731904406995,1,Low Risk
48,44,100/300,2000,1400.74,0,MALE,College,sales,other-relative,34000,-55600,Multi-vehicle Collision,Rear Collision,Major Damage,Police,23,3,YES,0,2,unknown,87300,17460,17460,52380,N,6561,14451.050000000003,2.999828188534448,0,0.3563061065824951,1,Low Risk
267,40,250/500,500,1155.53,5000000,MALE,JD,transport-moving,wife,0,-35200,Parked Car,unknown,Trivial Damage,Police,5,1,unknown,0,2,NO,5670,1260,630,3780,N,1933,-34148.95,5.990491283676704,0,0.05121348214623339,0,Low Risk
286,47,250/500,500,1386.93,0,MALE,High School,priv-house-serv,husband,54100,-77600,Multi-vehicle Collision,Rear Collision,Minor Damage,Other,15,3,YES,0,0,NO,65800,13160,6580,46060,N,4441,8131.050000000003,6.998936331864458,0,0.1834333508646018,0,Low Risk
175,34,100/300,500,915.29,0,FEMALE,JD,handlers-cleaners,wife,82400,-57100,Single Vehicle Collision,Front Collision,Major Damage,Other,14,1,unknown,2,1,YES,36720,4080,4080,28560,Y,7210,-9368.949999999997,6.998284734133791,1,0.3422445264424981,1,Low Risk
111,29,250/500,500,1239.55,2000000,FEMALE,PhD,farming-fishing,own-child,0,0,Single Vehicle Collision,Side Collision,Major Damage,Fire,1,1,unknown,1,1,YES,52800,4800,9600,38400,Y,1448,471.0500000000029,3.9995833767315903,1,0.7827617524762741,1,High Risk
151,37,250/500,500,1366.42,0,FEMALE,Associate,protective-serv,unmarried,44000,0,Multi-vehicle Collision,Rear Collision,Total Loss,Fire,14,3,NO,1,2,YES,59100,5910,5910,47280,Y,850,9351.050000000003,7.998646591101337,1,0.5891707361168468,1,Medium Risk
156,37,500/1000,1000,1086.48,6000000,MALE,Associate,machine-op-inspct,unmarried,0,-53800,Multi-vehicle Collision,Rear Collision,Total Loss,Other,17,3,unknown,1,1,YES,77440,14080,7040,56320,N,8496,18391.050000000003,7.998863797756001,0,0.24612238651999593,1,Low Risk
165,36,250/500,2000,1247.87,0,MALE,Masters,armed-forces,husband,0,-39700,Multi-vehicle Collision,Side Collision,Total Loss,Fire,20,3,NO,2,2,NO,45700,4570,4570,36560,N,1566,-1368.949999999997,7.998249835922118,0,0.21098237456013028,1,Low Risk
253,41,100/300,2000,1312.75,0,FEMALE,PhD,sales,other-relative,81300,0,Multi-vehicle Collision,Rear Collision,Major Damage,Other,10,3,NO,2,2,YES,80740,7340,14680,58720,Y,631,20791.050000000003,3.999727538995981,1,0.7366451901068424,1,High Risk
10,26,100/300,2000,765.64,0,MALE,MD,sales,not-in-family,0,-22200,Multi-vehicle Collision,Front Collision,Major Damage,Ambulance,3,3,unknown,0,3,unknown,31350,2850,5700,22800,Y,2441,-15128.949999999997,3.9992983687072443,1,0.6502870610565944,1,Medium Risk
158,33,100/300,2000,1327.41,0,FEMALE,Associate,handlers-cleaners,other-relative,0,-38600,Single Vehicle Collision,Side Collision,Total Loss,Other,0,1,unknown,0,0,unknown,35000,3500,7000,24500,N,396,-13428.949999999997,3.499500071418369,0,0.12374447430478272,0,Low Risk
436,59,500/1000,1000,1338.55,0,MALE,PhD,protective-serv,own-child,39000,0,Multi-vehicle Collision,Side Collision,Total Loss,Police,10,3,unknown,2,2,NO,68000,13600,6800,47600,N,1605,9671.050000000003,6.998970739597118,0,0.23717289153035154,1,Low Risk
91,30,250/500,2000,1316.63,8000000,FEMALE,Masters,machine-op-inspct,unmarried,43900,0,Multi-vehicle Collision,Side Collision,Minor Damage,Other,13,3,YES,2,0,unknown,84500,13000,13000,58500,N,1665,20571.050000000003,4.499653872779017,0,0.17062749775151406,0,Low Risk
256,42,500/1000,1000,1286.44,0,FEMALE,MD,transport-moving,wife,0,-39500,Single Vehicle Collision,Rear Collision,Minor Damage,Police,14,1,NO,2,1,unknown,75500,7550,15100,52850,N,8322,14921.050000000003,3.4997682272697173,0,0.18572224347526964,0,Low Risk
274,46,500/1000,1000,1372.18,0,MALE,High School,exec-managerial,not-in-family,0,0,Multi-vehicle Collision,Side Collision,Total Loss,Other,22,3,NO,1,3,unknown,90600,15100,15100,60400,N,6553,22471.050000000003,3.999735116879677,0,0.1496745754644722,0,Low Risk
275,45,500/1000,2000,1447.77,0,FEMALE,Associate,adm-clerical,wife,39400,-63900,Multi-vehicle Collision,Side Collision,Total Loss,Ambulance,8,3,YES,1,1,unknown,64320,5360,10720,48240,N,8444,10311.050000000003,4.499580263035164,0,0.25032516555320666,1,Low Risk
1,33,250/500,500,903.32,0,FEMALE,High School,transport-moving,not-in-family,0,0,Multi-vehicle Collision,Rear Collision,Minor Damage,Police,1,3,unknown,1,0,unknown,31700,6340,3170,22190,N,7062,-15738.949999999997,6.997792494481236,0,0.14572965740360613,0,Low Risk
85,30,500/1000,1000,1454.42,0,MALE,Associate,protective-serv,other-relative,51600,-73900,Single Vehicle Collision,Side Collision,Major Damage,Other,19,1,YES,0,1,YES,74280,12380,12380,49520,Y,7764,11591.050000000003,3.999676924319522,1,0.7176121510811478,1,High Risk
233,37,100/300,2000,1603.42,0,FEMALE,High School,sales,wife,61600,-30200,Single Vehicle Collision,Front Collision,Total Loss,Fire,17,1,YES,0,2,YES,80520,13420,6710,60390,N,8496,22461.050000000003,8.99865891819401,0,0.32594773667000043,1,Low Risk
142,30,250/500,2000,1616.58,0,MALE,JD,adm-clerical,husband,58500,-46800,Multi-vehicle Collision,Rear Collision,Major Damage,Other,13,3,YES,0,3,YES,63600,6360,12720,44520,N,4593,6591.050000000003,3.4997248643974532,0,0.5565465545595015,1,Medium Risk
266,44,250/500,500,1611.83,0,MALE,High School,handlers-cleaners,husband,0,0,Single Vehicle Collision,Front Collision,Total Loss,Police,4,1,unknown,1,2,YES,32800,3280,3280,26240,N,5505,-11688.949999999997,7.997561718988114,0,0.09906444824453951,0,Low Risk
350,50,500/1000,500,889.13,0,FEMALE,Masters,priv-house-serv,other-relative,0,0,Multi-vehicle Collision,Rear Collision,Total Loss,Police,14,3,NO,0,2,NO,44190,9820,4910,29460,N,3527,-8468.949999999997,5.99877825290165,0,0.14774689769959365,0,Low Risk
97,26,250/500,1000,1252.08,0,MALE,College,exec-managerial,not-in-family,0,0,Multi-vehicle Collision,Rear Collision,Major Damage,Other,4,2,YES,2,2,NO,50400,10080,5040,35280,Y,8497,-2648.949999999997,6.998611386629637,1,0.5442184109849089,1,Medium Risk
399,55,500/1000,2000,995.56,0,MALE,JD,tech-support,not-in-family,0,-65400,Multi-vehicle Collision,Side Collision,Total Loss,Police,23,3,YES,1,1,YES,88400,17680,8840,61880,N,7969,23951.050000000003,6.999208234362628,0,0.236391196280586,1,Low Risk
305,49,100/300,2000,1347.92,0,FEMALE,High School,farming-fishing,own-child,0,-42100,Multi-vehicle Collision,Front Collision,Total Loss,Fire,21,3,YES,0,2,unknown,66550,12100,6050,48400,N,2004,10471.050000000003,7.9986779044785985,0,0.20740187292902287,1,Low Risk
276,47,100/300,1000,1724.09,0,MALE,PhD,craft-repair,own-child,0,0,Multi-vehicle Collision,Rear Collision,Minor Damage,Police,23,3,YES,0,0,unknown,65780,5980,11960,47840,N,7878,9911.050000000003,3.99966557980102,0,0.12846757545962978,0,Low Risk
257,40,250/500,500,1379.93,0,MALE,MD,armed-forces,husband,0,0,Multi-vehicle Collision,Side Collision,Major Damage,Other,6,3,unknown,0,2,YES,51810,9420,4710,37680,Y,929,-248.9499999999971,7.998301846741668,1,0.7825975913004556,1,High Risk
78,31,250/500,1000,1554.64,4000000,MALE,PhD,protective-serv,own-child,0,-27900,Single Vehicle Collision,Front Collision,Major Damage,Other,21,1,NO,1,0,NO,55660,5060,10120,40480,Y,5853,2551.050000000003,3.9996047821361524,1,0.7506812798816684,1,High Risk
129,28,500/1000,1000,1377.94,0,MALE,Masters,machine-op-inspct,not-in-family,0,0,Single Vehicle Collision,Side Collision,Major Damage,Fire,23,1,unknown,2,3,unknown,44640,9920,4960,29760,N,9129,-8168.949999999997,5.9987905664180605,0,0.24215773720081932,1,Low Risk
283,46,500/1000,2000,1313.33,0,FEMALE,PhD,transport-moving,husband,53500,-73600,Multi-vehicle Collision,Front Collision,Major Damage,Ambulance,3,3,unknown,1,3,NO,77660,7060,14120,56480,Y,5245,18551.050000000003,3.999716733942355,1,0.7796273378888746,1,High Risk
85,25,250/500,500,1259.02,0,FEMALE,JD,tech-support,unmarried,67000,-53600,Parked Car,unknown,Trivial Damage,unknown,8,1,NO,2,2,unknown,5640,940,940,3760,N,2357,-34168.95,3.995749202975558,0,0.037042547137341855,0,Low Risk
101,26,500/1000,1000,1371.88,0,FEMALE,MD,prof-specialty,husband,0,0,Parked Car,unknown,Trivial Damage,unknown,4,1,unknown,2,2,unknown,3190,580,580,2030,N,8587,-35898.95,3.4939759036144578,0,0.11757207288514829,0,Low Risk
96,30,100/300,500,1399.27,6000000,MALE,College,prof-specialty,wife,38900,-48700,Single Vehicle Collision,Side Collision,Total Loss,Fire,22,1,unknown,0,0,YES,53440,0,6680,46760,N,4900,8831.050000000003,6.998952252656788,0,0.3137692735758269,1,Low Risk
121,31,500/1000,1000,1061.98,6000000,FEMALE,JD,armed-forces,unmarried,0,0,Single Vehicle Collision,Rear Collision,Minor Damage,Police,16,1,NO,0,1,YES,65250,7250,7250,50750,N,2884,12821.050000000003,6.999034615915046,0,0.2647779029700851,1,Low Risk
176,39,250/500,500,1365.46,4000000,MALE,College,armed-forces,unmarried,0,-56600,Multi-vehicle Collision,Side Collision,Minor Damage,Fire,14,3,NO,2,1,NO,44280,4920,4920,34440,N,1538,-3488.949999999997,6.998577524893315,0,0.19166342782181994,0,Low Risk
159,37,500/1000,1000,894.4,0,MALE,Associate,tech-support,wife,0,-53700,Single Vehicle Collision,Rear Collision,Total Loss,Police,13,1,YES,2,0,NO,70290,7810,7810,54670,N,5976,16741.050000000003,6.999103827934963,0,0.28468112157873005,1,Low Risk
120,30,250/500,500,956.69,0,FEMALE,Associate,priv-house-serv,husband,39600,-64300,Single Vehicle Collision,Front Collision,Minor Damage,Other,20,1,unknown,1,1,YES,87100,8710,8710,69680,N,4588,31751.050000000003,7.999081620939043,0,0.20122141897393508,1,Low Risk
212,35,500/1000,2000,1123.89,0,MALE,MD,priv-house-serv,unmarried,35400,-49200,Multi-vehicle Collision,Front Collision,Total Loss,Fire,0,3,unknown,1,3,unknown,50380,4580,4580,41220,N,9033,3291.050000000003,8.99803536345776,0,0.15101386978390108,0,Low Risk
290,45,100/300,500,1085.03,0,FEMALE,JD,sales,wife,0,-61000,Multi-vehicle Collision,Side Collision,Total Loss,Police,23,3,YES,2,2,NO,64800,12960,6480,45360,Y,6237,7431.050000000003,6.998919919765468,1,0.6530297083134379,1,Medium Risk
299,42,100/300,2000,1437.33,0,FEMALE,Associate,craft-repair,wife,25000,0,Single Vehicle Collision,Rear Collision,Minor Damage,Other,13,1,YES,1,3,NO,70400,12800,12800,44800,N,2410,6871.050000000003,3.4997265838606357,0,0.22965285654643997,1,Low Risk
66,26,250/500,1000,988.29,0,MALE,College,armed-forces,own-child,0,0,Single Vehicle Collision,Rear Collision,Major Damage,Police,8,1,unknown,2,2,YES,57860,0,10520,47340,Y,5925,9411.050000000003,4.499572284003421,1,0.7409225898141051,1,High Risk
334,47,500/1000,500,1238.89,0,MALE,Masters,protective-serv,other-relative,0,0,Vehicle Theft,unknown,Minor Damage,unknown,3,1,unknown,0,3,NO,6240,960,960,4320,N,5000,-33608.95,4.49531737773153,0,0.07473326962471762,0,Low Risk
216,38,100/300,1000,1384.64,5000000,FEMALE,Associate,tech-support,unmarried,0,0,Single Vehicle Collision,Rear Collision,Total Loss,Police,16,1,unknown,2,3,NO,66600,16650,11100,38850,Y,220,921.0500000000029,3.499684713088911,1,0.6023905116692577,1,Medium Risk
86,28,100/300,2000,1595.07,0,MALE,PhD,transport-moving,unmarried,75800,0,Single Vehicle Collision,Side Collision,Minor Damage,Police,19,1,YES,0,2,YES,70920,11820,11820,47280,N,8586,9351.050000000003,3.999661619152356,0,0.1316468179931603,0,Low Risk
429,56,250/500,1000,1127.89,6000000,MALE,Associate,machine-op-inspct,own-child,67400,-43800,Single Vehicle Collision,Rear Collision,Minor Damage,Ambulance,0,1,YES,2,0,YES,39480,6580,6580,26320,N,5891,-11608.949999999997,3.999392189636833,0,0.1137342467082415,0,Low Risk
257,43,500/1000,2000,929.7,6000000,FEMALE,PhD,handlers-cleaners,husband,46400,-74300,Single Vehicle Collision,Front Collision,Total Loss,Other,12,1,unknown,2,2,YES,63240,10540,5270,47430,N,5809,9501.050000000003,8.998292544109278,0,0.17709098428324307,0,Low Risk
15,34,100/300,1000,1829.63,0,MALE,JD,tech-support,not-in-family,56700,0,Multi-vehicle Collision,Side Collision,Total Loss,Other,21,3,YES,1,0,unknown,67650,12300,6150,49200,N,6305,11271.050000000003,7.998699398471794,0,0.30614949116941303,1,Low Risk
230,39,100/300,1000,904.7,7000000,FEMALE,MD,craft-repair,unmarried,68600,-22300,Single Vehicle Collision,Front Collision,Major Damage,Fire,0,1,unknown,1,3,NO,74200,14840,14840,44520,Y,5559,6591.050000000003,2.999797857287245,1,0.47155873166107626,1,Medium Risk
250,43,500/1000,1000,1243.84,0,FEMALE,JD,tech-support,own-child,47900,-73400,Single Vehicle Collision,Side Collision,Minor Damage,Other,22,1,YES,1,3,NO,64900,12980,12980,38940,N,572,1011.0500000000029,2.9997688929974577,0,0.26822008082257137,1,Low Risk
270,44,500/1000,2000,1030.95,0,FEMALE,Associate,machine-op-inspct,other-relative,47200,0,Multi-vehicle Collision,Rear Collision,Major Damage,Ambulance,20,3,unknown,1,0,NO,35900,7180,3590,25130,Y,4231,-12798.949999999997,6.9980506822612085,1,0.5636416131601071,1,Medium Risk
65,26,100/300,500,1285.03,3000000,FEMALE,High School,craft-repair,unmarried,0,-41500,Single Vehicle Collision,Rear Collision,Minor Damage,Fire,0,1,NO,1,3,unknown,52200,5220,10440,36540,N,3422,-1388.949999999997,3.499664783066756,0,0.1834838897958312,0,Low Risk
475,57,100/300,500,1216.56,0,MALE,Masters,adm-clerical,own-child,67400,-83200,Single Vehicle Collision,Front Collision,Minor Damage,Police,20,1,unknown,0,2,NO,78000,6500,13000,58500,N,7287,20571.050000000003,4.499653872779017,0,0.1539364268063544,0,Low Risk
77,27,500/1000,2000,966.26,0,FEMALE,High School,adm-clerical,own-child,56400,-32800,Multi-vehicle Collision,Front Collision,Minor Damage,Ambulance,1,3,YES,0,0,unknown,67200,6720,6720,53760,N,5784,15831.050000000003,7.99880970093736,0,0.15246861788376434,0,Low Risk
256,43,100/300,500,1203.17,0,FEMALE,MD,prof-specialty,unmarried,56700,-65600,Single Vehicle Collision,Rear Collision,Total Loss,Fire,11,1,NO,0,0,unknown,63250,11500,5750,46000,N,55,8071.050000000003,7.998608937576074,0,0.23688840975142952,1,Low Risk
229,37,250/500,2000,1212.12,0,FEMALE,MD,craft-repair,not-in-family,65600,0,Multi-vehicle Collision,Side Collision,Major Damage,Other,14,3,YES,1,1,YES,68760,11460,5730,51570,N,6451,13641.050000000003,8.998429593439191,0,0.3802640031458848,1,Low Risk
110,28,250/500,1000,1573.93,0,MALE,College,other-service,other-relative,30400,0,Multi-vehicle Collision,Side Collision,Minor Damage,Police,20,3,YES,0,2,unknown,65040,10840,10840,43360,N,543,5431.050000000003,3.999631030347754,0,0.22373159025660858,1,Low Risk
177,33,100/300,1000,1609.67,0,MALE,College,adm-clerical,wife,0,-13200,Single Vehicle Collision,Side Collision,Major Damage,Ambulance,22,1,unknown,1,3,unknown,82800,20700,13800,48300,Y,4404,10371.050000000003,3.4997463951887546,1,0.7328314713227028,1,High Risk
292,44,500/1000,500,1097.57,0,MALE,PhD,priv-house-serv,unmarried,0,0,Single Vehicle Collision,Side Collision,Total Loss,Other,12,1,NO,1,0,YES,61700,6170,6170,49360,N,6574,11431.050000000003,7.998703613676875,0,0.22109123410717563,1,Low Risk
451,61,250/500,2000,1618.65,2000000,FEMALE,Associate,transport-moving,unmarried,0,-42600,Multi-vehicle Collision,Rear Collision,Major Damage,Ambulance,3,3,YES,2,1,YES,78100,15620,7810,54670,Y,6075,16741.050000000003,6.999103827934963,1,0.7154168877097561,1,High Risk
61,24,100/300,500,922.67,0,FEMALE,College,priv-house-serv,other-relative,47400,0,Multi-vehicle Collision,Rear Collision,Major Damage,Ambulance,15,3,YES,2,1,unknown,65520,9360,9360,46800,Y,6913,8871.050000000003,4.999465869031086,1,0.74296915714366,1,High Risk
150,30,100/300,1000,1342.02,0,MALE,MD,prof-specialty,own-child,0,0,Parked Car,unknown,Trivial Damage,unknown,8,1,YES,0,2,NO,4500,450,450,3600,N,3755,-34328.95,7.982261640798226,0,0.06547820449720942,0,Low Risk
283,41,100/300,500,1195.01,0,FEMALE,Associate,sales,own-child,60700,-54300,Multi-vehicle Collision,Side Collision,Major Damage,Other,13,3,NO,0,2,unknown,42700,0,6100,36600,Y,805,-1328.949999999997,5.99901655466317,1,0.5439036232747374,1,Medium Risk
291,46,500/1000,1000,994.74,0,FEMALE,High School,adm-clerical,own-child,0,-55300,Parked Car,unknown,Minor Damage,Police,8,1,NO,2,2,YES,5580,620,620,4340,Y,3209,-33588.95,6.988727858293076,1,0.5943177999588403,1,Medium Risk
162,31,100/300,1000,1050.24,0,FEMALE,Masters,adm-clerical,wife,30700,0,Parked Car,unknown,Minor Damage,unknown,7,1,unknown,0,0,NO,3600,360,720,2520,Y,3292,-35408.95,3.495145631067961,1,0.6759067836961798,1,Medium Risk
154,36,250/500,2000,1313.51,7000000,FEMALE,Masters,exec-managerial,own-child,68500,0,Vehicle Theft,unknown,Trivial Damage,unknown,9,1,unknown,2,0,unknown,2800,280,280,2240,N,4066,-35688.95,7.97153024911032,0,0.09994243570607365,0,Low Risk
289,47,500/1000,2000,1102.29,0,FEMALE,Associate,adm-clerical,own-child,73000,-37900,Single Vehicle Collision,Front Collision,Minor Damage,Ambulance,15,1,NO,1,0,YES,54000,6000,6000,42000,N,5663,4071.050000000003,6.998833527745376,0,0.1754977501794622,0,Low Risk
10,19,250/500,1000,1185.78,0,FEMALE,JD,craft-repair,wife,0,-60700,Single Vehicle Collision,Side Collision,Minor Damage,Police,5,1,unknown,0,2,unknown,48950,4450,8900,35600,Y,180,-2328.949999999997,3.999550612290754,1,0.3118969507737736,1,Low Risk
309,47,500/1000,500,1527.95,0,MALE,PhD,exec-managerial,other-relative,69400,0,Multi-vehicle Collision,Rear Collision,Major Damage,Other,15,4,YES,0,1,unknown,77800,15560,15560,46680,N,1357,8751.050000000003,2.9998072103335263,0,0.40032110619010824,1,Medium Risk
396,57,100/300,1000,1366.39,0,MALE,High School,protective-serv,other-relative,0,-22400,Multi-vehicle Collision,Front Collision,Major Damage,Other,22,3,YES,2,1,NO,52560,11680,5840,35040,N,8146,-2888.949999999997,5.998972778633796,0,0.41414632248246885,1,Medium Risk
273,41,500/1000,1000,1403.9,0,FEMALE,PhD,farming-fishing,own-child,0,0,Multi-vehicle Collision,Side Collision,Total Loss,Police,16,2,unknown,1,2,YES,44110,4010,8020,32080,N,1809,-5848.949999999997,3.999501309063708,0,0.1731701307712525,0,Low Risk
129,30,500/1000,2000,927.23,0,FEMALE,PhD,sales,husband,51500,0,Single Vehicle Collision,Front Collision,Total Loss,Other,7,1,NO,1,3,unknown,74360,13520,6760,54080,N,2809,16151.050000000003,7.998816743085342,0,0.2541277971062912,1,Low Risk
140,31,250/500,2000,1554.86,6000000,FEMALE,JD,armed-forces,wife,59000,0,Parked Car,unknown,Minor Damage,unknown,2,1,YES,1,2,unknown,6120,680,680,4760,Y,6500,-33168.95,6.989720998531571,1,0.6869125593827695,1,Medium Risk
419,53,500/1000,2000,736.07,6000000,MALE,College,transport-moving,unmarried,45700,0,Multi-vehicle Collision,Side Collision,Minor Damage,Police,17,4,unknown,0,0,YES,62280,5190,10380,46710,N,6216,8781.050000000003,4.499566515749928,0,0.18712300515913988,0,Low Risk
315,44,250/500,1000,974.16,6000000,FEMALE,Masters,sales,other-relative,0,-56800,Multi-vehicle Collision,Front Collision,Total Loss,Other,12,3,unknown,1,0,YES,26730,4860,4860,17010,N,7948,-20918.949999999997,3.499279983542481,0,0.0792259534260262,0,Low Risk
72,29,500/1000,500,973.8,0,FEMALE,Associate,craft-repair,own-child,0,-85900,Single Vehicle Collision,Rear Collision,Major Damage,Ambulance,9,1,unknown,1,0,NO,66200,6620,6620,52960,N,7468,15031.050000000003,7.998791723304636,0,0.48458225006626165,1,Medium Risk
32,26,100/300,2000,1260.32,6000000,MALE,JD,other-service,not-in-family,0,-79800,Single Vehicle Collision,Side Collision,Total Loss,Fire,16,1,unknown,1,2,unknown,45500,9100,4550,31850,N,106,-6078.949999999997,6.998461876510657,0,0.2650253341652121,1,Low Risk
230,41,100/300,1000,1464.03,0,MALE,JD,transport-moving,own-child,0,0,Multi-vehicle Collision,Side Collision,Minor Damage,Ambulance,19,3,unknown,2,0,unknown,53040,4420,4420,44200,N,8457,6271.050000000003,9.997738068310337,0,0.16320554636978177,0,Low Risk
157,32,100/300,2000,617.11,0,MALE,College,other-service,other-relative,0,-54100,Multi-vehicle Collision,Front Collision,Major Damage,Other,14,3,unknown,1,2,NO,50800,10160,5080,35560,Y,1899,-2368.949999999997,6.998622318441252,1,0.7508970621977105,1,High Risk
265,41,250/500,2000,1724.46,6000000,FEMALE,Associate,craft-repair,own-child,81800,0,Multi-vehicle Collision,Side Collision,Total Loss,Police,18,3,unknown,1,3,unknown,44200,4420,4420,35360,N,6315,-2568.949999999997,7.998190454648269,0,0.16710002410621164,0,Low Risk
47,34,500/1000,500,1161.31,0,FEMALE,PhD,exec-managerial,other-relative,64800,-24300,Single Vehicle Collision,Front Collision,Minor Damage,Police,23,1,YES,1,3,unknown,62920,11440,5720,45760,N,4025,7831.050000000003,7.998601643069393,0,0.26622777362623334,1,Low Risk
113,29,250/500,2000,1091.73,0,MALE,PhD,exec-managerial,not-in-family,36100,-42300,Multi-vehicle Collision,Rear Collision,Minor Damage,Other,15,3,unknown,0,2,YES,49950,5550,5550,38850,Y,2561,921.0500000000029,6.9987389659520804,1,0.704861396780343,1,High Risk
289,46,250/500,2000,1209.07,0,MALE,JD,armed-forces,unmarried,0,0,Single Vehicle Collision,Rear Collision,Minor Damage,Ambulance,18,1,YES,0,1,YES,56430,6270,6270,43890,Y,3925,5961.050000000003,6.998883750597991,1,0.5953142884777327,1,Medium Risk
254,41,250/500,2000,1241.04,0,FEMALE,Masters,protective-serv,own-child,0,0,Single Vehicle Collision,Front Collision,Minor Damage,Police,16,1,NO,2,2,YES,100210,18220,18220,63770,N,382,25841.050000000003,3.4998079139454474,0,0.18917566719269202,0,Low Risk
115,30,500/1000,500,1757.21,0,MALE,High School,prof-specialty,wife,46400,0,Multi-vehicle Collision,Front Collision,Minor Damage,Fire,12,3,NO,1,0,YES,49140,5460,5460,38220,N,5275,291.0500000000029,6.998718183482879,0,0.14788347827695003,0,Low Risk
236,38,250/500,1000,802.24,0,FEMALE,College,other-service,not-in-family,0,-62500,Single Vehicle Collision,Side Collision,Major Damage,Ambulance,16,1,NO,0,1,unknown,66840,16710,5570,44560,N,8167,6631.050000000003,7.998563992101957,0,0.5513500280722906,1,Medium Risk
7,21,500/1000,1000,1342.72,0,MALE,Associate,machine-op-inspct,wife,0,-45300,Single Vehicle Collision,Front Collision,Total Loss,Other,21,1,unknown,1,2,unknown,62460,6940,6940,48580,N,8487,10651.050000000003,6.998991499783893,0,0.17872279169385566,0,Low Risk
208,36,100/300,2000,1209.41,5000000,MALE,JD,machine-op-inspct,wife,0,0,Multi-vehicle Collision,Side Collision,Total Loss,Other,15,3,YES,0,1,unknown,62810,11420,11420,39970,N,7071,2041.050000000003,3.499693546974871,0,0.22406512318862964,1,Low Risk
126,33,500/1000,1000,1141.71,2000000,FEMALE,JD,priv-house-serv,own-child,36700,-73400,Single Vehicle Collision,Front Collision,Major Damage,Ambulance,21,1,YES,1,2,unknown,54160,6770,6770,40620,N,2625,2691.050000000003,5.999113867966327,0,0.38993137177116516,1,Low Risk
48,35,100/300,500,1090.03,0,FEMALE,JD,exec-managerial,unmarried,0,-51000,Single Vehicle Collision,Rear Collision,Major Damage,Ambulance,1,1,YES,0,2,NO,48400,9680,4840,33880,N,2450,-4048.949999999997,6.998554017764925,0,0.26352975765543113,1,Low Risk
297,48,250/500,1000,1464.73,3000000,MALE,PhD,exec-managerial,other-relative,54900,-36700,Multi-vehicle Collision,Side Collision,Total Loss,Fire,17,3,unknown,0,0,NO,51480,5720,5720,40040,N,2043,2111.050000000003,6.998776437685719,0,0.1984975802576502,0,Low Risk
160,36,100/300,1000,1118.58,0,FEMALE,High School,prof-specialty,husband,0,-36600,Multi-vehicle Collision,Rear Collision,Total Loss,Fire,5,3,NO,2,1,NO,51700,5170,10340,36190,N,987,-1738.949999999997,3.4996615414369985,0,0.18333350497719791,0,Low Risk
406,58,250/500,2000,1117.04,0,MALE,MD,exec-managerial,own-child,0,-42700,Multi-vehicle Collision,Front Collision,Total Loss,Other,15,3,unknown,1,2,unknown,65520,10920,5460,49140,N,4109,11211.050000000003,8.998351950192273,0,0.270799778200914,1,Low Risk
157,31,500/1000,500,1257.83,7000000,MALE,High School,farming-fishing,own-child,40700,-41600,Multi-vehicle Collision,Rear Collision,Major Damage,Other,2,4,NO,2,2,NO,47700,4770,9540,33390,Y,8962,-4538.949999999997,3.499633162142333,1,0.7387264991478246,1,High Risk
146,31,250/500,2000,1082.72,0,FEMALE,PhD,machine-op-inspct,not-in-family,61400,-57500,Vehicle Theft,unknown,Minor Damage,unknown,3,1,YES,2,0,NO,5220,580,580,4060,N,6330,-33868.95,6.9879518072289155,0,0.0413484786804455,0,Low Risk
409,57,100/300,1000,1191.8,6000000,MALE,High School,protective-serv,unmarried,55600,0,Single Vehicle Collision,Side Collision,Major Damage,Other,19,1,NO,1,0,unknown,73320,6110,12220,54990,N,7101,17061.050000000003,4.4996317813599545,0,0.4019743678641501,1,Medium Risk
252,46,100/300,1000,1242.02,0,MALE,Masters,adm-clerical,wife,0,-28800,Single Vehicle Collision,Front Collision,Minor Damage,Fire,17,1,YES,0,2,YES,74900,14980,7490,52430,N,3442,14501.050000000003,6.999065545321052,0,0.20840609587806236,1,Low Risk
6,27,250/500,500,1075.71,0,FEMALE,High School,prof-specialty,unmarried,0,-47400,Vehicle Theft,unknown,Trivial Damage,Police,7,1,unknown,0,1,YES,3190,580,290,2320,N,8231,-35608.95,7.972508591065292,0,0.10678719069904455,0,Low Risk
103,33,100/300,1000,969.88,6000000,MALE,MD,armed-forces,own-child,0,0,Single Vehicle Collision,Rear Collision,Minor Damage,Ambulance,21,1,NO,1,0,YES,76920,12820,6410,57690,N,8034,19761.050000000003,8.99859616284511,0,0.19206791218302316,0,Low Risk
369,53,250/500,2000,1459.93,0,FEMALE,Masters,priv-house-serv,not-in-family,0,0,Multi-vehicle Collision,Front Collision,Total Loss,Police,10,2,YES,1,3,NO,77990,7090,14180,56720,N,7205,18791.050000000003,3.9997179324448204,0,0.22046599756896024,1,Low Risk
261,46,500/1000,1000,1245.61,0,MALE,MD,transport-moving,own-child,0,0,Single Vehicle Collision,Front Collision,Total Loss,Fire,11,1,YES,1,0,unknown,59670,9180,9180,41310,N,8176,3381.050000000003,4.499509857314018,0,0.2019793094673097,1,Low Risk
159,33,100/300,2000,1462.76,0,FEMALE,College,craft-repair,husband,69200,-36900,Multi-vehicle Collision,Rear Collision,Major Damage,Ambulance,23,3,YES,2,0,NO,44880,8160,4080,32640,Y,2776,-5288.949999999997,7.998039696152904,1,0.3248381868208327,1,Low Risk
344,51,100/300,2000,1398.46,0,MALE,Associate,sales,other-relative,0,0,Single Vehicle Collision,Side Collision,Minor Damage,Ambulance,14,1,unknown,0,2,NO,82830,7530,15060,60240,N,8315,22311.050000000003,3.9997344133855655,0,0.2515933994106387,1,Low Risk
437,60,500/1000,1000,1269.64,0,FEMALE,College,armed-forces,unmarried,48800,0,Single Vehicle Collision,Front Collision,Minor Damage,Other,10,1,NO,1,3,NO,84480,7680,15360,61440,Y,6235,23511.050000000003,3.9997396002864396,1,0.713784292889703,1,High Risk
65,30,100/300,500,1455.65,4000000,FEMALE,College,transport-moving,wife,0,-66300,Multi-vehicle Collision,Side Collision,Total Loss,Fire,6,3,unknown,2,3,NO,79800,15960,7980,55860,N,1986,17931.050000000003,6.999122916927703,0,0.15477989402723724,0,Low Risk
280,41,500/1000,2000,1140.31,0,MALE,MD,adm-clerical,husband,29300,-64700,Multi-vehicle Collision,Rear Collision,Minor Damage,Police,10,3,unknown,0,3,YES,53020,9640,9640,33740,N,7377,-4188.949999999997,3.4996369671195935,0,0.15176296330029662,0,Low Risk
269,45,500/1000,500,1330.46,0,FEMALE,High School,machine-op-inspct,wife,54800,-64100,Multi-vehicle Collision,Side Collision,Total Loss,Police,5,3,unknown,0,0,NO,24200,2200,4400,17600,N,6722,-20328.949999999997,3.9990911156555327,0,0.0902048798034252,0,Low Risk
275,40,250/500,2000,1190.6,0,MALE,Masters,exec-managerial,unmarried,0,-45300,Single Vehicle Collision,Rear Collision,Minor Damage,Fire,17,1,unknown,1,3,YES,43230,7860,7860,27510,N,8448,-10418.949999999997,3.4995547640249334,0,0.25553074747488647,1,Low Risk
265,45,250/500,500,972.5,0,FEMALE,College,exec-managerial,unmarried,0,0,Vehicle Theft,unknown,Trivial Damage,unknown,3,1,NO,2,3,NO,3190,290,580,2320,N,5927,-35608.95,3.9931153184165233,0,0.038029101787184424,0,Low Risk
283,43,100/300,2000,1161.91,0,FEMALE,Associate,adm-clerical,not-in-family,0,-50400,Parked Car,unknown,Minor Damage,unknown,9,1,unknown,0,3,NO,5850,1300,650,3900,N,6396,-34028.95,5.990783410138249,0,0.03011297048227992,0,Low Risk
84,29,250/500,1000,1117.17,0,FEMALE,High School,machine-op-inspct,not-in-family,0,-29900,Parked Car,unknown,Trivial Damage,Police,6,1,YES,2,0,YES,6820,620,1240,4960,N,4327,-32968.95,3.9967767929089444,0,0.061731253766744744,0,Low Risk
247,44,250/500,2000,1101.51,0,FEMALE,College,farming-fishing,not-in-family,64000,0,Multi-vehicle Collision,Front Collision,Minor Damage,Fire,22,3,NO,2,2,NO,69480,11580,11580,46320,N,8408,8391.050000000003,3.9996546066833605,0,0.19877562668374718,0,Low Risk
56,29,100/300,1000,1523.17,0,MALE,Masters,prof-specialty,own-child,0,0,Multi-vehicle Collision,Front Collision,Major Damage,Fire,10,3,unknown,1,2,YES,94560,7880,15760,70920,N,3159,32991.05,4.499714485121502,0,0.4378688439425172,1,Medium Risk
210,39,500/1000,1000,984.45,0,MALE,Associate,armed-forces,unmarried,0,0,Vehicle Theft,unknown,Minor Damage,unknown,4,1,YES,1,2,unknown,7800,780,780,6240,N,6404,-31688.949999999997,7.989756722151088,0,0.07774567391566206,0,Low Risk
108,32,500/1000,2000,1257.0,4000000,FEMALE,High School,machine-op-inspct,unmarried,63900,-43700,Single Vehicle Collision,Front Collision,Total Loss,Other,23,1,NO,1,3,NO,61270,5570,11140,44560,N,3048,6631.050000000003,3.9996409658019925,0,0.18431135826345016,0,Low Risk
328,49,500/1000,500,1434.51,0,FEMALE,Masters,transport-moving,wife,0,0,Single Vehicle Collision,Rear Collision,Total Loss,Police,19,1,unknown,0,2,YES,71440,8930,8930,53580,N,4893,15651.050000000003,5.999328182734296,0,0.21788204695019023,1,Low Risk
186,37,250/500,2000,1628.0,0,FEMALE,JD,priv-house-serv,unmarried,0,0,Single Vehicle Collision,Rear Collision,Total Loss,Ambulance,22,1,YES,1,2,YES,55600,11120,5560,38920,N,2168,991.0500000000029,6.998741233591081,0,0.2292966179413436,1,Low Risk
277,44,500/1000,500,1412.31,0,MALE,High School,priv-house-serv,unmarried,0,0,Vehicle Theft,unknown,Trivial Damage,Police,6,1,NO,1,3,NO,5000,1000,500,3500,N,4968,-34428.95,6.986027944111776,0,0.052591564120457096,0,Low Risk
138,33,250/500,500,1362.87,5000000,FEMALE,JD,exec-managerial,own-child,56900,-56900,Single Vehicle Collision,Side Collision,Minor Damage,Other,6,1,NO,2,0,unknown,95810,14740,14740,66330,N,6611,28401.050000000003,4.499694728987179,0,0.199362410471268,0,Low Risk
208,41,100/300,1000,1134.68,0,FEMALE,College,tech-support,husband,0,0,Single Vehicle Collision,Rear Collision,Major Damage,Ambulance,18,1,NO,2,2,unknown,69300,6930,13860,48510,N,210,10581.050000000003,3.4997474929658754,0,0.48504183832855696,1,Medium Risk
147,37,250/500,1000,1306.78,0,MALE,MD,prof-specialty,other-relative,0,0,Single Vehicle Collision,Front Collision,Total Loss,Ambulance,22,1,unknown,1,0,NO,81120,13520,20280,47320,N,8139,9391.050000000003,2.333218283122134,0,0.43655014571738243,1,Medium Risk
8,21,500/1000,500,1021.9,0,MALE,High School,handlers-cleaners,husband,0,0,Single Vehicle Collision,Front Collision,Major Damage,Other,21,1,unknown,0,0,unknown,91260,14040,14040,63180,N,849,25251.050000000003,4.49967951000641,0,0.3108586860276525,1,Low Risk
297,48,100/300,1000,1538.6,0,FEMALE,MD,other-service,wife,0,-54700,Single Vehicle Collision,Side Collision,Minor Damage,Fire,12,1,unknown,0,0,unknown,60600,6060,12120,42420,N,8005,4491.050000000003,3.4997112449467864,0,0.1484539487167539,0,Low Risk
150,31,500/1000,1000,1354.5,0,MALE,Masters,machine-op-inspct,husband,52800,0,Multi-vehicle Collision,Front Collision,Major Damage,Ambulance,6,3,unknown,0,3,YES,64800,6480,12960,45360,Y,7401,7431.050000000003,3.4997299591080937,1,0.7339592377448269,1,High Risk
4,34,500/1000,500,1282.93,0,FEMALE,College,exec-managerial,other-relative,0,0,Multi-vehicle Collision,Side Collision,Major Damage,Police,0,4,unknown,0,0,unknown,66880,6080,12160,48640,Y,4282,10711.050000000003,3.9996710796809474,1,0.7373966572738339,1,High Risk
210,35,500/1000,1000,1346.27,0,MALE,Masters,farming-fishing,not-in-family,44900,-91400,Single Vehicle Collision,Front Collision,Total Loss,Ambulance,11,1,NO,0,2,unknown,58200,5820,5820,46560,N,8410,8631.050000000003,7.99862566569318,0,0.22969098640003846,1,Low Risk
91,31,100/300,1000,1338.4,4000000,FEMALE,High School,priv-house-serv,own-child,63600,0,Single Vehicle Collision,Side Collision,Minor Damage,Police,19,1,unknown,1,0,NO,60570,6730,6730,47110,N,5639,9181.050000000003,6.99896003565592,0,0.14381236986665102,0,Low Risk
167,36,100/300,1000,949.44,0,FEMALE,Masters,exec-managerial,other-relative,0,-38400,Multi-vehicle Collision,Rear Collision,Major Damage,Ambulance,22,3,unknown,0,0,NO,69680,8710,8710,52260,Y,7655,14331.050000000003,5.999311215704282,1,0.6965666885339707,1,Medium Risk
467,58,500/1000,2000,977.4,0,MALE,Masters,transport-moving,own-child,82200,0,Single Vehicle Collision,Front Collision,Total Loss,Fire,2,1,YES,2,3,NO,55700,5570,11140,38990,N,4368,1061.050000000003,3.4996858450767436,0,0.26878890620210644,1,Low Risk
264,47,250/500,2000,1181.46,10000000,FEMALE,JD,transport-moving,other-relative,0,-67400,Multi-vehicle Collision,Front Collision,Total Loss,Ambulance,16,4,YES,1,2,YES,62370,5670,5670,51030,N,3629,13101.050000000003,8.998412978310704,0,0.2264836797169591,1,Low Risk
270,45,500/1000,500,1187.53,0,FEMALE,PhD,priv-house-serv,not-in-family,83200,-53300,Multi-vehicle Collision,Side Collision,Total Loss,Other,23,3,unknown,0,0,YES,54340,9880,0,44460,N,4203,6531.050000000003,44460.0,0,0.2757865581615225,1,Low Risk
310,48,100/300,1000,845.16,0,FEMALE,Masters,priv-house-serv,other-relative,0,0,Single Vehicle Collision,Front Collision,Major Damage,Police,21,1,YES,1,0,NO,55170,6130,6130,42910,Y,4612,4981.050000000003,6.998858261295058,1,0.7142252464624909,1,High Risk
143,34,100/300,500,1442.27,0,MALE,College,priv-house-serv,wife,67900,0,Single Vehicle Collision,Front Collision,Minor Damage,Other,10,1,unknown,2,3,YES,58500,11700,5850,40950,N,335,3021.050000000003,6.998803623312254,0,0.1424872186237527,0,Low Risk
146,32,100/300,2000,1276.43,0,MALE,Associate,priv-house-serv,own-child,0,0,Single Vehicle Collision,Rear Collision,Major Damage,Fire,12,1,unknown,0,3,unknown,59940,6660,6660,46620,N,7735,8691.050000000003,6.99894910674073,0,0.4481943687812539,1,Medium Risk
102,28,250/500,500,1075.41,0,MALE,MD,machine-op-inspct,wife,55200,0,Single Vehicle Collision,Side Collision,Total Loss,Police,6,1,NO,1,0,NO,73400,7340,7340,58720,N,5649,20791.050000000003,7.998910230213867,0,0.16476715132282013,0,Low Risk
61,23,100/300,500,1111.72,0,MALE,JD,exec-managerial,other-relative,54600,0,Single Vehicle Collision,Side Collision,Major Damage,Fire,6,1,unknown,1,2,unknown,41850,4650,4650,32550,N,2910,-5378.949999999997,6.998494947323156,0,0.2822749091346663,1,Low Risk
255,44,500/1000,2000,814.96,6000000,FEMALE,PhD,priv-house-serv,not-in-family,68500,0,Parked Car,unknown,Trivial Damage,Police,7,1,unknown,2,2,NO,6400,640,1280,4480,Y,4051,-33448.95,3.4972677595628414,1,0.734811687741725,1,High Risk
211,40,500/1000,1000,1575.86,0,FEMALE,PhD,other-service,own-child,0,0,Vehicle Theft,unknown,Trivial Damage,Police,3,1,NO,1,1,NO,3190,580,290,2320,N,8663,-35608.95,7.972508591065292,0,0.051222831099313,0,Low Risk
61,29,250/500,1000,1115.27,0,MALE,JD,handlers-cleaners,unmarried,0,-66000,Parked Car,unknown,Trivial Damage,unknown,10,1,YES,2,1,YES,5900,590,590,4720,N,7233,-33208.95,7.986463620981388,0,0.03810081735430296,0,Low Risk
108,31,500/1000,2000,1175.7,0,MALE,Masters,protective-serv,not-in-family,0,0,Single Vehicle Collision,Rear Collision,Total Loss,Fire,14,1,NO,0,2,NO,57330,6370,6370,44590,N,3359,6661.050000000003,6.998901271385968,0,0.32105484458543276,1,Low Risk
303,50,100/300,500,793.15,0,MALE,MD,tech-support,own-child,54600,-45500,Multi-vehicle Collision,Front Collision,Total Loss,Other,17,3,NO,0,3,NO,81960,13660,13660,54640,N,4768,16711.050000000003,3.999707195666496,0,0.2095331062606657,1,Low Risk
152,33,250/500,500,942.51,0,FEMALE,PhD,transport-moving,wife,0,0,Single Vehicle Collision,Side Collision,Major Damage,Fire,16,1,YES,0,0,unknown,70400,6400,19200,44800,Y,5556,6871.050000000003,2.3332118118847975,1,0.7498667394581295,1,High Risk
120,34,500/1000,1000,1056.71,0,FEMALE,JD,protective-serv,not-in-family,77900,0,Parked Car,unknown,Minor Damage,unknown,3,1,NO,2,1,unknown,3770,580,580,2610,N,4833,-35318.95,4.492254733218589,0,0.07663215706448005,0,Low Risk
144,36,500/1000,2000,1255.68,6000000,FEMALE,Associate,sales,other-relative,23600,-15600,Parked Car,unknown,Minor Damage,unknown,7,1,NO,0,0,unknown,7400,740,1480,5180,N,7780,-32748.949999999997,3.4976367319378796,0,0.07606465355275378,0,Low Risk
414,52,500/1000,500,1335.13,0,FEMALE,High School,farming-fishing,unmarried,44000,-71000,Single Vehicle Collision,Rear Collision,Total Loss,Police,13,1,YES,1,1,unknown,54810,6090,6090,42630,Y,4346,4701.050000000003,6.998850763421442,1,0.6080246131678523,1,Medium Risk
163,37,250/500,500,1178.95,6000000,FEMALE,JD,priv-house-serv,own-child,0,-67300,Single Vehicle Collision,Rear Collision,Total Loss,Fire,20,1,YES,2,3,YES,49400,4940,9880,34580,N,3968,-3348.949999999997,3.499645784839591,0,0.15162125711919908,0,Low Risk
352,53,250/500,500,1793.16,0,MALE,Associate,tech-support,wife,0,0,Single Vehicle Collision,Front Collision,Minor Damage,Fire,23,1,YES,2,2,NO,68750,12500,6250,50000,N,552,12071.050000000003,7.998720204767237,0,0.2638511182622652,1,Low Risk
27,32,100/300,500,1008.38,0,FEMALE,PhD,adm-clerical,other-relative,37900,0,Single Vehicle Collision,Front Collision,Total Loss,Ambulance,11,1,NO,1,0,unknown,61500,12300,6150,43050,N,158,5121.050000000003,6.9988619736628195,0,0.20693896174129311,1,Low Risk
239,39,100/300,500,1396.83,0,FEMALE,Masters,other-service,husband,0,0,Multi-vehicle Collision,Rear Collision,Major Damage,Ambulance,0,4,unknown,0,3,NO,76890,6990,13980,55920,N,8964,17991.050000000003,3.9997138974322293,0,0.3735818994781117,1,Low Risk
33,32,100/300,500,1402.78,5000000,FEMALE,PhD,other-service,husband,70300,-50300,Single Vehicle Collision,Rear Collision,Minor Damage,Ambulance,2,1,YES,0,1,unknown,56070,6230,12460,37380,N,2523,-548.9499999999971,2.999759248856432,0,0.1896654541827275,0,Low Risk
88,30,100/300,1000,1437.88,0,FEMALE,College,transport-moving,husband,42800,-51200,Single Vehicle Collision,Side Collision,Total Loss,Fire,3,1,NO,2,0,YES,56000,14000,0,42000,N,8239,4071.050000000003,42000.0,0,0.17729627663981443,0,Low Risk
101,33,500/1000,1000,1313.64,0,FEMALE,College,priv-house-serv,unmarried,12100,0,Parked Car,unknown,Trivial Damage,unknown,3,1,YES,1,0,NO,4290,780,390,3120,N,8561,-34808.95,7.979539641943734,0,0.024610907497551196,0,Low Risk
20,37,250/500,500,1482.14,0,FEMALE,Associate,transport-moving,husband,33000,-43600,Multi-vehicle Collision,Rear Collision,Total Loss,Other,15,3,unknown,2,1,NO,60750,6750,6750,47250,N,1269,9321.050000000003,6.9989631165753226,0,0.27410418066226244,1,Low Risk
126,30,250/500,2000,1171.75,0,FEMALE,Associate,machine-op-inspct,not-in-family,46500,-42700,Single Vehicle Collision,Side Collision,Minor Damage,Other,23,1,unknown,2,3,NO,48730,4430,4430,39870,N,847,1941.050000000003,8.997968855788761,0,0.271340974755395,1,Low Risk
264,43,500/1000,2000,1353.33,0,MALE,Associate,adm-clerical,not-in-family,0,-8500,Multi-vehicle Collision,Front Collision,Minor Damage,Police,9,3,YES,2,0,NO,95150,17300,17300,60550,N,390,22621.050000000003,3.499797699554939,0,0.20040684437223236,1,Low Risk
78,24,100/300,500,1175.51,0,MALE,Masters,craft-repair,husband,0,0,Vehicle Theft,unknown,Minor Damage,Police,20,1,unknown,0,1,YES,7480,680,680,6120,N,8325,-31808.949999999997,8.986784140969164,0,0.040784896332475194,0,Low Risk
123,28,100/300,2000,1836.02,0,MALE,Masters,transport-moving,own-child,38000,-41200,Single Vehicle Collision,Side Collision,Major Damage,Ambulance,5,1,unknown,2,1,YES,79800,13300,6650,59850,Y,759,21921.050000000003,8.998646820027064,1,0.6942138066336682,1,Medium Risk
347,51,500/1000,500,1480.79,9000000,FEMALE,MD,priv-house-serv,unmarried,0,-12100,Single Vehicle Collision,Side Collision,Total Loss,Other,15,1,YES,0,2,unknown,103560,8630,17260,77670,N,6655,39741.05,4.499739296680378,0,0.4539946209927324,1,Medium Risk
163,38,500/1000,2000,1453.92,0,FEMALE,PhD,other-service,other-relative,51700,0,Single Vehicle Collision,Side Collision,Minor Damage,Ambulance,13,1,YES,2,3,unknown,79500,15900,7950,55650,N,6351,17721.050000000003,6.999119607596529,0,0.22270835169050926,1,Low Risk
271,44,250/500,500,1340.71,0,FEMALE,High School,tech-support,other-relative,0,0,Single Vehicle Collision,Rear Collision,Minor Damage,Other,16,1,NO,2,2,NO,76230,6930,13860,55440,Y,2524,17511.050000000003,3.999711420532429,1,0.563783904314226,1,Medium Risk
410,54,100/300,2000,714.03,0,MALE,MD,protective-serv,own-child,0,-17000,Single Vehicle Collision,Side Collision,Minor Damage,Ambulance,0,1,YES,0,2,NO,59520,9920,9920,39680,N,1632,1751.050000000003,3.999596814837214,0,0.2544922552345716,1,Low Risk
448,57,100/300,2000,1376.16,0,FEMALE,PhD,tech-support,own-child,38600,-50300,Multi-vehicle Collision,Front Collision,Major Damage,Police,10,3,NO,2,1,unknown,47760,5970,5970,35820,Y,3597,-2108.949999999997,5.998995143192095,1,0.717988470046388,1,High Risk
218,41,100/300,500,914.22,0,MALE,JD,prof-specialty,wife,37900,-72900,Multi-vehicle Collision,Side Collision,Total Loss,Police,14,3,NO,2,0,NO,84590,15380,7690,61520,N,393,23591.050000000003,7.998959823169939,0,0.1913689256617074,0,Low Risk
43,38,500/1000,1000,1601.47,0,MALE,PhD,handlers-cleaners,other-relative,64400,0,Multi-vehicle Collision,Front Collision,Total Loss,Other,1,3,YES,2,2,unknown,61650,6850,6850,47950,N,341,10021.050000000003,6.9989782513501675,0,0.1780981068827533,0,Low Risk
33,33,500/1000,1000,1096.79,6000000,FEMALE,Associate,handlers-cleaners,unmarried,45500,-60600,Single Vehicle Collision,Rear Collision,Major Damage,Police,16,1,unknown,2,1,unknown,81400,8140,8140,65120,N,6365,27191.050000000003,7.99901731973959,0,0.360399694866799,1,Low Risk
126,34,100/300,2000,1078.22,0,FEMALE,Masters,transport-moving,wife,54500,0,Multi-vehicle Collision,Side Collision,Major Damage,Fire,2,3,NO,0,1,YES,58410,10620,5310,42480,N,2658,4551.050000000003,7.99849369233666,0,0.5198993889779963,1,Medium Risk
411,56,250/500,1000,1595.28,0,FEMALE,College,protective-serv,other-relative,0,0,Multi-vehicle Collision,Side Collision,Major Damage,Ambulance,23,3,unknown,0,0,unknown,38610,3510,3510,31590,N,8195,-6338.949999999997,8.997436627741385,0,0.22159989928573584,1,Low Risk
225,37,100/300,1000,1217.84,5000000,FEMALE,High School,farming-fishing,not-in-family,49600,0,Multi-vehicle Collision,Front Collision,Minor Damage,Fire,19,3,unknown,2,2,NO,57600,9600,9600,38400,N,5181,471.0500000000029,3.9995833767315903,0,0.2820949440470793,1,Low Risk
35,35,100/300,2000,1117.42,0,FEMALE,PhD,protective-serv,not-in-family,0,-51900,Multi-vehicle Collision,Side Collision,Minor Damage,Fire,23,3,NO,2,2,NO,53190,5910,11820,35460,N,4540,-2468.949999999997,2.999746214364267,0,0.16108609056336706,0,Low Risk
460,57,100/300,2000,1567.37,0,FEMALE,JD,craft-repair,husband,62500,0,Single Vehicle Collision,Front Collision,Major Damage,Other,10,1,unknown,2,3,NO,58300,5830,11660,40810,Y,6309,2881.050000000003,3.4996998542149043,1,0.7055151781783401,1,High Risk
195,38,500/1000,2000,1294.93,6000000,MALE,MD,tech-support,unmarried,38000,-50300,Multi-vehicle Collision,Front Collision,Minor Damage,Ambulance,12,3,YES,1,2,NO,64620,7180,0,57440,N,7942,19511.050000000003,57440.0,0,0.2819156391890305,1,Low Risk
360,51,250/500,1000,1152.12,0,MALE,PhD,armed-forces,not-in-family,0,-62400,Multi-vehicle Collision,Side Collision,Total Loss,Ambulance,15,3,NO,2,0,YES,90480,15080,15080,60320,N,6783,22391.050000000003,3.999734765599098,0,0.1495682843762655,0,Low Risk
300,49,100/300,1000,1441.21,0,FEMALE,PhD,farming-fishing,wife,0,0,Vehicle Theft,unknown,Trivial Damage,unknown,3,1,NO,1,0,NO,7080,1180,1180,4720,N,6958,-33208.95,3.9966130397967823,0,0.07073858759781236,0,Low Risk
245,42,500/1000,1000,1575.74,7000000,MALE,JD,exec-managerial,other-relative,0,-68900,Parked Car,unknown,Minor Damage,Police,19,1,unknown,2,2,unknown,6490,590,1180,4720,Y,4602,-33208.95,3.9966130397967823,1,0.6957356211310635,1,Medium Risk
146,36,500/1000,2000,1233.96,0,FEMALE,Masters,other-service,other-relative,34500,-60600,Multi-vehicle Collision,Side Collision,Total Loss,Police,16,3,NO,1,1,NO,55900,5590,5590,44720,N,664,6791.050000000003,7.998569128957253,0,0.16934637008805964,0,Low Risk
67,29,250/500,1000,1861.43,0,MALE,High School,adm-clerical,husband,60400,-67800,Single Vehicle Collision,Rear Collision,Major Damage,Other,16,1,NO,0,3,YES,63800,6380,6380,51040,Y,7003,13111.050000000003,7.998746278012851,1,0.6749398899312584,1,Medium Risk
380,56,100/300,1000,1570.86,0,MALE,MD,farming-fishing,other-relative,66000,0,Single Vehicle Collision,Side Collision,Total Loss,Police,10,1,unknown,0,1,YES,58160,7270,7270,43620,Y,3714,5691.050000000003,5.999174804015953,1,0.6132854452746547,1,Medium Risk
389,53,500/1000,2000,791.47,0,MALE,Masters,armed-forces,unmarried,0,0,Vehicle Theft,unknown,Minor Damage,Police,6,1,NO,1,2,NO,6300,630,1260,4410,Y,6130,-33518.95,3.4972244250594766,1,0.7431883983308621,1,High Risk
317,46,250/500,1000,1012.78,0,MALE,MD,sales,other-relative,43700,0,Single Vehicle Collision,Front Collision,Major Damage,Fire,18,1,NO,2,1,NO,104610,19020,19020,66570,Y,5667,28641.050000000003,3.499815992850008,1,0.7618518611169652,1,High Risk
264,44,100/300,500,1047.06,6000000,MALE,College,exec-managerial,wife,0,0,Multi-vehicle Collision,Rear Collision,Major Damage,Fire,20,3,NO,0,2,NO,69850,12700,6350,50800,N,1811,12871.050000000003,7.998740355849472,0,0.5261525640858895,1,Medium Risk
20,21,250/500,1000,1390.29,0,FEMALE,Masters,priv-house-serv,other-relative,0,-41200,Single Vehicle Collision,Rear Collision,Minor Damage,Fire,14,1,NO,0,0,unknown,62900,12580,6290,44030,N,3636,6101.050000000003,6.9988872993164835,0,0.20704573155548764,1,Low Risk
116,30,500/1000,500,951.46,0,MALE,JD,handlers-cleaners,not-in-family,0,-35500,Multi-vehicle Collision,Front Collision,Major Damage,Other,8,3,NO,0,3,unknown,59670,6630,6630,46410,Y,4811,8481.050000000003,6.998944352284723,1,0.7392651873552067,1,High Risk
222,40,100/300,1000,1226.78,0,MALE,JD,armed-forces,unmarried,49600,-49200,Multi-vehicle Collision,Rear Collision,Minor Damage,Other,17,2,YES,2,0,unknown,81500,16300,8150,57050,N,759,19121.050000000003,6.999141209667526,0,0.1881421848515833,0,Low Risk
439,56,100/300,500,1280.9,0,MALE,High School,armed-forces,own-child,48900,-40900,Single Vehicle Collision,Rear Collision,Minor Damage,Ambulance,9,1,NO,2,0,unknown,50000,15000,5000,30000,N,6473,-7928.949999999997,5.9988002399520095,0,0.1394897984370108,0,Low Risk
66,28,100/300,2000,1472.77,0,MALE,Associate,adm-clerical,husband,0,-31700,Single Vehicle Collision,Front Collision,Total Loss,Other,0,1,unknown,2,1,unknown,48290,8780,8780,30730,N,7692,-7198.949999999997,3.4996014121398473,0,0.172825630422327,0,Low Risk
128,29,500/1000,1000,1878.44,0,MALE,High School,other-service,husband,0,-76000,Single Vehicle Collision,Rear Collision,Total Loss,Fire,2,1,NO,0,0,unknown,59070,5370,5370,48330,N,1569,10401.050000000003,8.998324334388382,0,0.2087431050749185,1,Low Risk
69,24,500/1000,500,1418.5,0,FEMALE,High School,armed-forces,other-relative,0,0,Multi-vehicle Collision,Rear Collision,Minor Damage,Police,23,3,unknown,0,0,NO,63300,12660,6330,44310,N,8265,6381.050000000003,6.998894329489812,0,0.14378096011021213,0,Low Risk
294,46,100/300,500,1532.8,0,MALE,College,prof-specialty,own-child,0,0,Single Vehicle Collision,Side Collision,Total Loss,Other,8,1,NO,0,3,YES,65780,11960,11960,41860,N,1727,3931.050000000003,3.4997073823258926,0,0.20488352938032564,1,Low Risk
19,29,250/500,500,1304.35,0,MALE,JD,transport-moving,not-in-family,0,0,Multi-vehicle Collision,Front Collision,Total Loss,Ambulance,6,3,NO,0,2,unknown,75400,11600,11600,52200,Y,4502,14271.050000000003,4.499612102404965,1,0.6256921451544747,1,Medium Risk
191,33,500/1000,2000,1551.61,0,MALE,High School,armed-forces,unmarried,45000,-30400,Vehicle Theft,unknown,Minor Damage,unknown,3,1,YES,1,1,NO,2250,250,250,1750,N,2553,-36178.95,6.972111553784861,0,0.08166893124542728,0,Low Risk
4,39,100/300,1000,1326.98,6000000,FEMALE,High School,machine-op-inspct,unmarried,64200,0,Multi-vehicle Collision,Front Collision,Minor Damage,Ambulance,14,3,YES,1,3,unknown,54120,4510,9020,40590,N,6704,2661.050000000003,4.499501163950781,0,0.15754614137457418,0,Low Risk
298,49,250/500,500,862.92,0,MALE,MD,machine-op-inspct,wife,0,-71700,Multi-vehicle Collision,Side Collision,Major Damage,Other,16,3,NO,0,2,NO,69480,11580,11580,46320,N,6151,8391.050000000003,3.9996546066833605,0,0.46834112665643,1,Medium Risk
231,43,100/300,2000,1331.69,0,FEMALE,Masters,adm-clerical,not-in-family,0,0,Single Vehicle Collision,Rear Collision,Minor Damage,Police,12,1,unknown,1,2,NO,66950,10300,10300,46350,N,1763,8421.050000000003,4.499563149208814,0,0.2553956108961402,1,Low Risk
338,47,250/500,2000,1486.04,0,FEMALE,Associate,armed-forces,own-child,0,-56200,Multi-vehicle Collision,Rear Collision,Major Damage,Other,1,3,NO,2,3,unknown,64100,12820,6410,44870,Y,2546,6941.050000000003,6.998908126657308,1,0.5594634161833922,1,Medium Risk
261,46,100/300,1000,870.55,0,MALE,PhD,prof-specialty,unmarried,0,-49400,Single Vehicle Collision,Rear Collision,Minor Damage,Other,19,1,unknown,0,3,unknown,80280,13380,13380,53520,N,5252,15591.050000000003,3.999701068679471,0,0.15243110300571283,0,Low Risk
321,44,500/1000,2000,1344.56,6000000,MALE,Associate,machine-op-inspct,husband,0,-39100,Vehicle Theft,unknown,Trivial Damage,Police,7,1,unknown,1,2,NO,4680,520,0,4160,N,2486,-33768.95,4160.0,0,0.09411122404854785,0,Low Risk
0,32,500/1000,1000,1377.04,0,MALE,College,tech-support,wife,61400,-41100,Multi-vehicle Collision,Rear Collision,Minor Damage,Ambulance,6,4,unknown,1,1,NO,39720,6620,6620,26480,N,1429,-11448.949999999997,3.999395861652318,0,0.10882953326689537,0,Low Risk
405,58,250/500,500,1237.88,0,MALE,MD,exec-managerial,not-in-family,0,-46900,Single Vehicle Collision,Front Collision,Major Damage,Police,11,1,unknown,0,0,unknown,63580,5780,5780,52020,Y,994,14091.050000000003,8.998443175921121,1,0.505893393682407,1,Medium Risk
304,49,100/300,1000,1525.86,0,FEMALE,PhD,craft-repair,own-child,0,0,Single Vehicle Collision,Side Collision,Minor Damage,Other,2,1,YES,1,1,YES,73370,13340,6670,53360,N,4866,15431.050000000003,7.99880077949333,0,0.303313251645399,1,Low Risk
1,29,500/1000,500,854.58,0,FEMALE,JD,craft-repair,other-relative,52200,0,Single Vehicle Collision,Side Collision,Minor Damage,Police,15,1,unknown,2,3,YES,86790,7890,23670,55230,N,3144,17301.050000000003,2.3332347598327066,0,0.1885854828621359,0,Low Risk
26,39,250/500,1000,770.76,0,MALE,Masters,tech-support,husband,0,-53700,Single Vehicle Collision,Side Collision,Major Damage,Police,0,1,NO,0,2,unknown,49800,9960,4980,34860,N,8420,-3068.949999999997,6.998594659706886,0,0.2967823953385987,1,Low Risk
202,38,100/300,2000,1132.74,0,FEMALE,Associate,armed-forces,husband,0,-37500,Single Vehicle Collision,Side Collision,Major Damage,Other,12,1,YES,1,1,NO,77440,7040,14080,56320,N,2202,18391.050000000003,3.9997159292663875,0,0.4535233952181629,1,Medium Risk
289,48,500/1000,500,1173.37,8000000,FEMALE,PhD,handlers-cleaners,own-child,0,-42700,Single Vehicle Collision,Front Collision,Total Loss,Other,1,1,unknown,1,0,unknown,42900,8580,0,34320,N,7073,-3608.949999999997,34320.0,0,0.10138311740941547,0,Low Risk
61,26,100/300,2000,1188.28,6000000,FEMALE,JD,farming-fishing,wife,0,-53800,Multi-vehicle Collision,Rear Collision,Major Damage,Fire,16,2,YES,1,0,NO,53820,11960,5980,35880,Y,1294,-2048.949999999997,5.9989968232737,1,0.7483888482317592,1,High Risk
334,46,100/300,1000,876.88,6000000,MALE,MD,sales,other-relative,0,0,Single Vehicle Collision,Rear Collision,Minor Damage,Police,2,1,NO,2,1,NO,57330,12740,6370,38220,N,728,291.0500000000029,5.999058232616544,0,0.2144249166338017,1,Low Risk
12,24,500/1000,1000,1143.95,0,FEMALE,PhD,tech-support,other-relative,51400,0,Multi-vehicle Collision,Rear Collision,Minor Damage,Police,13,3,NO,2,1,unknown,53370,5930,5930,41510,N,7383,3581.050000000003,6.9988197605800035,0,0.26711394180505865,1,Low Risk
86,29,100/300,2000,1409.06,0,MALE,High School,prof-specialty,husband,74200,-68100,Single Vehicle Collision,Front Collision,Minor Damage,Police,0,1,NO,2,2,YES,62920,9680,14520,38720,N,153,791.0500000000029,2.6664830245850837,0,0.09133976228037394,0,Low Risk
83,24,500/1000,1000,1070.63,0,FEMALE,High School,machine-op-inspct,unmarried,0,0,Multi-vehicle Collision,Front Collision,Total Loss,Fire,0,3,unknown,0,1,NO,61600,6160,12320,43120,N,3337,5191.050000000003,3.4997159321483644,0,0.2424536582987978,1,Low Risk
126,30,500/1000,2000,916.13,0,MALE,College,sales,unmarried,55300,-58400,Multi-vehicle Collision,Rear Collision,Total Loss,Police,16,3,YES,2,0,NO,74160,6180,12360,55620,N,5963,17691.050000000003,4.499635951783836,0,0.2333074001967403,1,Low Risk
209,38,250/500,500,1191.5,0,MALE,High School,priv-house-serv,husband,38600,-52900,Single Vehicle Collision,Rear Collision,Total Loss,Police,8,1,NO,2,0,unknown,80100,8900,8900,62300,N,1829,24371.050000000003,6.999213571508819,0,0.18528511320809865,0,Low Risk
283,48,500/1000,1000,1474.66,0,FEMALE,JD,sales,husband,0,-46200,Parked Car,unknown,Trivial Damage,Police,9,1,unknown,2,3,NO,6560,820,820,4920,N,4427,-33008.95,5.992691839220463,0,0.06352329236510447,0,Low Risk
194,34,250/500,1000,1193.45,0,MALE,JD,other-service,not-in-family,0,0,Single Vehicle Collision,Rear Collision,Total Loss,Ambulance,11,1,unknown,2,1,YES,58800,11760,5880,41160,N,3897,3231.050000000003,6.998809726237035,0,0.3064666126408119,1,Low Risk
184,38,250/500,1000,1437.53,0,FEMALE,College,transport-moving,not-in-family,0,0,Multi-vehicle Collision,Side Collision,Minor Damage,Ambulance,6,3,unknown,0,2,NO,53730,11940,5970,35820,Y,7448,-2108.949999999997,5.998995143192095,1,0.5949677631868081,1,Medium Risk
479,60,100/300,2000,1304.83,0,FEMALE,College,other-service,husband,0,0,Single Vehicle Collision,Rear Collision,Total Loss,Ambulance,18,1,NO,0,0,NO,60600,5050,10100,45450,N,6395,7521.050000000003,4.4995544995545,0,0.33410018756439175,1,Low Risk
284,48,250/500,1000,1168.8,0,FEMALE,JD,tech-support,other-relative,0,-42400,Single Vehicle Collision,Side Collision,Total Loss,Other,11,1,unknown,0,3,YES,35750,6500,3250,26000,N,8765,-11928.949999999997,7.997539218701938,0,0.07116069166161622,0,Low Risk
65,27,100/300,1000,1164.97,0,FEMALE,College,adm-clerical,wife,43000,-42500,Single Vehicle Collision,Front Collision,Total Loss,Ambulance,17,1,unknown,1,2,YES,42840,3570,7140,32130,N,4858,-5798.949999999997,4.499369836157401,0,0.23053605759759124,1,Low Risk
222,39,250/500,1000,1232.72,0,MALE,High School,armed-forces,own-child,87800,-51200,Multi-vehicle Collision,Front Collision,Major Damage,Fire,21,3,unknown,1,0,NO,87960,14660,14660,58640,Y,1126,20711.050000000003,3.9997271673146444,1,0.6706401203629946,1,Medium Risk
196,41,250/500,2000,1800.76,0,MALE,JD,protective-serv,other-relative,0,-78600,Multi-vehicle Collision,Rear Collision,Minor Damage,Ambulance,0,3,NO,1,0,NO,47800,4780,4780,38240,N,4941,311.0500000000029,7.998326709893328,0,0.18765689815416675,0,Low Risk
253,43,500/1000,500,1187.01,7000000,FEMALE,Associate,tech-support,unmarried,46300,-33000,Vehicle Theft,unknown,Trivial Damage,Police,9,1,NO,0,1,unknown,3840,640,640,2560,N,8580,-35368.95,3.9937597503900157,0,0.03532094516010874,0,Low Risk
280,43,100/300,1000,1559.34,0,MALE,JD,transport-moving,own-child,0,-51600,Single Vehicle Collision,Front Collision,Total Loss,Fire,1,1,NO,0,2,unknown,77000,14000,7000,56000,N,938,18071.050000000003,7.998857306099128,0,0.2204431440170964,1,Low Risk
5,26,250/500,2000,1137.02,0,FEMALE,PhD,farming-fishing,not-in-family,31500,0,Single Vehicle Collision,Rear Collision,Total Loss,Ambulance,22,1,YES,1,3,unknown,88110,16020,16020,56070,N,182,18141.050000000003,3.499781536733038,0,0.203018303780856,1,Low Risk
220,42,100/300,1000,1281.72,0,MALE,College,farming-fishing,other-relative,33500,-49500,Multi-vehicle Collision,Rear Collision,Minor Damage,Fire,20,4,NO,0,2,YES,47740,4340,4340,39060,N,7494,1131.050000000003,8.997926744989634,0,0.24649838232828308,1,Low Risk
85,30,100/300,1000,796.35,0,FEMALE,MD,craft-repair,own-child,72400,-77000,Multi-vehicle Collision,Rear Collision,Total Loss,Fire,9,3,YES,2,1,YES,58960,5360,10720,42880,N,4821,4951.050000000003,3.9996269004757017,0,0.3094752517330223,1,Low Risk
266,46,250/500,500,1270.02,0,FEMALE,Associate,tech-support,own-child,0,-45800,Parked Car,unknown,Minor Damage,Police,5,1,NO,1,2,unknown,2160,480,240,1440,N,9066,-36488.95,5.975103734439834,0,0.06195978459430854,0,Low Risk
41,26,100/300,1000,1383.13,0,FEMALE,JD,prof-specialty,own-child,46700,0,Vehicle Theft,unknown,Trivial Damage,Police,12,1,YES,1,1,unknown,6890,530,1060,5300,N,3259,-32628.949999999997,4.995287464655985,0,0.08317438928998334,0,Low Risk
316,45,100/300,2000,1290.74,5000000,FEMALE,High School,prof-specialty,husband,58300,0,Multi-vehicle Collision,Side Collision,Major Damage,Ambulance,6,3,NO,2,0,YES,78870,7170,14340,57360,N,416,19431.050000000003,3.9997210794226343,0,0.3800763289135552,1,Low Risk
285,47,100/300,1000,1216.68,0,FEMALE,Masters,sales,other-relative,55100,0,Vehicle Theft,unknown,Trivial Damage,Police,8,1,NO,1,1,NO,2700,300,300,2100,N,8499,-35828.95,6.976744186046512,0,0.04276547769510884,0,Low Risk
379,54,100/300,500,1251.16,0,FEMALE,Associate,machine-op-inspct,not-in-family,41400,0,Single Vehicle Collision,Front Collision,Total Loss,Ambulance,14,1,unknown,0,1,NO,75960,6330,6330,63300,N,4798,25371.050000000003,9.998420470699731,0,0.355115043450992,1,Low Risk
15,34,250/500,2000,1586.41,0,FEMALE,High School,sales,other-relative,33500,-58900,Single Vehicle Collision,Front Collision,Major Damage,Police,10,1,YES,1,3,unknown,75570,6870,13740,54960,Y,3575,17031.050000000003,3.999708900371152,1,0.7069018354227526,1,High Risk
354,48,500/1000,2000,1526.11,5000000,FEMALE,Masters,sales,unmarried,0,0,Single Vehicle Collision,Front Collision,Minor Damage,Police,12,1,unknown,2,3,YES,90240,15040,15040,60160,N,4288,22231.050000000003,3.999734060235357,0,0.20866480226875744,1,Low Risk
342,53,100/300,1000,1028.44,0,FEMALE,College,prof-specialty,not-in-family,0,0,Single Vehicle Collision,Front Collision,Major Damage,Ambulance,12,1,unknown,0,0,NO,80960,14720,7360,58880,N,3360,20951.050000000003,7.998913191142508,0,0.43031868655299044,1,Medium Risk
169,38,100/300,1000,1555.94,0,MALE,PhD,craft-repair,own-child,23300,0,Multi-vehicle Collision,Front Collision,Total Loss,Other,12,3,NO,1,3,YES,79080,6590,13180,59310,N,3670,21381.050000000003,4.499658599499279,0,0.1832589211527978,0,Low Risk
339,49,500/1000,2000,1570.77,0,MALE,JD,adm-clerical,not-in-family,98800,-65300,Vehicle Theft,unknown,Minor Damage,unknown,13,1,NO,0,3,NO,6820,1240,620,4960,N,7643,-32968.95,7.987117552334944,0,0.046502786246988975,0,Low Risk
259,42,100/300,2000,1170.53,0,FEMALE,PhD,armed-forces,wife,65000,-49200,Multi-vehicle Collision,Rear Collision,Total Loss,Fire,17,3,NO,1,2,YES,62590,5690,11380,45520,N,6929,7591.050000000003,3.99964853703541,0,0.35657904973622867,1,Low Risk
65,23,250/500,1000,1099.95,0,FEMALE,College,sales,wife,0,-71900,Single Vehicle Collision,Side Collision,Major Damage,Other,14,1,NO,1,0,YES,52400,6550,6550,39300,Y,5513,1371.050000000003,5.999084109296291,1,0.5954292699010544,1,Medium Risk
254,46,250/500,2000,1472.43,0,MALE,MD,tech-support,husband,0,-90600,Multi-vehicle Collision,Front Collision,Major Damage,Ambulance,3,3,unknown,1,3,YES,63580,5780,11560,46240,N,3831,8311.050000000003,3.999654009168757,0,0.4478195026442004,1,Medium Risk
440,55,250/500,500,1275.62,0,FEMALE,Associate,priv-house-serv,other-relative,0,-56200,Multi-vehicle Collision,Side Collision,Minor Damage,Police,18,3,YES,2,1,NO,61400,6140,6140,49120,N,807,11191.050000000003,7.998697280573197,0,0.21854362807220162,1,Low Risk
478,63,250/500,1000,1292.3,0,MALE,High School,adm-clerical,own-child,47600,0,Parked Car,unknown,Minor Damage,unknown,5,1,YES,1,3,NO,4700,940,470,3290,Y,2063,-34638.95,6.985138004246284,1,0.6006659287201953,1,Medium Risk
230,44,250/500,2000,1009.37,0,FEMALE,College,prof-specialty,other-relative,45400,-39400,Single Vehicle Collision,Front Collision,Total Loss,Fire,19,1,NO,0,2,YES,74140,13480,13480,47180,N,5349,9251.050000000003,3.4997403753430754,0,0.32372463551313774,1,Low Risk
138,30,500/1000,500,1093.07,4000000,FEMALE,PhD,other-service,wife,27700,-72400,Single Vehicle Collision,Front Collision,Major Damage,Other,0,1,unknown,2,2,NO,83160,6930,13860,62370,N,4745,24441.050000000003,4.499675348098982,0,0.59428149732912,1,Medium Risk
239,41,250/500,1000,1325.44,7000000,FEMALE,JD,farming-fishing,other-relative,51400,-6300,Parked Car,unknown,Trivial Damage,Police,22,1,unknown,0,2,YES,10790,1660,830,8300,N,464,-29628.949999999997,9.987966305655837,0,0.06340753584530019,0,Low Risk
93,31,100/300,2000,1017.18,0,FEMALE,MD,prof-specialty,husband,0,0,Multi-vehicle Collision,Rear Collision,Major Damage,Police,21,3,YES,1,3,NO,48070,8740,8740,30590,N,2591,-7338.949999999997,3.499599588147809,0,0.34300094280463517,1,Low Risk
37,25,100/300,1000,1221.17,0,FEMALE,Masters,protective-serv,not-in-family,49300,0,Multi-vehicle Collision,Rear Collision,Minor Damage,Ambulance,4,3,YES,0,0,YES,51030,5670,11340,34020,N,4344,-3908.949999999997,2.9997354730623402,0,0.18720362139602192,0,Low Risk
254,40,100/300,500,1927.87,0,MALE,MD,prof-specialty,husband,0,0,Single Vehicle Collision,Front Collision,Minor Damage,Fire,10,1,YES,0,1,unknown,43280,0,5410,37870,Y,7533,-58.94999999999709,6.998706338939198,1,0.7002865067497195,1,High Risk
131,29,250/500,1000,978.27,0,FEMALE,Associate,sales,own-child,65700,0,Single Vehicle Collision,Front Collision,Major Damage,Fire,5,1,unknown,1,3,NO,76400,15280,7640,53480,N,579,15551.050000000003,6.999083889543254,0,0.407337616709296,1,Medium Risk
230,43,100/300,2000,1221.14,0,MALE,MD,prof-specialty,wife,48100,0,Single Vehicle Collision,Side Collision,Total Loss,Ambulance,13,1,unknown,0,2,unknown,75460,13720,13720,48020,N,4574,10091.050000000003,3.499744916551272,0,0.35332130979488097,1,Low Risk
313,50,100/300,2000,1255.62,0,MALE,MD,armed-forces,unmarried,0,0,Multi-vehicle Collision,Side Collision,Major Damage,Other,18,3,YES,2,1,YES,69000,13800,6900,48300,Y,3869,10371.050000000003,6.998985654253007,1,0.7191735261990356,1,High Risk
210,38,250/500,500,999.52,0,MALE,JD,tech-support,other-relative,0,0,Vehicle Theft,unknown,Minor Damage,Police,6,1,unknown,1,2,NO,8640,1440,720,6480,N,5869,-31448.949999999997,8.9875173370319,0,0.041883652557851606,0,Low Risk
101,29,250/500,500,1380.89,0,MALE,PhD,armed-forces,own-child,30000,-53000,Multi-vehicle Collision,Rear Collision,Minor Damage,Ambulance,0,3,unknown,2,1,unknown,67210,12220,12220,42770,N,181,4841.050000000003,3.499713607724409,0,0.18135500647585417,0,Low Risk
153,37,500/1000,500,1010.77,0,MALE,High School,transport-moving,unmarried,52300,-55600,Multi-vehicle Collision,Side Collision,Total Loss,Ambulance,5,3,unknown,0,3,NO,42500,4250,4250,34000,N,3354,-3928.949999999997,7.998118089861209,0,0.1266626508774063,0,Low Risk
337,53,100/300,500,1205.86,0,MALE,Associate,armed-forces,wife,0,-34600,Single Vehicle Collision,Rear Collision,Minor Damage,Fire,8,1,YES,0,1,NO,86400,14400,7200,64800,N,5386,26871.050000000003,8.998750173587002,0,0.2378943590875871,1,Low Risk
360,51,500/1000,1000,1526.61,0,MALE,Masters,handlers-cleaners,not-in-family,0,-32900,Vehicle Theft,unknown,Minor Damage,Police,5,1,YES,2,2,unknown,4620,840,840,2940,Y,4813,-34988.95,3.4958382877526755,1,0.21217052037464568,1,Low Risk
428,53,100/300,1000,1496.44,0,FEMALE,High School,tech-support,unmarried,0,0,Parked Car,unknown,Trivial Damage,Police,9,1,YES,2,2,NO,6930,630,1260,5040,N,286,-32888.95,3.9968279143536876,0,0.08462475786424364,0,Low Risk
204,40,100/300,500,1256.2,0,FEMALE,JD,sales,not-in-family,0,0,Multi-vehicle Collision,Side Collision,Minor Damage,Other,10,3,YES,1,2,YES,41700,8340,8340,25020,N,8746,-12908.949999999997,2.999640330895576,0,0.10573487551486187,0,Low Risk
364,51,100/300,500,1268.35,0,MALE,Masters,transport-moving,wife,0,0,Single Vehicle Collision,Rear Collision,Major Damage,Other,16,1,YES,2,1,NO,77330,14060,14060,49210,Y,8292,11281.050000000003,3.4997510845601307,1,0.7568155969541545,1,High Risk
185,35,500/1000,2000,1421.59,0,MALE,College,other-service,own-child,0,0,Vehicle Theft,unknown,Trivial Damage,Police,8,1,unknown,2,3,YES,4950,900,450,3600,N,5446,-34328.95,7.982261640798226,0,0.15396806450242398,0,Low Risk
63,26,500/1000,500,1500.04,6000000,MALE,PhD,craft-repair,own-child,0,-36500,Vehicle Theft,unknown,Minor Damage,Police,5,1,NO,0,2,YES,5160,860,860,3440,N,7064,-34488.95,3.9953542392566783,0,0.06411411312101663,0,Low Risk
210,35,100/300,500,1433.24,0,FEMALE,College,exec-managerial,not-in-family,0,-19500,Multi-vehicle Collision,Side Collision,Total Loss,Fire,11,3,NO,2,1,unknown,24570,2730,2730,19110,Y,303,-18818.949999999997,6.997436836323691,1,0.6398431770934324,1,Medium Risk
194,38,100/300,2000,1231.25,0,FEMALE,PhD,craft-repair,not-in-family,46500,0,Multi-vehicle Collision,Rear Collision,Minor Damage,Ambulance,15,3,unknown,1,0,unknown,53680,4880,9760,39040,N,1443,1111.050000000003,3.9995902059215243,0,0.25200420405295143,1,Low Risk
294,49,500/1000,500,1135.43,0,MALE,Masters,farming-fishing,own-child,22700,0,Multi-vehicle Collision,Side Collision,Total Loss,Police,23,3,YES,1,1,YES,42900,3900,3900,35100,N,6949,-2828.949999999997,8.9976928992566,0,0.15029090128630215,0,Low Risk
272,41,250/500,2000,945.73,5000000,MALE,MD,protective-serv,wife,38600,-42800,Single Vehicle Collision,Front Collision,Minor Damage,Fire,23,1,NO,0,0,NO,84100,16820,8410,58870,Y,8703,20941.050000000003,6.999167756509333,1,0.2362637874759877,1,Low Risk
27,27,100/300,2000,1118.76,0,FEMALE,College,adm-clerical,own-child,0,-55800,Single Vehicle Collision,Front Collision,Total Loss,Fire,23,1,unknown,1,3,unknown,61560,6840,6840,47880,N,4625,9951.050000000003,6.99897675778395,0,0.2422042458700112,1,Low Risk
251,39,500/1000,2000,1231.98,0,FEMALE,Associate,other-service,not-in-family,0,-31700,Single Vehicle Collision,Rear Collision,Minor Damage,Police,10,1,YES,0,0,unknown,44240,5530,5530,33180,N,5753,-4748.949999999997,5.998915205207015,0,0.26585016473670586,1,Low Risk
180,33,500/1000,2000,1005.47,0,FEMALE,JD,protective-serv,own-child,58100,-49000,Multi-vehicle Collision,Rear Collision,Minor Damage,Ambulance,12,4,unknown,2,3,YES,57700,11540,5770,40390,N,2128,2461.050000000003,6.998787038641483,0,0.14639262246368512,0,Low Risk
392,50,100/300,2000,1108.97,0,FEMALE,PhD,exec-managerial,not-in-family,68400,-66800,Single Vehicle Collision,Side Collision,Minor Damage,Other,4,1,NO,2,2,YES,108030,16620,16620,74790,N,8546,36861.05,4.4997292581673785,0,0.13828509278956988,0,Low Risk
143,30,100/300,500,1392.39,5000000,FEMALE,High School,exec-managerial,unmarried,0,-65700,Single Vehicle Collision,Rear Collision,Minor Damage,Fire,16,1,NO,2,0,YES,54300,10860,5430,38010,N,8446,81.05000000000291,6.998711102927637,0,0.18292642586903318,0,Low Risk
371,54,100/300,2000,1317.97,0,MALE,High School,craft-repair,wife,34700,-81000,Multi-vehicle Collision,Front Collision,Major Damage,Ambulance,18,3,unknown,1,2,unknown,32280,5380,5380,21520,Y,996,-16408.949999999997,3.9992566437465156,1,0.6931498742577628,1,Medium Risk
292,42,250/500,1000,1588.22,0,MALE,JD,machine-op-inspct,other-relative,0,-53800,Multi-vehicle Collision,Rear Collision,Total Loss,Other,15,3,YES,1,1,NO,84600,16920,8460,59220,N,2874,21291.050000000003,6.999172674624749,0,0.1568631166618609,0,Low Risk
165,35,250/500,500,900.02,6000000,MALE,College,craft-repair,own-child,0,-49900,Single Vehicle Collision,Front Collision,Total Loss,Other,8,1,NO,1,3,YES,69700,6970,6970,55760,N,785,17831.050000000003,7.998852388466504,0,0.17552896123640155,0,Low Risk
158,33,100/300,1000,1744.64,3000000,MALE,JD,prof-specialty,unmarried,0,0,Multi-vehicle Collision,Rear Collision,Total Loss,Ambulance,4,3,NO,0,1,NO,36400,3640,7280,25480,N,413,-12448.949999999997,3.4995192967998903,0,0.1217603784041057,0,Low Risk
241,39,250/500,1000,1260.56,0,FEMALE,JD,adm-clerical,own-child,0,-54900,Multi-vehicle Collision,Side Collision,Minor Damage,Police,20,3,NO,0,2,YES,37520,4690,4690,28140,N,3587,-9788.949999999997,5.998720955020252,0,0.07616009946122666,0,Low Risk
103,33,500/1000,2000,1021.14,0,FEMALE,Masters,other-service,wife,69500,-47700,Multi-vehicle Collision,Side Collision,Major Damage,Ambulance,1,3,NO,2,3,unknown,79090,14380,14380,50330,N,7429,12401.050000000003,3.4997566233224395,0,0.40283074227874954,1,Medium Risk
402,54,250/500,2000,1285.09,0,MALE,JD,farming-fishing,not-in-family,48000,-79600,Single Vehicle Collision,Rear Collision,Major Damage,Other,19,1,NO,0,2,YES,67770,7530,15060,45180,Y,4214,7251.050000000003,2.999800810039174,1,0.7411117765335442,1,High Risk
102,32,100/300,500,1537.07,3000000,MALE,JD,tech-support,wife,0,0,Single Vehicle Collision,Side Collision,Total Loss,Other,11,1,NO,1,0,NO,47400,9480,4740,33180,Y,155,-4748.949999999997,6.998523518245096,1,0.6258863104381369,1,Medium Risk
182,40,100/300,1000,1022.42,0,MALE,PhD,other-service,husband,50000,-56900,Single Vehicle Collision,Front Collision,Total Loss,Other,13,1,YES,0,2,unknown,71100,7110,14220,49770,N,1163,11841.050000000003,3.499753885099501,0,0.2891693912423523,1,Low Risk
282,46,100/300,2000,1558.86,0,MALE,MD,other-service,wife,51100,-75100,Single Vehicle Collision,Front Collision,Minor Damage,Police,2,1,unknown,2,2,NO,69400,13880,6940,48580,N,8585,10651.050000000003,6.998991499783893,0,0.1691760815622079,0,Low Risk
222,39,500/1000,500,1757.87,0,MALE,High School,transport-moving,not-in-family,71400,0,Multi-vehicle Collision,Rear Collision,Major Damage,Other,9,3,YES,2,1,unknown,55000,5000,10000,40000,Y,3975,2071.050000000003,3.9996000399960003,1,0.7041830343677239,1,High Risk
415,52,250/500,1000,973.5,0,MALE,PhD,machine-op-inspct,not-in-family,50400,0,Multi-vehicle Collision,Rear Collision,Total Loss,Police,15,2,YES,1,3,YES,51090,7860,7860,35370,N,-20,-2558.949999999997,4.499427553746343,0,0.1573915642069081,0,Low Risk
51,34,500/1000,500,1430.8,0,MALE,PhD,machine-op-inspct,unmarried,0,0,Single Vehicle Collision,Side Collision,Major Damage,Fire,23,1,unknown,2,3,NO,64200,6420,19260,38520,Y,414,591.0500000000029,1.9998961632314003,1,0.8021522134175583,1,High Risk
255,45,500/1000,500,1192.27,0,MALE,High School,sales,own-child,0,-40200,Single Vehicle Collision,Front Collision,Total Loss,Other,16,1,NO,2,0,YES,67320,12240,12240,42840,N,8849,4911.050000000003,3.4997140756474145,0,0.2201378797642715,1,Low Risk
143,31,250/500,500,1163.83,0,MALE,Associate,protective-serv,husband,37700,0,Multi-vehicle Collision,Side Collision,Major Damage,Other,21,4,YES,2,0,unknown,76120,6920,13840,55360,N,231,17431.050000000003,3.999711003540207,0,0.3710394855328594,1,Low Risk
130,28,500/1000,1000,1003.15,0,FEMALE,JD,farming-fishing,other-relative,0,-38500,Multi-vehicle Collision,Front Collision,Minor Damage,Ambulance,21,2,YES,2,1,NO,85020,13080,13080,58860,N,8460,20931.050000000003,4.499655989603242,0,0.19003778988533535,0,Low Risk
242,41,250/500,2000,1153.54,6000000,MALE,Masters,protective-serv,unmarried,0,-57000,Multi-vehicle Collision,Rear Collision,Minor Damage,Fire,3,3,NO,0,1,unknown,68090,12380,12380,43330,N,8899,5401.050000000003,3.4997173087795814,0,0.12490218666335677,0,Low Risk
96,27,100/300,1000,1631.1,0,FEMALE,High School,priv-house-serv,wife,0,0,Parked Car,unknown,Trivial Damage,Police,4,1,unknown,1,2,NO,6030,670,670,4690,N,2166,-33238.95,6.98956780923994,0,0.07817414783669721,0,Low Risk
180,35,500/1000,1000,1252.48,0,MALE,MD,machine-op-inspct,wife,0,-55800,Vehicle Theft,unknown,Minor Damage,unknown,17,1,unknown,1,3,NO,5100,1020,510,3570,N,3495,-34358.95,6.986301369863014,0,0.14622692828723965,0,Low Risk
150,30,100/300,1000,1677.26,0,MALE,College,sales,own-child,40100,0,Vehicle Theft,unknown,Trivial Damage,Police,7,1,YES,1,3,YES,4590,510,510,3570,N,7609,-34358.95,6.986301369863014,0,0.05384526104737553,0,Low Risk
463,59,250/500,1000,979.73,0,FEMALE,JD,exec-managerial,not-in-family,51700,0,Multi-vehicle Collision,Front Collision,Major Damage,Other,14,2,unknown,1,2,NO,72400,7240,14480,50680,Y,7498,12751.050000000003,3.4997583039845312,1,0.5172438739373262,1,Medium Risk
472,64,250/500,500,989.24,0,MALE,Masters,other-service,not-in-family,0,0,Single Vehicle Collision,Front Collision,Major Damage,Fire,13,1,NO,2,3,NO,70900,14180,7090,49630,N,910,11701.050000000003,6.9990128331688055,0,0.36394876331239995,1,Low Risk
75,25,500/1000,1000,1389.86,0,FEMALE,Associate,priv-house-serv,husband,0,0,Multi-vehicle Collision,Side Collision,Total Loss,Other,23,2,unknown,2,3,YES,65100,6510,6510,52080,N,1143,14151.050000000003,7.998771310090616,0,0.2044865418093648,1,Low Risk
193,40,100/300,500,1233.85,0,FEMALE,College,handlers-cleaners,husband,0,0,Multi-vehicle Collision,Side Collision,Total Loss,Ambulance,23,3,unknown,2,1,YES,64260,0,14280,49980,N,3655,12051.050000000003,3.4997549191233106,0,0.21080838304175972,1,Low Risk
43,43,500/1000,500,1320.39,0,FEMALE,Associate,armed-forces,not-in-family,0,0,Single Vehicle Collision,Rear Collision,Major Damage,Ambulance,16,1,unknown,2,1,unknown,79970,7270,21810,50890,Y,6282,12961.050000000003,2.333226353674751,1,0.7623250405743266,1,High Risk
253,41,100/300,1000,1435.09,0,FEMALE,College,machine-op-inspct,not-in-family,36600,0,Single Vehicle Collision,Rear Collision,Total Loss,Police,17,1,NO,2,0,unknown,56610,6290,6290,44030,N,3918,6101.050000000003,6.9988872993164835,0,0.22673145879095258,1,Low Risk
152,30,500/1000,500,1448.54,0,FEMALE,JD,craft-repair,wife,58600,0,Single Vehicle Collision,Side Collision,Major Damage,Fire,9,1,YES,1,1,unknown,84590,7690,7690,69210,Y,1912,31281.050000000003,8.998829801066181,1,0.7609049007818565,1,High Risk
160,38,250/500,500,1733.56,0,MALE,High School,sales,wife,0,-43800,Multi-vehicle Collision,Side Collision,Major Damage,Fire,13,3,NO,2,1,YES,66780,7420,14840,44520,N,1938,6591.050000000003,2.999797857287245,0,0.48387180933944307,1,Medium Risk
56,36,100/300,500,1533.07,0,MALE,JD,farming-fishing,own-child,0,-28800,Single Vehicle Collision,Rear Collision,Major Damage,Police,13,1,YES,1,2,YES,58500,0,6500,52000,N,1899,14071.050000000003,7.998769420089217,0,0.4252801146891736,1,Medium Risk
286,41,100/300,500,1106.77,0,FEMALE,College,prof-specialty,other-relative,45500,-62500,Parked Car,unknown,Trivial Damage,Police,3,1,unknown,2,0,NO,5000,500,500,4000,N,4915,-33928.95,7.984031936127744,0,0.045656764458053965,0,Low Risk
3,29,100/300,500,995.7,5000000,FEMALE,JD,priv-house-serv,unmarried,0,0,Parked Car,unknown,Trivial Damage,Police,3,1,unknown,2,1,unknown,5000,500,1000,3500,Y,8102,-34428.95,3.4965034965034967,1,0.7338183851099394,1,High Risk
286,41,250/500,1000,1298.85,6000000,FEMALE,High School,sales,other-relative,71300,-70300,Multi-vehicle Collision,Front Collision,Major Damage,Ambulance,16,3,unknown,1,3,YES,54450,6050,12100,36300,N,5872,-1628.949999999997,2.999752086604413,0,0.3573303984717695,1,Low Risk
239,38,250/500,1000,1276.73,5000000,FEMALE,Masters,handlers-cleaners,other-relative,0,0,Multi-vehicle Collision,Front Collision,Major Damage,Police,12,3,NO,1,3,unknown,61920,6880,6880,48160,N,8944,10231.050000000003,6.998982706002034,0,0.3997359558439776,1,Low Risk
64,29,250/500,2000,1202.28,0,MALE,High School,exec-managerial,other-relative,0,-61400,Single Vehicle Collision,Side Collision,Minor Damage,Ambulance,4,1,unknown,1,2,NO,43700,4370,4370,34960,Y,1178,-2968.949999999997,7.998169755204759,1,0.6824126766991695,1,Medium Risk
98,31,100/300,500,671.92,0,MALE,Masters,machine-op-inspct,wife,0,-26400,Single Vehicle Collision,Front Collision,Minor Damage,Other,3,1,unknown,2,0,unknown,64080,7120,7120,49840,N,9123,11911.050000000003,6.999016991995506,0,0.15104997046948385,0,Low Risk
16,35,250/500,1000,1358.03,0,MALE,JD,sales,own-child,59300,-31400,Single Vehicle Collision,Rear Collision,Total Loss,Other,0,1,NO,2,1,unknown,55000,10000,10000,35000,Y,8848,-2928.949999999997,3.4996500349965003,1,0.5730772821691387,1,Medium Risk
70,27,250/500,1000,1008.79,4000000,FEMALE,Masters,adm-clerical,own-child,46000,0,Vehicle Theft,unknown,Trivial Damage,Police,19,1,NO,2,3,unknown,4400,0,550,3850,N,3833,-34078.95,6.987295825771325,0,0.06675243228851602,0,Low Risk
75,27,100/300,1000,1141.1,0,MALE,JD,armed-forces,other-relative,0,0,Multi-vehicle Collision,Side Collision,Minor Damage,Police,15,2,unknown,0,1,YES,71640,5970,11940,53730,N,7750,15801.050000000003,4.499623147140105,0,0.1856839258854845,0,Low Risk
246,44,100/300,1000,1397.0,0,MALE,High School,machine-op-inspct,not-in-family,0,0,Single Vehicle Collision,Rear Collision,Minor Damage,Other,6,1,NO,1,0,NO,61740,6860,6860,48020,N,7241,10091.050000000003,6.9989797405626,0,0.18740824126564154,0,Low Risk
110,27,500/1000,1000,1664.66,0,FEMALE,Associate,priv-house-serv,own-child,0,-66200,Single Vehicle Collision,Side Collision,Total Loss,Ambulance,3,1,unknown,0,3,unknown,57500,5750,5750,46000,N,2012,8071.050000000003,7.998608937576074,0,0.14000629921566204,0,Low Risk
236,39,250/500,1000,1151.39,4000000,FEMALE,Masters,exec-managerial,wife,0,-63900,Parked Car,unknown,Minor Damage,Police,17,1,YES,0,0,unknown,8700,870,1740,6090,N,6633,-31838.949999999997,3.497989661114302,0,0.09163706353963587,0,Low Risk
267,46,100/300,2000,1546.01,0,FEMALE,MD,adm-clerical,wife,0,0,Multi-vehicle Collision,Front Collision,Total Loss,Police,4,4,NO,2,1,unknown,77100,15420,7710,53970,N,3802,16041.050000000003,6.999092205939567,0,0.17998921857474623,0,Low Risk
463,57,250/500,500,1063.67,0,MALE,Masters,priv-house-serv,wife,0,0,Single Vehicle Collision,Front Collision,Minor Damage,Police,14,1,NO,2,0,YES,59400,6600,6600,46200,N,8599,8271.050000000003,6.998939554612938,0,0.20207815605349708,1,Low Risk
303,46,100/300,1000,709.14,0,MALE,Masters,machine-op-inspct,husband,0,0,Multi-vehicle Collision,Rear Collision,Minor Damage,Fire,3,3,NO,1,0,NO,54890,9980,4990,39920,N,3681,1991.050000000003,7.998397114806652,0,0.2954689326004729,1,Low Risk
137,30,250/500,500,1039.55,0,MALE,MD,exec-managerial,unmarried,55600,-59700,Multi-vehicle Collision,Front Collision,Minor Damage,Other,4,3,unknown,2,1,unknown,74030,6730,13460,53840,N,1158,15911.050000000003,3.9997028452566674,0,0.31455336333144185,1,Low Risk
56,42,250/500,500,1339.39,0,FEMALE,Associate,adm-clerical,not-in-family,0,0,Single Vehicle Collision,Rear Collision,Total Loss,Other,13,1,unknown,1,2,YES,61490,11180,11180,39130,N,6807,1201.050000000003,3.499686968965209,0,0.36696041819137754,1,Low Risk
75,27,250/500,1000,1202.75,0,MALE,High School,handlers-cleaners,not-in-family,57900,-90100,Multi-vehicle Collision,Front Collision,Minor Damage,Police,23,3,NO,0,2,YES,79560,6630,13260,59670,N,8204,21741.050000000003,4.499660659075484,0,0.14051382100535106,0,Low Risk
131,33,100/300,2000,1081.17,0,MALE,MD,sales,wife,0,-65200,Parked Car,unknown,Minor Damage,Police,3,1,unknown,0,1,NO,4900,490,490,3920,N,8877,-34008.95,7.9837067209775965,0,0.10402792395944588,0,Low Risk
153,34,250/500,500,991.39,0,MALE,High School,tech-support,other-relative,45600,-61400,Multi-vehicle Collision,Side Collision,Total Loss,Other,0,3,unknown,1,0,NO,77770,14140,14140,49490,N,7670,11561.050000000003,3.4997524927515733,0,0.25126564081448133,1,Low Risk
255,43,500/1000,500,984.02,0,FEMALE,JD,transport-moving,unmarried,75800,0,Multi-vehicle Collision,Side Collision,Major Damage,Fire,14,2,unknown,2,2,unknown,74700,7470,14940,52290,Y,2837,14361.050000000003,3.4997657452647077,1,0.768498400447873,1,High Risk
103,26,100/300,500,1354.83,0,MALE,MD,tech-support,husband,66300,0,Multi-vehicle Collision,Front Collision,Minor Damage,Police,14,2,NO,2,2,unknown,40600,4060,4060,32480,N,272,-5448.949999999997,7.99803004186161,0,0.22585188767989128,1,Low Risk
97,28,100/300,1000,830.31,0,MALE,JD,farming-fishing,husband,0,-32600,Single Vehicle Collision,Rear Collision,Total Loss,Ambulance,22,1,unknown,1,0,unknown,45270,10060,10060,25150,N,1797,-12778.949999999997,2.499751515753901,0,0.3334254865530359,1,Low Risk
214,36,100/300,2000,987.42,7000000,FEMALE,Associate,machine-op-inspct,own-child,0,0,Multi-vehicle Collision,Front Collision,Minor Damage,Ambulance,17,3,NO,0,3,unknown,47080,4280,8560,34240,N,5354,-3688.949999999997,3.999532764863918,0,0.09235745029540685,0,Low Risk
438,57,500/1000,500,1119.29,0,FEMALE,MD,machine-op-inspct,husband,0,0,Single Vehicle Collision,Side Collision,Minor Damage,Police,14,1,unknown,0,0,NO,40700,4070,4070,32560,Y,8503,-5368.949999999997,7.998034880864653,1,0.5811729853741251,1,Medium Risk
87,27,100/300,500,1048.39,0,FEMALE,Masters,transport-moving,own-child,0,0,Single Vehicle Collision,Side Collision,Minor Damage,Police,2,1,unknown,2,1,YES,34650,6300,3150,25200,N,4059,-12728.949999999997,7.997461123452872,0,0.08655017142775043,0,Low Risk
27,28,500/1000,1000,1074.47,0,MALE,MD,protective-serv,wife,0,0,Parked Car,unknown,Trivial Damage,Police,4,1,unknown,2,0,unknown,3200,400,400,2400,N,8240,-35528.95,5.985037406483791,0,0.07767125617291487,0,Low Risk
206,42,500/1000,1000,1230.76,0,MALE,High School,machine-op-inspct,unmarried,0,-74200,Single Vehicle Collision,Rear Collision,Major Damage,Fire,2,1,unknown,1,1,NO,78980,7180,14360,57440,Y,7755,19511.050000000003,3.999721467864355,1,0.717440027271659,1,High Risk
127,31,500/1000,500,1255.02,0,MALE,Associate,sales,not-in-family,58200,0,Parked Car,unknown,Minor Damage,unknown,10,1,YES,1,0,NO,6160,560,1120,4480,N,4571,-33448.95,3.9964317573595003,0,0.046682626810750104,0,Low Risk
422,60,100/300,1000,1555.52,0,FEMALE,MD,machine-op-inspct,own-child,43600,-67800,Single Vehicle Collision,Front Collision,Major Damage,Ambulance,11,1,YES,1,1,NO,85250,15500,7750,62000,N,1553,24071.050000000003,7.998967875112888,0,0.5893120906314453,1,Medium Risk
303,50,100/300,2000,836.11,5000000,MALE,Masters,sales,not-in-family,0,0,Multi-vehicle Collision,Side Collision,Major Damage,Fire,1,4,YES,1,2,NO,72840,12140,6070,54630,N,6532,16701.050000000003,8.998517542414758,0,0.4162860072381276,1,Medium Risk
228,40,100/300,500,1450.98,0,MALE,Associate,exec-managerial,husband,43700,0,Parked Car,unknown,Trivial Damage,Police,20,1,unknown,0,2,NO,6050,1100,1100,3850,N,6532,-34078.95,3.4968210717529518,0,0.08325098357161441,0,Low Risk
239,39,250/500,2000,625.08,0,FEMALE,JD,protective-serv,wife,44200,-37000,Single Vehicle Collision,Front Collision,Major Damage,Fire,10,1,NO,2,3,YES,87890,15980,7990,63920,Y,8904,25991.050000000003,7.998998873732949,1,0.7393940767345741,1,High Risk
330,47,100/300,2000,1133.27,0,FEMALE,High School,craft-repair,wife,0,-56400,Multi-vehicle Collision,Side Collision,Total Loss,Other,20,2,unknown,0,2,YES,60500,11000,5500,44000,Y,277,6071.050000000003,7.998545718960189,1,0.5428745387342002,1,Medium Risk
128,35,500/1000,500,1366.6,0,FEMALE,MD,machine-op-inspct,other-relative,0,0,Multi-vehicle Collision,Front Collision,Minor Damage,Fire,10,3,unknown,2,1,NO,88220,16040,16040,56140,N,3815,18211.050000000003,3.499781809114145,0,0.19449720362049194,0,Low Risk
147,37,500/1000,1000,1439.9,6000000,FEMALE,Associate,prof-specialty,husband,0,-48400,Multi-vehicle Collision,Rear Collision,Total Loss,Other,2,2,NO,1,2,NO,53680,9760,4880,39040,N,2006,1111.050000000003,7.998360991600082,0,0.24188045307912226,1,Low Risk
287,45,500/1000,1000,1230.69,0,MALE,Masters,transport-moving,not-in-family,0,-54600,Single Vehicle Collision,Front Collision,Minor Damage,Fire,19,1,NO,0,2,NO,53800,5380,5380,43040,N,2746,5111.050000000003,7.998513287493031,0,0.38471216211257975,1,Low Risk
142,29,100/300,2000,1307.68,0,FEMALE,MD,craft-repair,husband,0,-48500,Single Vehicle Collision,Rear Collision,Major Damage,Police,10,1,YES,1,2,NO,54360,4530,9060,40770,Y,1831,2841.050000000003,4.499503366074385,1,0.7496006266253603,1,High Risk
162,35,500/1000,2000,1124.69,0,FEMALE,Masters,handlers-cleaners,husband,0,0,Single Vehicle Collision,Side Collision,Major Damage,Police,14,1,YES,0,3,YES,54340,9880,4940,39520,N,5394,1591.050000000003,7.9983808945557575,0,0.3750964158217246,1,Low Risk
140,35,100/300,1000,1520.78,0,FEMALE,High School,craft-repair,wife,0,-42900,Parked Car,unknown,Trivial Damage,unknown,5,1,unknown,0,2,YES,2860,520,260,2080,Y,2497,-35848.95,7.969348659003831,1,0.639267716300263,1,Medium Risk
106,28,100/300,2000,1609.11,0,MALE,High School,craft-repair,own-child,0,0,Vehicle Theft,unknown,Minor Damage,Police,8,1,YES,2,1,YES,5490,0,1220,4270,N,9022,-33658.95,3.4971334971334973,0,0.08883825257233265,0,Low Risk
292,45,500/1000,1000,1358.91,0,MALE,Masters,craft-repair,unmarried,0,0,Vehicle Theft,unknown,Trivial Damage,Police,4,1,NO,0,2,unknown,7370,670,1340,5360,N,8739,-32568.949999999997,3.9970171513795676,0,0.08897762499423974,0,Low Risk
34,34,500/1000,500,1295.87,0,FEMALE,PhD,priv-house-serv,husband,0,0,Multi-vehicle Collision,Side Collision,Major Damage,Ambulance,4,3,unknown,1,0,NO,50800,5080,5080,40640,Y,8335,2711.050000000003,7.998425506790002,1,0.6967106702852631,1,Medium Risk
290,48,250/500,500,1161.03,5000000,MALE,Associate,adm-clerical,not-in-family,45300,0,Multi-vehicle Collision,Side Collision,Minor Damage,Fire,20,2,unknown,1,1,unknown,41520,5190,5190,31140,N,660,-6788.949999999997,5.998844153342323,0,0.22931995583221335,1,Low Risk
182,38,500/1000,2000,1441.06,0,FEMALE,Masters,armed-forces,husband,53800,-78300,Single Vehicle Collision,Side Collision,Total Loss,Police,18,1,unknown,2,3,YES,89650,8150,16300,65200,N,2099,27271.050000000003,3.99975461628121,0,0.3512028287789755,1,Low Risk
362,55,100/300,1000,1097.99,0,FEMALE,JD,other-service,unmarried,44400,-71500,Multi-vehicle Collision,Rear Collision,Total Loss,Police,0,3,NO,0,3,NO,39690,0,0,39690,N,2269,1761.050000000003,39690.0,0,0.18040572781492442,0,Low Risk
143,32,500/1000,1000,1464.42,0,FEMALE,High School,exec-managerial,husband,79900,0,Single Vehicle Collision,Rear Collision,Major Damage,Ambulance,1,1,unknown,2,0,NO,62260,5660,5660,50940,N,5307,13011.050000000003,8.998410174880764,0,0.3296803882106267,1,Low Risk
183,38,250/500,500,1543.68,0,FEMALE,Masters,prof-specialty,not-in-family,20200,0,Single Vehicle Collision,Side Collision,Major Damage,Police,17,1,NO,0,1,YES,51920,9440,4720,37760,Y,227,-168.9499999999971,7.9983054437619145,1,0.7537637175024209,1,High Risk
254,40,250/500,500,1390.89,5000000,MALE,College,armed-forces,wife,0,-74400,Single Vehicle Collision,Front Collision,Minor Damage,Other,23,1,unknown,2,2,unknown,53460,9720,4860,38880,N,7251,951.0500000000029,7.998354248097099,0,0.24481563547665372,1,Low Risk
249,43,100/300,2000,1148.58,0,FEMALE,MD,adm-clerical,not-in-family,0,-71200,Multi-vehicle Collision,Rear Collision,Total Loss,Fire,4,3,YES,2,1,YES,57100,5710,5710,45680,N,8919,7751.050000000003,7.998599194536859,0,0.23195282536067685,1,Low Risk
169,36,250/500,500,1616.26,0,MALE,High School,exec-managerial,unmarried,50700,-57600,Multi-vehicle Collision,Front Collision,Total Loss,Ambulance,0,3,NO,2,3,unknown,77440,14080,7040,56320,N,5904,18391.050000000003,7.998863797756001,0,0.18654442396474397,0,Low Risk
235,40,500/1000,500,1398.94,0,MALE,College,craft-repair,husband,0,0,Single Vehicle Collision,Side Collision,Minor Damage,Ambulance,11,1,NO,1,2,NO,68300,6830,13660,47810,N,7047,9881.050000000003,3.499743796208184,0,0.28003414058322457,1,Low Risk
112,32,500/1000,1000,1238.92,0,MALE,Associate,other-service,other-relative,57800,-53700,Parked Car,unknown,Trivial Damage,unknown,4,1,unknown,0,2,unknown,5060,460,920,3680,N,5531,-34248.95,3.995656894679696,0,0.05597680501513151,0,Low Risk
16,32,100/300,1000,968.46,0,MALE,MD,tech-support,not-in-family,50800,-66200,Multi-vehicle Collision,Side Collision,Total Loss,Ambulance,0,3,unknown,0,2,unknown,59400,6600,13200,39600,Y,4566,1671.050000000003,2.999772744489054,1,0.34302928276460704,1,Low Risk
128,31,100/300,500,1045.12,0,FEMALE,High School,transport-moving,other-relative,0,-28300,Multi-vehicle Collision,Side Collision,Major Damage,Ambulance,2,3,NO,0,2,unknown,69930,0,15540,54390,Y,7839,16461.050000000003,3.4997747892671,1,0.7771568036872731,1,High Risk
103,27,100/300,1000,1537.33,0,FEMALE,College,handlers-cleaners,husband,0,-74800,Multi-vehicle Collision,Front Collision,Minor Damage,Police,11,3,YES,1,1,NO,77700,7770,15540,54390,N,2623,16461.050000000003,3.4997747892671,0,0.24768262606634442,1,Low Risk
356,54,500/1000,500,912.3,0,MALE,College,prof-specialty,wife,58500,-44000,Multi-vehicle Collision,Front Collision,Major Damage,Other,23,3,NO,2,1,unknown,68750,12500,12500,43750,Y,2526,5821.050000000003,3.499720022398208,1,0.7813638030341665,1,High Risk
109,29,100/300,2000,1007.28,6000000,FEMALE,High School,adm-clerical,husband,0,0,Multi-vehicle Collision,Side Collision,Minor Damage,Police,17,3,NO,1,3,YES,91080,16560,16560,57960,N,3065,20031.050000000003,3.4997886601050663,0,0.16097466576334898,0,Low Risk
2,20,500/1000,1000,1189.98,4000000,FEMALE,High School,craft-repair,other-relative,0,-54700,Single Vehicle Collision,Side Collision,Minor Damage,Other,22,1,NO,1,3,YES,48360,4030,8060,36270,N,4347,-1658.949999999997,4.49944175660588,0,0.1281456394495065,0,Low Risk
198,34,250/500,1000,1576.41,0,MALE,Associate,handlers-cleaners,other-relative,0,-55100,Single Vehicle Collision,Side Collision,Major Damage,Other,18,1,YES,1,1,YES,95000,9500,9500,76000,N,4290,38071.05,7.999157983370171,0,0.35440652016404756,1,Low Risk
107,32,100/300,500,1172.82,4000000,MALE,Associate,machine-op-inspct,other-relative,82100,0,Vehicle Theft,unknown,Trivial Damage,Police,8,1,unknown,1,3,NO,3900,780,390,2730,N,4677,-35198.95,6.982097186700767,0,0.03781523954452158,0,Low Risk
252,39,500/1000,500,1312.22,9000000,MALE,High School,transport-moving,other-relative,0,-33300,Multi-vehicle Collision,Front Collision,Minor Damage,Other,15,3,unknown,0,3,NO,59400,11880,5940,41580,Y,4011,3651.050000000003,6.998821747180609,1,0.6560133197574045,1,Medium Risk
303,43,500/1000,1000,671.01,7000000,FEMALE,Associate,machine-op-inspct,other-relative,42900,-61500,Single Vehicle Collision,Rear Collision,Minor Damage,Fire,20,1,unknown,2,0,unknown,60210,6690,6690,46830,N,5838,8901.050000000003,6.9989538185622475,0,0.28239612255309987,1,Low Risk
101,32,250/500,500,895.14,0,MALE,JD,sales,other-relative,52600,-30400,Single Vehicle Collision,Front Collision,Minor Damage,Ambulance,4,1,unknown,0,3,YES,43600,8720,4360,30520,N,4735,-7408.949999999997,6.998394863563403,0,0.08761780670630083,0,Low Risk
446,57,100/300,2000,1373.21,0,MALE,College,adm-clerical,unmarried,42700,-64900,Multi-vehicle Collision,Front Collision,Total Loss,Police,10,3,NO,0,0,NO,62800,6280,12560,43960,N,8102,6031.050000000003,3.49972135976435,0,0.3335531504986856,1,Low Risk
330,48,250/500,1000,1625.65,0,MALE,College,farming-fishing,husband,0,0,Single Vehicle Collision,Side Collision,Major Damage,Ambulance,10,1,YES,1,3,unknown,59500,11900,5950,41650,N,6091,3721.050000000003,6.998823727104688,0,0.6433605975130421,1,Medium Risk
211,37,250/500,2000,1295.63,4000000,FEMALE,PhD,armed-forces,not-in-family,42200,-33800,Multi-vehicle Collision,Front Collision,Total Loss,Police,22,3,YES,1,0,unknown,53460,5940,5940,41580,N,1485,3651.050000000003,6.998821747180609,0,0.2668378520023978,1,Low Risk
172,33,100/300,1000,1459.96,6000000,FEMALE,High School,adm-clerical,wife,41300,-42000,Multi-vehicle Collision,Side Collision,Total Loss,Ambulance,15,3,NO,0,1,NO,41690,7580,7580,26530,N,1048,-11398.949999999997,3.4995383194829177,0,0.11963787770883891,0,Low Risk
316,46,100/300,500,1219.94,7000000,FEMALE,Masters,prof-specialty,wife,0,-51000,Single Vehicle Collision,Side Collision,Minor Damage,Ambulance,13,1,unknown,0,1,YES,63100,6310,12620,44170,N,1343,6241.050000000003,3.499722684414864,0,0.17391863958535708,0,Low Risk
435,60,500/1000,500,1064.49,5000000,MALE,Associate,priv-house-serv,other-relative,73500,-43300,Single Vehicle Collision,Front Collision,Total Loss,Ambulance,23,1,NO,2,1,unknown,62880,5240,10480,47160,Y,3006,9231.050000000003,4.499570651655376,1,0.6580283948296847,1,Medium Risk
344,51,100/300,1000,959.83,0,FEMALE,Masters,sales,not-in-family,0,-38700,Multi-vehicle Collision,Side Collision,Major Damage,Fire,18,3,unknown,2,2,YES,75400,17400,11600,46400,Y,2411,8471.050000000003,3.9996552021377467,1,0.7189940787986037,1,High Risk
204,40,250/500,2000,1767.02,0,MALE,JD,machine-op-inspct,husband,0,-49300,Single Vehicle Collision,Rear Collision,Total Loss,Ambulance,7,1,YES,1,1,NO,46200,4200,8400,33600,N,7851,-4328.949999999997,3.999523866206404,0,0.2369464395597615,1,Low Risk
278,47,500/1000,500,1285.01,0,MALE,Masters,machine-op-inspct,not-in-family,0,-39800,Single Vehicle Collision,Rear Collision,Major Damage,Ambulance,21,1,NO,2,2,YES,58500,5850,5850,46800,N,2478,8871.050000000003,7.998632712356862,0,0.4759228439175719,1,Medium Risk
434,57,500/1000,2000,1422.95,0,MALE,JD,transport-moving,husband,0,0,Multi-vehicle Collision,Rear Collision,Major Damage,Other,15,3,NO,1,3,NO,66240,11040,11040,44160,N,5321,6231.050000000003,3.9996377139751833,0,0.6102164084171252,1,Medium Risk
209,36,100/300,2000,1223.39,0,FEMALE,MD,craft-repair,wife,0,0,Multi-vehicle Collision,Rear Collision,Total Loss,Ambulance,17,3,unknown,1,3,unknown,65440,8180,8180,49080,N,1827,11151.050000000003,5.999266593325999,0,0.24628370791098547,1,Low Risk
250,43,500/1000,2000,1539.06,0,MALE,Masters,sales,other-relative,37800,0,Single Vehicle Collision,Front Collision,Minor Damage,Fire,2,1,NO,0,3,unknown,64200,10700,10700,42800,N,9064,4871.050000000003,3.9996262031585834,0,0.14427819405166892,0,Low Risk
61,25,100/300,2000,988.06,0,FEMALE,Masters,other-service,not-in-family,0,0,Multi-vehicle Collision,Rear Collision,Minor Damage,Ambulance,1,3,YES,1,0,NO,32320,4040,4040,24240,N,6216,-13688.949999999997,5.9985152190051965,0,0.12955637943706882,0,Low Risk
80,28,500/1000,1000,1740.57,0,FEMALE,College,farming-fishing,wife,0,-18600,Single Vehicle Collision,Rear Collision,Major Damage,Police,3,1,unknown,0,1,unknown,33480,3720,3720,26040,N,46,-11888.949999999997,6.998118785272776,0,0.2988478569486791,1,Low Risk
25,38,250/500,1000,1540.91,7000000,MALE,College,adm-clerical,wife,40900,0,Vehicle Theft,unknown,Trivial Damage,unknown,0,1,NO,1,1,YES,4320,480,960,2880,N,7019,-35048.95,2.9968782518210197,0,0.09656605265888542,0,Low Risk
4,29,250/500,500,1381.88,5000000,MALE,High School,tech-support,other-relative,0,-77800,Vehicle Theft,unknown,Trivial Damage,Police,4,1,NO,0,2,unknown,4200,840,420,2940,N,4653,-34988.95,6.983372921615202,0,0.12457105765770145,0,Low Risk
32,29,100/300,500,1446.98,0,MALE,MD,adm-clerical,own-child,0,-45700,Multi-vehicle Collision,Front Collision,Minor Damage,Ambulance,11,3,YES,2,0,NO,57970,10540,5270,42160,N,4569,4231.050000000003,7.9984822614304685,0,0.15026595808293677,0,Low Risk
125,31,500/1000,500,1220.86,0,MALE,JD,other-service,husband,55400,-40400,Parked Car,unknown,Trivial Damage,unknown,4,1,YES,1,2,unknown,4320,0,960,3360,N,783,-34568.95,3.4963579604578565,0,0.07187063182222632,0,Low Risk
276,45,500/1000,500,948.1,0,FEMALE,High School,machine-op-inspct,wife,44500,-61400,Multi-vehicle Collision,Front Collision,Minor Damage,Fire,11,3,unknown,0,2,unknown,69300,13860,6930,48510,N,5403,10581.050000000003,6.9989900447265905,0,0.1931387592585021,0,Low Risk
148,30,100/300,500,1471.24,0,FEMALE,Masters,farming-fishing,own-child,57500,-93600,Multi-vehicle Collision,Side Collision,Minor Damage,Police,4,3,NO,2,2,NO,32480,4060,4060,24360,N,4660,-13568.949999999997,5.998522531396207,0,0.11744374118835246,0,Low Risk
222,38,100/300,2000,1157.97,0,MALE,MD,machine-op-inspct,not-in-family,0,-64500,Single Vehicle Collision,Front Collision,Total Loss,Police,20,1,unknown,2,2,YES,60480,6720,6720,47040,N,2441,9111.050000000003,6.9989584883201905,0,0.2424271647031233,1,Low Risk
32,38,250/500,2000,566.11,5000000,MALE,Associate,armed-forces,unmarried,0,0,Parked Car,unknown,Trivial Damage,Police,22,1,YES,0,0,NO,2640,440,440,1760,N,7594,-36168.95,3.9909297052154193,0,0.16470335031248537,0,Low Risk
78,27,500/1000,500,1060.88,0,MALE,JD,other-service,other-relative,0,-66500,Parked Car,unknown,Trivial Damage,Police,4,1,NO,0,3,NO,6050,550,1100,4400,N,8375,-33528.95,3.9963669391462306,0,0.056584509908591596,0,Low Risk
238,43,250/500,1000,1524.45,4000000,MALE,High School,handlers-cleaners,wife,0,-44800,Multi-vehicle Collision,Rear Collision,Total Loss,Ambulance,21,4,NO,0,0,NO,42700,4270,4270,34160,Y,6855,-3768.949999999997,7.998126902364786,1,0.598328434582575,1,Medium Risk
313,47,250/500,1000,1556.17,0,MALE,College,prof-specialty,wife,63900,-53300,Single Vehicle Collision,Front Collision,Major Damage,Ambulance,20,1,YES,1,3,NO,40260,3660,7320,29280,Y,675,-8648.949999999997,3.9994536265537497,1,0.6778715739164035,1,Medium Risk
334,50,500/1000,500,1216.24,0,MALE,Masters,priv-house-serv,wife,26700,-47200,Single Vehicle Collision,Rear Collision,Major Damage,Fire,7,1,NO,2,0,unknown,50000,5000,10000,35000,N,1889,-2928.949999999997,3.4996500349965003,0,0.33365026166060885,1,Low Risk
190,35,250/500,500,1484.72,5000000,FEMALE,High School,tech-support,husband,0,0,Parked Car,unknown,Trivial Damage,unknown,4,1,NO,0,1,NO,3840,640,320,2880,N,2280,-35048.95,8.97196261682243,0,0.08438504956482594,0,Low Risk
194,41,250/500,500,1203.81,0,MALE,JD,transport-moving,not-in-family,52500,-51300,Multi-vehicle Collision,Rear Collision,Minor Damage,Police,17,3,unknown,0,2,unknown,95900,13700,20550,61650,N,8026,23721.050000000003,2.999854021702107,0,0.17573016312714015,0,Low Risk
290,47,250/500,1000,1393.34,0,MALE,High School,exec-managerial,other-relative,0,-61400,Multi-vehicle Collision,Side Collision,Minor Damage,Ambulance,20,3,YES,1,3,YES,56160,6240,12480,37440,N,2369,-488.9499999999971,2.99975963464466,0,0.22504029135811657,1,Low Risk
26,42,100/300,1000,1484.48,0,MALE,PhD,armed-forces,not-in-family,50700,-36300,Single Vehicle Collision,Side Collision,Major Damage,Police,10,1,NO,2,3,unknown,63030,5730,11460,45840,N,1627,7911.050000000003,3.999650990314981,0,0.40565293999059787,1,Medium Risk
254,41,250/500,500,1581.27,5000000,FEMALE,PhD,handlers-cleaners,own-child,42200,-48000,Single Vehicle Collision,Front Collision,Minor Damage,Police,8,1,YES,2,2,NO,63470,5770,11540,46160,N,6956,8231.050000000003,3.999653409583225,0,0.17142613931534834,0,Low Risk
199,38,250/500,1000,1281.25,0,FEMALE,High School,tech-support,other-relative,0,-53100,Single Vehicle Collision,Front Collision,Major Damage,Police,6,1,unknown,0,2,NO,44440,8080,4040,32320,Y,8532,-5608.949999999997,7.998020292006929,1,0.6123511193015024,1,Medium Risk
137,35,250/500,500,1667.83,0,MALE,JD,prof-specialty,husband,48500,-67400,Parked Car,unknown,Minor Damage,Police,4,1,YES,1,1,NO,6600,1200,1200,4200,N,1791,-33728.95,3.4970857618651126,0,0.040119438252278074,0,Low Risk
134,36,250/500,1000,1497.41,0,MALE,PhD,machine-op-inspct,husband,14100,-44500,Multi-vehicle Collision,Side Collision,Minor Damage,Ambulance,17,3,NO,2,0,YES,77200,9650,9650,57900,N,8960,19971.050000000003,5.999378302766552,0,0.11567794416492472,0,Low Risk
73,30,100/300,500,803.36,0,FEMALE,High School,protective-serv,husband,0,0,Multi-vehicle Collision,Rear Collision,Total Loss,Other,15,3,unknown,0,0,YES,57000,0,11400,45600,N,2117,7671.050000000003,3.999649153583019,0,0.41971043088180016,1,Medium Risk
289,45,250/500,2000,1221.41,0,FEMALE,Masters,farming-fishing,wife,46700,-72500,Vehicle Theft,unknown,Trivial Damage,Police,9,1,NO,2,1,NO,2700,300,300,2100,N,5601,-35828.95,6.976744186046512,0,0.06266220546622894,0,Low Risk
176,36,250/500,500,1865.83,5000000,MALE,College,transport-moving,unmarried,32800,-50600,Single Vehicle Collision,Rear Collision,Total Loss,Police,17,1,unknown,2,1,YES,47300,4300,8600,34400,N,7258,-3528.949999999997,3.9995349377979306,0,0.24612814160585705,1,Low Risk
145,37,250/500,2000,1434.27,0,FEMALE,Associate,tech-support,unmarried,0,-35900,Single Vehicle Collision,Rear Collision,Major Damage,Other,13,1,unknown,2,3,unknown,55110,5010,10020,40080,N,8422,2151.050000000003,3.999600838239697,0,0.5132677644084765,1,Medium Risk
164,31,500/1000,500,1114.68,0,FEMALE,Associate,other-service,husband,44500,-55900,Vehicle Theft,unknown,Trivial Damage,Police,5,1,YES,1,0,NO,4320,480,480,3360,N,1456,-34568.95,6.985446985446986,0,0.0548232412020837,0,Low Risk
186,38,250/500,2000,1218.56,0,FEMALE,Masters,transport-moving,husband,39300,-60300,Multi-vehicle Collision,Front Collision,Total Loss,Police,23,3,YES,2,2,unknown,68760,11460,5730,51570,Y,3236,13641.050000000003,8.998429593439191,1,0.5652061368161396,1,Medium Risk
85,31,250/500,2000,1234.69,9000000,FEMALE,MD,tech-support,husband,0,0,Multi-vehicle Collision,Front Collision,Major Damage,Other,1,2,NO,2,1,unknown,74400,14880,7440,52080,Y,3985,14151.050000000003,6.999059266227658,1,0.790934296790727,1,High Risk
162,33,250/500,500,964.92,0,FEMALE,Associate,exec-managerial,other-relative,45700,0,Multi-vehicle Collision,Rear Collision,Major Damage,Fire,17,4,NO,2,1,NO,35300,3530,3530,28240,Y,8801,-9688.949999999997,7.99773435287454,1,0.7201286970903613,1,High Risk
396,57,500/1000,500,1351.72,0,MALE,High School,tech-support,wife,0,-49400,Parked Car,unknown,Minor Damage,unknown,3,1,YES,1,3,unknown,2640,480,480,1680,N,6687,-36248.95,3.492723492723493,0,0.11337165987052707,0,Low Risk
270,41,250/500,1000,817.28,0,MALE,High School,sales,unmarried,62200,0,Multi-vehicle Collision,Rear Collision,Total Loss,Ambulance,17,3,unknown,1,1,NO,60190,4630,9260,46300,Y,7501,8371.050000000003,4.999460101500918,1,0.7071727534230418,1,High Risk
168,39,500/1000,1000,1389.59,0,FEMALE,Masters,machine-op-inspct,own-child,0,-42600,Multi-vehicle Collision,Rear Collision,Major Damage,Fire,23,3,YES,1,3,NO,41580,3780,7560,30240,Y,7561,-7688.949999999997,3.9994709694484856,1,0.42310441545715366,1,Medium Risk
274,45,250/500,1000,1353.53,0,FEMALE,JD,tech-support,unmarried,54700,-47900,Single Vehicle Collision,Side Collision,Minor Damage,Ambulance,13,1,YES,0,0,NO,58500,11700,0,46800,Y,4250,8871.050000000003,46800.0,1,0.6736236107820038,1,Medium Risk
263,43,500/1000,1000,1294.04,0,FEMALE,Masters,handlers-cleaners,not-in-family,0,0,Single Vehicle Collision,Rear Collision,Minor Damage,Fire,17,1,YES,2,3,YES,79320,13220,6610,59490,N,6760,21561.050000000003,8.99863863258206,0,0.2605065815902937,1,Low Risk
152,33,100/300,1000,840.81,0,FEMALE,High School,farming-fishing,husband,0,0,Single Vehicle Collision,Rear Collision,Minor Damage,Ambulance,2,1,YES,0,2,unknown,82610,7510,7510,67590,Y,3569,29661.050000000003,8.998801757422447,1,0.6201616465680392,1,Medium Risk
46,41,100/300,2000,998.19,0,FEMALE,MD,priv-house-serv,husband,43700,-66300,Multi-vehicle Collision,Rear Collision,Total Loss,Ambulance,23,3,NO,1,3,unknown,78600,13100,19650,45850,Y,1543,7921.050000000003,2.3332145946771154,1,0.6512392754608419,1,Medium Risk
276,46,100/300,2000,1090.32,0,MALE,College,handlers-cleaners,husband,0,-70400,Single Vehicle Collision,Front Collision,Minor Damage,Ambulance,17,1,NO,1,2,unknown,51390,5710,5710,39970,Y,890,2041.050000000003,6.998774295219751,1,0.6344852517091178,1,Medium Risk
234,44,500/1000,500,1780.67,0,MALE,Associate,other-service,other-relative,0,0,Single Vehicle Collision,Side Collision,Major Damage,Ambulance,3,1,NO,1,0,NO,70200,7020,7020,56160,Y,4641,18231.050000000003,7.998860561173622,1,0.5431477624969436,1,Medium Risk
64,30,250/500,2000,1681.01,0,MALE,JD,protective-serv,own-child,0,-51100,Parked Car,unknown,Minor Damage,unknown,16,1,NO,2,1,NO,4900,490,1470,2940,N,8542,-34988.95,1.9986403806934059,0,0.04422943590333763,0,Low Risk
456,62,250/500,1000,1395.77,0,FEMALE,MD,protective-serv,own-child,82600,-49500,Multi-vehicle Collision,Side Collision,Major Damage,Other,13,3,unknown,1,3,NO,66480,5540,11080,49860,Y,2054,11931.050000000003,4.499593899467557,1,0.7401082631702621,1,High Risk
58,23,500/1000,2000,1471.44,5000000,MALE,High School,transport-moving,own-child,57500,0,Single Vehicle Collision,Rear Collision,Major Damage,Fire,8,1,NO,2,1,NO,50380,4580,9160,36640,Y,8271,-1288.949999999997,3.999563366444711,1,0.7118461843925143,1,High Risk
475,61,500/1000,500,1265.72,0,FEMALE,Masters,handlers-cleaners,wife,0,-59500,Single Vehicle Collision,Front Collision,Major Damage,Fire,23,1,YES,0,2,unknown,64350,9900,9900,44550,N,3842,6621.050000000003,4.4995455004544995,0,0.33168584231114867,1,Low Risk
96,29,250/500,1000,1274.7,5000000,MALE,College,prof-specialty,other-relative,47500,-58700,Multi-vehicle Collision,Rear Collision,Major Damage,Ambulance,15,3,YES,2,3,YES,55400,5540,11080,38780,Y,2940,851.0500000000029,3.499684144030322,1,0.8058115662172524,1,High Risk
99,28,100/300,500,1330.39,0,MALE,MD,prof-specialty,wife,0,0,Single Vehicle Collision,Front Collision,Total Loss,Other,3,1,NO,2,2,YES,49900,4990,9980,34930,N,2739,-2998.949999999997,3.499649333734095,0,0.22856343866337842,1,Low Risk
38,28,500/1000,500,1122.95,4000000,MALE,Masters,priv-house-serv,other-relative,78000,0,Multi-vehicle Collision,Side Collision,Minor Damage,Ambulance,4,3,NO,0,3,YES,74880,12480,12480,49920,N,7495,11991.050000000003,3.9996795128595464,0,0.16351393504099648,0,Low Risk
259,44,250/500,2000,1655.79,0,FEMALE,Masters,exec-managerial,husband,0,0,Single Vehicle Collision,Front Collision,Minor Damage,Other,8,1,YES,0,0,YES,105820,16280,16280,73260,N,6854,35331.05,4.4997236042012165,0,0.19478341051751913,0,Low Risk
241,43,250/500,1000,935.77,0,MALE,Associate,prof-specialty,own-child,0,-36000,Vehicle Theft,unknown,Trivial Damage,Police,21,1,NO,1,0,YES,7150,1300,650,5200,N,8106,-32728.949999999997,7.987711213517665,0,0.03691735072129683,0,Low Risk
437,58,500/1000,2000,1192.04,0,MALE,Associate,craft-repair,own-child,66100,-31400,Single Vehicle Collision,Front Collision,Total Loss,Ambulance,23,1,YES,0,0,NO,55800,11160,11160,33480,N,1632,-4448.949999999997,2.999731206881104,0,0.15994611625585126,0,Low Risk
130,34,100/300,500,990.11,0,MALE,Masters,sales,other-relative,0,-41200,Parked Car,unknown,Trivial Damage,unknown,8,1,unknown,1,3,YES,5830,1060,1060,3710,N,2119,-34218.95,3.4967012252591894,0,0.04069301046782487,0,Low Risk
269,41,100/300,2000,1422.21,0,FEMALE,Associate,handlers-cleaners,unmarried,0,-46400,Single Vehicle Collision,Side Collision,Major Damage,Ambulance,21,1,YES,2,1,NO,85900,17180,17180,51540,Y,6745,13611.050000000003,2.999825388510564,1,0.6887329595801444,1,Medium Risk
103,29,500/1000,500,914.85,0,MALE,Associate,prof-specialty,other-relative,72100,0,Parked Car,unknown,Minor Damage,Police,5,1,NO,2,3,NO,7110,790,1580,4740,N,7478,-33188.95,2.998102466793169,0,0.036312705844524375,0,Low Risk
284,43,250/500,500,1123.84,0,MALE,PhD,prof-specialty,other-relative,48200,0,Multi-vehicle Collision,Side Collision,Total Loss,Fire,12,3,NO,0,0,YES,36960,6720,3360,26880,N,8419,-11048.949999999997,7.997619756024992,0,0.0923036882560255,0,Low Risk
189,39,250/500,2000,838.02,0,FEMALE,College,tech-support,own-child,0,0,Multi-vehicle Collision,Rear Collision,Minor Damage,Police,7,3,unknown,2,0,YES,64400,6440,6440,51520,N,6364,13591.050000000003,7.998757956839,0,0.1634612457678112,0,Low Risk
267,43,250/500,500,1300.68,0,MALE,PhD,adm-clerical,unmarried,49000,0,Parked Car,unknown,Minor Damage,unknown,0,1,NO,1,3,YES,1920,480,0,1440,N,4734,-36488.95,1440.0,0,0.07020732609852151,0,Low Risk
39,22,500/1000,500,1173.21,0,MALE,JD,farming-fishing,not-in-family,0,0,Single Vehicle Collision,Rear Collision,Major Damage,Police,14,1,YES,0,1,YES,86130,15660,7830,62640,Y,8052,24711.050000000003,7.998978419103563,1,0.696861800380635,1,Medium Risk
140,32,250/500,1000,985.97,5000000,FEMALE,College,protective-serv,other-relative,0,0,Single Vehicle Collision,Side Collision,Major Damage,Fire,13,1,unknown,2,3,unknown,82170,14940,7470,59760,Y,6675,21831.050000000003,7.998929192879133,1,0.7322358230801757,1,High Risk
243,41,100/300,1000,1129.23,0,FEMALE,College,farming-fishing,own-child,17300,-60400,Single Vehicle Collision,Front Collision,Major Damage,Fire,1,1,unknown,1,0,YES,50300,10060,5030,35210,Y,6517,-2718.949999999997,6.998608626515603,1,0.36930587307004337,1,Low Risk
116,31,250/500,500,1194.83,0,FEMALE,MD,prof-specialty,husband,28600,0,Single Vehicle Collision,Side Collision,Major Damage,Police,23,1,NO,0,0,NO,44200,4420,8840,30940,N,2263,-6988.949999999997,3.499604117181314,0,0.2751558779903255,1,Low Risk
219,43,100/300,1000,1114.29,0,FEMALE,High School,transport-moving,other-relative,51300,0,Single Vehicle Collision,Side Collision,Major Damage,Ambulance,1,1,unknown,2,2,YES,66660,6060,6060,54540,N,4585,16611.050000000003,8.998515096518727,0,0.5483637199782851,1,Medium Risk
96,26,250/500,2000,1509.04,0,FEMALE,Associate,prof-specialty,husband,10000,0,Single Vehicle Collision,Front Collision,Total Loss,Ambulance,9,1,YES,2,3,NO,78320,7120,14240,56960,N,3412,19031.050000000003,3.999719120848255,0,0.2505491866333229,1,Low Risk
149,34,250/500,500,664.86,0,FEMALE,PhD,craft-repair,wife,0,-60000,Single Vehicle Collision,Rear Collision,Total Loss,Fire,3,1,unknown,0,1,NO,105040,16160,16160,72720,N,3447,34791.05,4.499721551884166,0,0.2143113432859489,1,Low Risk
246,43,250/500,1000,1267.4,6000000,MALE,JD,adm-clerical,husband,0,0,Single Vehicle Collision,Side Collision,Minor Damage,Fire,0,1,NO,2,1,unknown,50700,5070,5070,40560,N,754,2631.050000000003,7.998422401893118,0,0.24805271405410637,1,Low Risk
293,45,100/300,1000,1119.23,0,FEMALE,MD,exec-managerial,unmarried,51500,0,Multi-vehicle Collision,Front Collision,Total Loss,Fire,13,3,NO,1,1,NO,51210,11380,5690,34140,N,8331,-3788.949999999997,5.998945703742752,0,0.15925269599710218,0,Low Risk
339,48,100/300,500,1698.51,0,MALE,JD,other-service,unmarried,0,0,Multi-vehicle Collision,Rear Collision,Total Loss,Fire,18,3,NO,2,1,unknown,51840,8640,8640,34560,N,3410,-3368.949999999997,3.999537090614512,0,0.18987862601100622,0,Low Risk
160,33,500/1000,1000,1422.78,0,FEMALE,High School,exec-managerial,husband,61600,0,Multi-vehicle Collision,Front Collision,Total Loss,Ambulance,17,3,unknown,2,3,YES,52800,5280,5280,42240,N,2172,4311.050000000003,7.998485135391024,0,0.22535368975168837,1,Low Risk
224,42,500/1000,500,1212.75,0,FEMALE,College,prof-specialty,own-child,0,-51400,Single Vehicle Collision,Front Collision,Minor Damage,Fire,11,1,unknown,0,0,YES,55200,9200,13800,32200,N,3614,-5728.949999999997,2.3331642634591696,0,0.11503873483587539,0,Low Risk
194,34,100/300,1000,1423.34,0,MALE,Associate,sales,not-in-family,55300,-37900,Vehicle Theft,unknown,Minor Damage,unknown,0,1,YES,0,3,NO,9100,1400,1400,6300,N,7554,-31628.949999999997,4.496788008565311,0,0.024464497498745224,0,Low Risk
385,51,250/500,1000,976.37,0,FEMALE,MD,craft-repair,husband,0,-61000,Multi-vehicle Collision,Rear Collision,Minor Damage,Other,14,3,unknown,1,3,unknown,67600,13520,6760,47320,N,8979,9391.050000000003,6.9989646501996745,0,0.15597882283844036,0,Low Risk
100,33,250/500,500,1124.59,6000000,MALE,College,adm-clerical,not-in-family,67300,0,Single Vehicle Collision,Rear Collision,Minor Damage,Other,4,1,NO,1,2,NO,40800,6800,6800,27200,N,3602,-10728.949999999997,3.999411851198353,0,0.09315490990586385,0,Low Risk
371,50,250/500,1000,1569.33,0,MALE,PhD,machine-op-inspct,not-in-family,79600,0,Multi-vehicle Collision,Side Collision,Major Damage,Other,2,3,NO,2,1,YES,84500,13000,13000,58500,Y,7658,20571.050000000003,4.499653872779017,1,0.47005254802452817,1,Medium Risk
175,39,500/1000,500,1359.36,5000000,MALE,PhD,exec-managerial,husband,0,-43600,Multi-vehicle Collision,Front Collision,Major Damage,Other,9,3,YES,2,2,YES,71610,13020,6510,52080,Y,7256,14151.050000000003,7.998771310090616,1,0.8128154775149342,1,High Risk
373,55,250/500,500,1607.36,0,MALE,MD,sales,own-child,0,0,Multi-vehicle Collision,Rear Collision,Major Damage,Other,21,4,unknown,0,2,NO,60600,6060,12120,42420,Y,2821,4491.050000000003,3.4997112449467864,1,0.695149577849863,1,Medium Risk
258,41,100/300,500,1042.25,0,MALE,Masters,exec-managerial,unmarried,0,-44400,Multi-vehicle Collision,Rear Collision,Major Damage,Fire,0,3,NO,2,3,NO,81240,6770,20310,54160,Y,5106,16231.050000000003,2.6665353749199943,1,0.7611668874944314,1,High Risk
255,39,250/500,500,1453.95,0,FEMALE,PhD,armed-forces,not-in-family,38200,0,Multi-vehicle Collision,Side Collision,Total Loss,Fire,17,3,YES,0,3,NO,29300,2930,5860,20510,N,4930,-17418.949999999997,3.4994028322811808,0,0.13446028412062208,0,Low Risk
37,31,500/1000,500,1969.63,0,FEMALE,MD,sales,own-child,0,0,Multi-vehicle Collision,Side Collision,Total Loss,Fire,21,3,NO,1,1,YES,76450,6950,13900,55600,N,2351,17671.050000000003,3.9997122509172,0,0.18973263295127576,0,Low Risk
322,44,100/300,1000,1156.19,0,FEMALE,College,machine-op-inspct,husband,49900,-62700,Multi-vehicle Collision,Side Collision,Major Damage,Fire,20,3,YES,0,3,unknown,49400,9880,4940,34580,N,3710,-3348.949999999997,6.998583282736289,0,0.3796986383920529,1,Low Risk
204,38,100/300,2000,1124.47,0,FEMALE,MD,tech-support,wife,0,-45100,Single Vehicle Collision,Side Collision,Total Loss,Ambulance,5,1,NO,0,1,unknown,90530,16460,16460,57610,N,5204,19681.050000000003,3.499787376222587,0,0.20586236981673964,1,Low Risk
76,31,500/1000,500,1493.5,5000000,FEMALE,Associate,priv-house-serv,not-in-family,39900,-44000,Vehicle Theft,unknown,Minor Damage,Police,7,1,NO,2,1,NO,8030,1460,730,5840,N,2880,-32088.949999999997,7.989056087551299,0,0.07345548928301245,0,Low Risk
193,40,100/300,500,1155.38,0,FEMALE,PhD,handlers-cleaners,not-in-family,34200,-32300,Single Vehicle Collision,Side Collision,Minor Damage,Fire,6,1,NO,0,0,YES,63900,6390,6390,51120,N,3683,13191.050000000003,7.9987482397120955,0,0.26487759568467023,1,Low Risk
405,55,250/500,500,878.19,0,MALE,PhD,machine-op-inspct,unmarried,57100,0,Multi-vehicle Collision,Rear Collision,Minor Damage,Fire,2,4,YES,0,2,NO,38640,4830,4830,28980,N,5718,-8948.949999999997,5.998758021113641,0,0.14498783228139991,0,Low Risk
435,58,100/300,2000,1145.85,0,MALE,JD,sales,not-in-family,0,-40000,Multi-vehicle Collision,Rear Collision,Total Loss,Other,19,3,unknown,1,1,YES,41490,9220,4610,27660,N,6265,-10268.949999999997,5.998698763825634,0,0.11046735695767426,0,Low Risk
54,35,100/300,500,1261.28,0,FEMALE,MD,protective-serv,unmarried,68500,-42100,Multi-vehicle Collision,Side Collision,Minor Damage,Fire,21,3,YES,2,0,unknown,79090,14380,7190,57520,N,1612,19591.050000000003,7.998887498261716,0,0.1471862893211258,0,Low Risk
144,35,100/300,500,1427.46,0,MALE,High School,machine-op-inspct,wife,0,0,Multi-vehicle Collision,Side Collision,Major Damage,Police,3,3,unknown,0,0,unknown,87900,17580,8790,61530,N,7823,23601.050000000003,6.999203731088613,0,0.4471922384219439,1,Medium Risk
92,32,500/1000,500,1592.41,0,MALE,Masters,prof-specialty,husband,58900,-29100,Single Vehicle Collision,Rear Collision,Total Loss,Ambulance,22,1,unknown,2,3,YES,53400,5340,5340,42720,N,6217,4791.050000000003,7.99850215315484,0,0.24942761518846115,1,Low Risk
173,36,250/500,1000,1274.63,0,MALE,College,machine-op-inspct,unmarried,51000,0,Single Vehicle Collision,Rear Collision,Total Loss,Fire,22,1,YES,2,3,NO,52030,9460,9460,33110,N,2731,-4818.949999999997,3.4996300602473314,0,0.2669832129297596,1,Low Risk
436,60,250/500,500,1362.31,0,MALE,High School,prof-specialty,wife,67600,-65300,Single Vehicle Collision,Front Collision,Minor Damage,Ambulance,16,1,NO,0,2,NO,82060,14920,7460,59680,N,8309,21751.050000000003,7.9989277576732345,0,0.2853209225651029,1,Low Risk
155,35,250/500,1000,919.37,0,FEMALE,Associate,protective-serv,not-in-family,83600,0,Single Vehicle Collision,Front Collision,Minor Damage,Ambulance,0,1,unknown,0,3,unknown,48360,8060,8060,32240,N,7832,-5688.949999999997,3.999503783649671,0,0.19658298151920295,0,Low Risk
78,31,250/500,1000,1377.23,0,FEMALE,Masters,armed-forces,unmarried,72600,0,Multi-vehicle Collision,Side Collision,Minor Damage,Other,1,3,unknown,2,1,unknown,52290,5810,11620,34860,N,8734,-3068.949999999997,2.999741846656914,0,0.17746748864018783,0,Low Risk
440,57,100/300,1000,995.55,5000000,MALE,College,protective-serv,wife,51500,-52100,Multi-vehicle Collision,Rear Collision,Major Damage,Police,19,3,YES,0,3,unknown,68200,12400,12400,43400,Y,2881,5471.050000000003,3.4997177646963955,1,0.7315230781326602,1,High Risk
264,43,100/300,500,1508.12,6000000,MALE,PhD,craft-repair,wife,0,0,Multi-vehicle Collision,Rear Collision,Major Damage,Other,0,3,unknown,2,1,NO,60750,13500,6750,40500,Y,1725,2571.050000000003,5.999111242778848,1,0.7921681557406917,1,High Risk
66,30,500/1000,500,484.67,0,FEMALE,College,adm-clerical,wife,21100,-60800,Multi-vehicle Collision,Front Collision,Major Damage,Fire,2,3,unknown,0,2,YES,65560,11920,11920,41720,Y,4232,3791.050000000003,3.4997064004697593,1,0.7252307992418148,1,High Risk
366,50,500/1000,1000,1561.41,0,FEMALE,High School,handlers-cleaners,husband,21200,0,Multi-vehicle Collision,Rear Collision,Minor Damage,Police,5,3,YES,1,3,NO,70290,12780,12780,44730,N,8946,6801.050000000003,3.4997261560128314,0,0.15787074741730997,0,Low Risk
188,37,100/300,500,1457.21,0,FEMALE,JD,adm-clerical,own-child,46300,0,Single Vehicle Collision,Rear Collision,Total Loss,Ambulance,6,1,unknown,2,0,YES,45000,5000,5000,35000,N,7420,-2928.949999999997,6.998600279944011,0,0.16491120561035535,0,Low Risk
224,39,500/1000,1000,1128.71,0,FEMALE,JD,prof-specialty,other-relative,0,-47100,Multi-vehicle Collision,Rear Collision,Total Loss,Fire,21,3,YES,2,1,unknown,61800,12360,6180,43260,N,959,5331.050000000003,6.998867497168743,0,0.2223939461397267,1,Low Risk
253,46,100/300,500,1358.2,0,FEMALE,MD,transport-moving,husband,52900,0,Multi-vehicle Collision,Front Collision,Major Damage,Ambulance,11,3,YES,0,0,NO,64570,5870,11740,46960,N,3223,9031.050000000003,3.9996593135167364,0,0.5438962950647602,1,Medium Risk
446,61,100/300,1000,1232.79,0,FEMALE,High School,adm-clerical,unmarried,49900,-62100,Single Vehicle Collision,Rear Collision,Minor Damage,Other,3,1,YES,2,0,YES,70500,7050,14100,49350,N,5754,11421.050000000003,3.499751790653145,0,0.1975758335872566,0,Low Risk
169,37,100/300,1000,936.19,0,MALE,JD,armed-forces,other-relative,70600,-48500,Multi-vehicle Collision,Side Collision,Total Loss,Police,4,3,unknown,2,1,YES,57900,17370,5790,34740,N,4805,-3188.949999999997,5.998963909514765,0,0.11352543569068539,0,Low Risk
255,46,250/500,500,1302.34,0,FEMALE,JD,prof-specialty,own-child,0,-52600,Multi-vehicle Collision,Front Collision,Minor Damage,Fire,2,3,NO,1,0,NO,57860,5260,10520,42080,N,2970,4151.050000000003,3.9996198080030414,0,0.1884638299624715,0,Low Risk
209,39,100/300,500,1264.99,0,MALE,PhD,transport-moving,husband,67800,0,Single Vehicle Collision,Side Collision,Minor Damage,Fire,22,1,unknown,1,1,NO,37800,8400,4200,25200,N,6600,-12728.949999999997,5.998571768626517,0,0.13375635364576693,0,Low Risk
210,37,500/1000,500,1467.76,0,FEMALE,MD,tech-support,own-child,38700,-33100,Single Vehicle Collision,Front Collision,Total Loss,Ambulance,8,1,unknown,1,3,YES,63300,6330,6330,50640,N,957,12711.050000000003,7.998736376559785,0,0.29472823311857077,1,Low Risk
174,33,250/500,2000,1124.43,0,FEMALE,College,farming-fishing,own-child,0,0,Multi-vehicle Collision,Rear Collision,Total Loss,Ambulance,14,3,YES,0,1,YES,44200,8840,4420,30940,N,284,-6988.949999999997,6.998416647817236,0,0.12827886414689513,0,Low Risk
70,28,250/500,1000,1319.81,0,MALE,High School,machine-op-inspct,husband,67200,-59400,Multi-vehicle Collision,Side Collision,Minor Damage,Police,14,4,NO,1,0,YES,31680,3520,3520,24640,N,4127,-13288.949999999997,6.998011928429423,0,0.04245964997620342,0,Low Risk
89,32,100/300,2000,1482.53,0,FEMALE,MD,tech-support,not-in-family,49100,-45100,Parked Car,unknown,Trivial Damage,Police,5,1,YES,1,2,unknown,100,10,20,70,N,6,-37858.95,3.3333333333333335,0,0.1682316445432085,0,Low Risk
458,61,100/300,1000,1328.18,0,FEMALE,High School,protective-serv,other-relative,53000,0,Single Vehicle Collision,Front Collision,Minor Damage,Fire,18,1,NO,2,1,NO,56340,6260,6260,43820,N,8115,5891.050000000003,6.998881967736783,0,0.22961485723308575,1,Low Risk
239,40,100/300,500,1463.95,0,FEMALE,JD,sales,own-child,0,0,Multi-vehicle Collision,Rear Collision,Total Loss,Police,20,3,unknown,0,0,YES,69740,6340,6340,57060,N,3726,19131.050000000003,8.998580665510172,0,0.24718431573208563,1,Low Risk
161,38,100/300,2000,1133.85,0,MALE,PhD,priv-house-serv,not-in-family,60200,0,Multi-vehicle Collision,Front Collision,Total Loss,Police,0,3,YES,2,2,YES,60480,5040,15120,40320,N,4019,2391.050000000003,2.6664903114873355,0,0.17821595960421704,0,Low Risk
446,61,500/1000,1000,1037.32,0,FEMALE,High School,tech-support,wife,0,-15700,Multi-vehicle Collision,Rear Collision,Minor Damage,Police,1,3,unknown,2,1,NO,80880,6740,13480,60660,N,3292,22731.050000000003,4.4996661968696685,0,0.15982893681460628,0,Low Risk
476,61,250/500,1000,1562.8,0,FEMALE,Masters,handlers-cleaners,not-in-family,42800,-68200,Single Vehicle Collision,Front Collision,Total Loss,Fire,10,1,unknown,1,2,YES,49390,8980,4490,35920,N,7945,-2008.949999999997,7.998218659541305,0,0.14222666984881735,0,Low Risk
70,29,100/300,1000,1425.79,0,FEMALE,MD,armed-forces,other-relative,62400,-52300,Single Vehicle Collision,Front Collision,Minor Damage,Ambulance,12,1,NO,0,3,unknown,69360,11560,11560,46240,N,2948,8311.050000000003,3.999654009168757,0,0.1744266662098889,0,Low Risk
233,41,500/1000,2000,1615.14,0,FEMALE,Associate,tech-support,other-relative,67100,0,Vehicle Theft,unknown,Minor Damage,unknown,6,1,NO,0,1,unknown,3740,680,680,2380,N,6352,-35548.95,3.4948604992657857,0,0.032635328703287086,0,Low Risk
122,33,250/500,500,1236.5,0,MALE,PhD,other-service,husband,0,-48700,Parked Car,unknown,Trivial Damage,unknown,1,1,NO,0,1,NO,5060,460,920,3680,N,8655,-34248.95,3.995656894679696,0,0.03487341968502463,0,Low Risk
335,48,500/1000,2000,1017.97,0,FEMALE,MD,machine-op-inspct,wife,59900,-34800,Multi-vehicle Collision,Front Collision,Total Loss,Police,21,3,NO,0,0,YES,35860,3260,6520,26080,Y,7106,-11848.949999999997,3.9993865971476765,1,0.6412696613322316,1,Medium Risk
257,40,100/300,2000,1306.0,0,MALE,Associate,machine-op-inspct,husband,46100,-46900,Multi-vehicle Collision,Front Collision,Major Damage,Ambulance,3,3,YES,2,1,unknown,50050,7700,3850,38500,Y,5491,571.0500000000029,9.997403271877435,1,0.7683409347319053,1,High Risk
85,27,500/1000,2000,1174.14,0,MALE,College,priv-house-serv,unmarried,50400,-61500,Multi-vehicle Collision,Rear Collision,Minor Damage,Fire,14,4,YES,0,0,NO,59070,10740,5370,42960,N,6768,5031.050000000003,7.99851051945634,0,0.14504912503067324,0,Low Risk
133,30,500/1000,1000,1231.01,0,MALE,College,adm-clerical,husband,0,-31700,Multi-vehicle Collision,Front Collision,Minor Damage,Fire,19,3,NO,1,2,unknown,28440,3160,3160,22120,N,3420,-15808.949999999997,6.997785510914268,0,0.09755715719585076,0,Low Risk
119,34,250/500,500,1299.18,0,FEMALE,College,tech-support,wife,57100,0,Single Vehicle Collision,Front Collision,Major Damage,Fire,7,1,YES,2,1,YES,45540,8280,8280,28980,Y,1105,-8948.949999999997,3.499577345731192,1,0.6834809453134455,1,Medium Risk
169,34,100/300,500,1469.75,0,FEMALE,JD,sales,not-in-family,0,-57600,Single Vehicle Collision,Rear Collision,Minor Damage,Fire,0,1,unknown,0,0,YES,38700,7740,3870,27090,N,6753,-10838.949999999997,6.998191681735985,0,0.08560682220707921,0,Low Risk
225,39,250/500,500,1390.72,0,MALE,Masters,tech-support,other-relative,83900,-52100,Parked Car,unknown,Trivial Damage,unknown,6,1,YES,2,1,YES,5830,1060,530,4240,N,6892,-33688.95,7.984934086629002,0,0.04736487887439703,0,Low Risk
84,32,500/1000,500,1694.09,7000000,FEMALE,Associate,prof-specialty,husband,0,0,Single Vehicle Collision,Rear Collision,Total Loss,Other,0,1,YES,0,2,unknown,57240,4770,9540,42930,Y,5080,5001.050000000003,4.499528351325857,1,0.6937484071908027,1,Medium Risk
169,39,100/300,2000,1140.15,0,MALE,High School,armed-forces,husband,0,-36800,Multi-vehicle Collision,Rear Collision,Total Loss,Police,9,3,YES,0,3,NO,46200,4200,8400,33600,N,4840,-4328.949999999997,3.999523866206404,0,0.16300520800389787,0,Low Risk
124,32,100/300,1000,1310.71,0,FEMALE,Masters,farming-fishing,wife,29300,0,Single Vehicle Collision,Side Collision,Total Loss,Ambulance,23,1,YES,0,1,NO,57700,5770,5770,46160,N,3113,8231.050000000003,7.9986137584474095,0,0.20988608056082914,1,Low Risk
320,48,250/500,2000,1730.49,7000000,MALE,College,transport-moving,not-in-family,46300,-41700,Multi-vehicle Collision,Front Collision,Minor Damage,Fire,13,3,NO,2,0,NO,56160,4680,9360,42120,N,636,4191.050000000003,4.499519282127978,0,0.34646610530290783,1,Low Risk
297,47,250/500,500,1616.65,7000000,MALE,MD,adm-clerical,unmarried,0,-59500,Multi-vehicle Collision,Side Collision,Total Loss,Fire,0,3,unknown,0,3,YES,44400,5550,5550,33300,N,1874,-4628.949999999997,5.998919113673212,0,0.1264792883429427,0,Low Risk
421,56,100/300,500,1935.85,4000000,MALE,Masters,machine-op-inspct,own-child,49500,-81100,Single Vehicle Collision,Rear Collision,Major Damage,Ambulance,7,1,unknown,2,3,unknown,92730,16860,8430,67440,Y,9097,29511.050000000003,7.99905112086348,1,0.7610237636923756,1,High Risk
136,33,250/500,1000,855.14,0,FEMALE,PhD,craft-repair,not-in-family,37900,0,Single Vehicle Collision,Side Collision,Minor Damage,Fire,23,1,YES,0,1,YES,30700,3070,6140,21490,N,4650,-16438.949999999997,3.4994300602507735,0,0.07746882747615612,0,Low Risk
46,24,250/500,2000,1568.47,4000000,FEMALE,High School,armed-forces,unmarried,46800,0,Single Vehicle Collision,Side Collision,Major Damage,Fire,7,1,NO,2,0,unknown,56600,11320,5660,39620,N,5825,1691.050000000003,6.9987634693517045,0,0.3656311358448161,1,Low Risk
34,24,500/1000,2000,1550.53,0,FEMALE,MD,armed-forces,own-child,0,-27700,Parked Car,unknown,Trivial Damage,unknown,20,1,YES,0,1,unknown,3960,660,660,2640,N,1324,-35288.95,3.993948562783661,0,0.08412801935492724,0,Low Risk
95,30,250/500,2000,1370.92,0,MALE,College,transport-moving,unmarried,48900,0,Single Vehicle Collision,Rear Collision,Minor Damage,Police,22,1,YES,0,3,unknown,34800,3480,6960,24360,N,7265,-13568.949999999997,3.499497198678351,0,0.12032463796840005,0,Low Risk
140,36,250/500,500,1363.59,0,FEMALE,JD,armed-forces,not-in-family,43200,0,Multi-vehicle Collision,Rear Collision,Minor Damage,Other,10,3,unknown,2,0,YES,79500,7950,7950,63600,N,8682,25671.050000000003,7.998993837253176,0,0.16195160005405204,0,Low Risk
200,34,250/500,1000,828.42,3000000,FEMALE,College,prof-specialty,other-relative,0,0,Single Vehicle Collision,Front Collision,Total Loss,Police,10,1,unknown,2,2,NO,56000,5600,5600,44800,N,4782,6871.050000000003,7.998571683627923,0,0.2652298536355415,1,Low Risk
123,29,250/500,500,1209.63,0,FEMALE,Masters,machine-op-inspct,not-in-family,64800,-44200,Single Vehicle Collision,Rear Collision,Minor Damage,Ambulance,17,1,YES,1,0,YES,73260,16280,0,56980,Y,892,19051.050000000003,56980.0,1,0.6688603504346835,1,Medium Risk
267,46,250/500,2000,1111.17,0,MALE,MD,craft-repair,unmarried,35000,0,Parked Car,unknown,Trivial Damage,unknown,3,1,YES,2,3,YES,4950,900,450,3600,N,3830,-34328.95,7.982261640798226,0,0.1353663779877361,0,Low Risk
290,42,500/1000,500,989.97,0,MALE,Masters,machine-op-inspct,own-child,32500,0,Single Vehicle Collision,Rear Collision,Minor Damage,Ambulance,10,1,NO,0,1,NO,48000,4800,9600,33600,N,365,-4328.949999999997,3.4996354546401416,0,0.1302579984820168,0,Low Risk
45,37,250/500,1000,1114.23,0,MALE,College,prof-specialty,wife,0,0,Single Vehicle Collision,Side Collision,Major Damage,Fire,1,1,YES,0,1,YES,52200,10440,5220,36540,N,1109,-1388.949999999997,6.998659260678031,0,0.35118439529864337,1,Low Risk
186,38,250/500,2000,1347.31,0,FEMALE,JD,protective-serv,unmarried,80900,-111100,Multi-vehicle Collision,Rear Collision,Minor Damage,Ambulance,1,3,NO,2,3,unknown,73800,12300,12300,49200,N,2380,11271.050000000003,3.999674823185107,0,0.1837861526740892,0,Low Risk
135,34,250/500,2000,1687.53,0,FEMALE,JD,protective-serv,other-relative,0,-69600,Single Vehicle Collision,Side Collision,Total Loss,Fire,7,1,unknown,1,2,NO,78200,15640,7820,54740,N,6107,16811.050000000003,6.999104973788518,0,0.2144769605828505,1,Low Risk
110,33,250/500,1000,1183.48,0,MALE,Associate,other-service,husband,0,0,Single Vehicle Collision,Rear Collision,Major Damage,Ambulance,19,1,unknown,2,3,NO,55200,13800,9200,32200,Y,7225,-5728.949999999997,3.499619606564504,1,0.7349917996075295,1,High Risk
259,43,500/1000,2000,1537.13,0,FEMALE,PhD,handlers-cleaners,own-child,0,-58300,Multi-vehicle Collision,Side Collision,Total Loss,Other,3,3,NO,0,2,YES,57060,6340,6340,44380,N,8358,6451.050000000003,6.998896073174578,0,0.20452991223453104,1,Low Risk
114,30,250/500,1000,1173.25,0,FEMALE,Masters,protective-serv,husband,0,-34700,Vehicle Theft,unknown,Minor Damage,unknown,3,1,NO,0,3,YES,4680,520,520,3640,N,2786,-34288.95,6.9865642994241846,0,0.07187548183707408,0,Low Risk
404,56,250/500,1000,1361.16,4000000,FEMALE,Masters,transport-moving,not-in-family,0,-63700,Single Vehicle Collision,Front Collision,Minor Damage,Ambulance,23,1,NO,2,0,YES,53100,5310,5310,42480,Y,1744,4551.050000000003,7.99849369233666,1,0.6305205452509843,1,Medium Risk
282,48,500/1000,2000,1422.56,7000000,FEMALE,MD,prof-specialty,husband,26900,-55300,Vehicle Theft,unknown,Minor Damage,unknown,7,1,unknown,1,2,NO,3520,640,320,2560,N,8737,-35368.95,7.975077881619938,0,0.03953042370433909,0,Low Risk
57,25,500/1000,2000,1143.06,0,FEMALE,Masters,tech-support,own-child,63100,-54100,Multi-vehicle Collision,Front Collision,Total Loss,Ambulance,0,3,NO,0,1,YES,72900,14580,14580,43740,N,6936,5811.050000000003,2.9997942527947328,0,0.1530098283657945,0,Low Risk
215,38,250/500,500,1405.71,0,FEMALE,PhD,craft-repair,unmarried,0,0,Single Vehicle Collision,Rear Collision,Total Loss,Police,10,1,unknown,0,1,NO,70700,7070,14140,49490,N,1798,11561.050000000003,3.4997524927515733,0,0.26808796750717506,1,Low Risk
140,30,100/300,500,1354.2,0,FEMALE,College,adm-clerical,wife,100500,0,Multi-vehicle Collision,Side Collision,Minor Damage,Other,4,4,unknown,0,0,unknown,60170,5470,10940,43760,N,240,5831.050000000003,3.99963440270542,0,0.1580231138606979,0,Low Risk
250,42,100/300,500,1055.6,0,MALE,High School,exec-managerial,husband,69500,-40700,Single Vehicle Collision,Rear Collision,Major Damage,Other,16,1,unknown,1,1,unknown,74800,13600,6800,54400,Y,3691,16471.050000000003,7.998823702396706,1,0.500367782329182,1,Medium Risk
286,41,250/500,1000,999.43,0,MALE,College,prof-specialty,wife,25800,0,Vehicle Theft,unknown,Trivial Damage,Police,3,1,YES,2,0,unknown,4100,820,410,2870,N,5241,-35058.95,6.982968369829684,0,0.04465099694895664,0,Low Risk
356,47,250/500,2000,1155.97,0,MALE,High School,prof-specialty,husband,0,0,Single Vehicle Collision,Side Collision,Minor Damage,Other,5,1,YES,0,3,unknown,61490,5590,11180,44720,N,3471,6791.050000000003,3.999642250245953,0,0.2821839118713297,1,Low Risk
65,29,250/500,1000,1726.91,0,MALE,High School,other-service,own-child,0,0,Vehicle Theft,unknown,Trivial Damage,unknown,14,1,unknown,0,0,unknown,7200,720,1440,5040,N,8938,-32888.95,3.4975711311589173,0,0.0297611036452089,0,Low Risk
187,34,500/1000,500,1232.57,0,FEMALE,PhD,machine-op-inspct,not-in-family,59500,0,Multi-vehicle Collision,Side Collision,Minor Damage,Fire,7,3,unknown,0,0,unknown,45100,8200,4100,32800,N,4349,-5128.949999999997,7.998049256278956,0,0.24029107442325304,1,Low Risk
386,53,250/500,500,1078.65,0,MALE,JD,craft-repair,not-in-family,36800,0,Single Vehicle Collision,Front Collision,Minor Damage,Police,16,1,unknown,2,3,YES,66660,12120,6060,48480,N,2629,10551.050000000003,7.998680085794423,0,0.228480682871221,1,Low Risk
197,41,500/1000,1000,1324.78,0,FEMALE,PhD,prof-specialty,not-in-family,0,-64500,Single Vehicle Collision,Front Collision,Major Damage,Police,6,1,NO,2,2,YES,76400,15280,7640,53480,Y,6771,15551.050000000003,6.999083889543254,1,0.7050597595022586,1,High Risk
166,37,250/500,500,1518.54,0,FEMALE,MD,craft-repair,not-in-family,0,0,Single Vehicle Collision,Rear Collision,Total Loss,Ambulance,10,1,YES,1,1,NO,58300,10600,10600,37100,N,7350,-828.9499999999971,3.4996698424676915,0,0.3022655834447257,1,Low Risk
293,49,100/300,2000,1239.06,0,FEMALE,JD,transport-moving,husband,34900,0,Single Vehicle Collision,Front Collision,Total Loss,Police,19,1,unknown,1,1,unknown,57310,5210,10420,41680,N,6976,3751.050000000003,3.9996161596775743,0,0.2641258565722749,1,Low Risk
179,32,500/1000,2000,1246.68,0,FEMALE,PhD,priv-house-serv,own-child,0,0,Single Vehicle Collision,Front Collision,Minor Damage,Fire,10,1,unknown,0,1,unknown,53100,5900,5900,41300,N,6618,3371.050000000003,6.998813760379597,0,0.22563576350803666,1,Low Risk
76,24,250/500,1000,1622.67,0,FEMALE,MD,priv-house-serv,husband,0,0,Multi-vehicle Collision,Side Collision,Total Loss,Ambulance,6,3,NO,1,1,unknown,74700,14940,7470,52290,N,1353,14361.050000000003,6.999063043769241,0,0.22000086306388977,1,Low Risk
105,28,250/500,500,1082.36,0,FEMALE,Associate,prof-specialty,own-child,0,0,Multi-vehicle Collision,Rear Collision,Major Damage,Fire,12,3,NO,2,2,NO,60500,12100,6050,42350,N,6982,4421.050000000003,6.998843166418774,0,0.5053698893825861,1,Medium Risk
97,26,250/500,1000,1270.55,0,MALE,Masters,protective-serv,unmarried,0,-72100,Multi-vehicle Collision,Side Collision,Total Loss,Other,10,3,YES,2,3,NO,84920,7720,15440,61760,Y,6293,23831.050000000003,3.9997409494203744,1,0.7144876448710624,1,High Risk
148,36,500/1000,1000,1236.32,5000000,FEMALE,MD,adm-clerical,own-child,55100,0,Single Vehicle Collision,Side Collision,Total Loss,Police,0,1,NO,2,0,NO,61050,5550,11100,44400,N,6946,6471.050000000003,3.9996396721016123,0,0.22653233557243257,1,Low Risk
77,26,250/500,2000,785.82,0,MALE,JD,exec-managerial,other-relative,49700,0,Multi-vehicle Collision,Rear Collision,Major Damage,Police,12,3,YES,2,0,unknown,69080,12560,6280,50240,Y,2434,12311.050000000003,7.998726317465372,1,0.7707818831643627,1,High Risk
295,46,250/500,500,1265.84,0,FEMALE,JD,prof-specialty,own-child,52200,-44500,Vehicle Theft,unknown,Minor Damage,unknown,10,1,YES,1,3,YES,4560,760,380,3420,N,1868,-34508.95,8.976377952755906,0,0.060595860990801144,0,Low Risk
126,28,250/500,500,1508.9,0,FEMALE,JD,machine-op-inspct,other-relative,0,0,Multi-vehicle Collision,Rear Collision,Total Loss,Police,3,4,NO,0,1,unknown,67800,11300,11300,45200,N,8397,7271.050000000003,3.9996460490222105,0,0.30755467524068103,1,Low Risk
132,32,250/500,2000,1106.84,0,MALE,PhD,other-service,wife,43100,-31900,Vehicle Theft,unknown,Minor Damage,Police,21,1,YES,1,1,YES,5600,1120,560,3920,N,6262,-34008.95,6.9875222816399285,0,0.048905994544041965,0,Low Risk
370,55,500/1000,2000,1389.13,7000000,MALE,JD,other-service,wife,0,-53200,Vehicle Theft,unknown,Minor Damage,unknown,6,1,unknown,0,2,unknown,9000,900,1800,6300,N,787,-31628.949999999997,3.498056635202665,0,0.05658748424290442,0,Low Risk
257,43,100/300,1000,974.84,0,FEMALE,JD,transport-moving,other-relative,52100,0,Single Vehicle Collision,Rear Collision,Total Loss,Police,0,1,NO,0,1,YES,85320,21330,7110,56880,N,8318,18951.050000000003,7.998874982421601,0,0.19252036318096996,0,Low Risk
9,24,100/300,2000,1304.46,0,FEMALE,PhD,machine-op-inspct,other-relative,51700,-33300,Vehicle Theft,unknown,Trivial Damage,unknown,6,1,NO,0,3,YES,5940,540,1080,4320,Y,4634,-33608.95,3.996299722479186,1,0.6431372774942479,1,Medium Risk
185,34,250/500,500,1257.36,0,FEMALE,PhD,armed-forces,husband,0,0,Multi-vehicle Collision,Side Collision,Major Damage,Fire,20,3,YES,1,1,unknown,51370,9340,4670,37360,Y,1773,-568.9499999999971,7.998287304645686,1,0.6929025652693686,1,Medium Risk
234,43,250/500,500,1257.04,0,MALE,Associate,protective-serv,own-child,0,-48800,Single Vehicle Collision,Rear Collision,Major Damage,Police,4,1,NO,2,2,YES,51600,10320,5160,36120,N,9106,-1808.949999999997,6.998643673706646,0,0.35289394283448305,1,Low Risk
253,44,100/300,2000,719.52,0,FEMALE,High School,farming-fishing,own-child,45800,0,Parked Car,unknown,Trivial Damage,unknown,9,1,NO,0,3,unknown,5400,600,600,4200,N,2834,-33728.95,6.988352745424293,0,0.08025589144254912,0,Low Risk
233,39,500/1000,2000,1524.18,0,MALE,JD,craft-repair,unmarried,0,0,Multi-vehicle Collision,Rear Collision,Minor Damage,Fire,20,3,unknown,1,0,YES,48870,5430,5430,38010,N,5119,81.05000000000291,6.998711102927637,0,0.1842627964043264,0,Low Risk
274,44,500/1000,500,1395.58,0,FEMALE,JD,tech-support,husband,0,0,Vehicle Theft,unknown,Minor Damage,Police,7,1,NO,2,1,unknown,5590,860,860,3870,N,3101,-34058.95,4.494773519163763,0,0.10907079279926184,0,Low Risk
297,48,500/1000,1000,1243.68,0,MALE,Masters,protective-serv,wife,0,-71400,Multi-vehicle Collision,Front Collision,Major Damage,Other,18,3,unknown,0,2,unknown,54960,6870,0,48090,Y,207,10161.050000000003,48090.0,1,0.6588249898831157,1,Medium Risk
273,47,500/1000,1000,1189.04,0,FEMALE,Associate,prof-specialty,own-child,59600,0,Multi-vehicle Collision,Side Collision,Minor Damage,Police,0,3,NO,1,3,unknown,39800,7960,3980,27860,N,1215,-10068.949999999997,6.998241647827179,0,0.06831565669443504,0,Low Risk
147,37,500/1000,2000,1375.29,0,FEMALE,Masters,armed-forces,own-child,0,0,Multi-vehicle Collision,Side Collision,Major Damage,Ambulance,11,3,unknown,0,1,unknown,56160,6240,6240,43680,Y,651,5751.050000000003,6.998878384874219,1,0.7157131395336387,1,High Risk
285,42,100/300,500,1389.13,0,MALE,Associate,priv-house-serv,not-in-family,63100,-79400,Single Vehicle Collision,Side Collision,Total Loss,Fire,13,1,NO,0,3,unknown,52700,5270,10540,36890,N,8710,-1038.949999999997,3.499667963191348,0,0.13271799336579607,0,Low Risk
289,43,500/1000,1000,1387.51,0,FEMALE,Associate,sales,not-in-family,0,0,Multi-vehicle Collision,Side Collision,Minor Damage,Fire,19,3,YES,1,3,unknown,68580,7620,7620,53340,N,4404,15411.050000000003,6.999081485369374,0,0.2543929224073909,1,Low Risk
427,60,100/300,1000,1178.61,7000000,MALE,MD,craft-repair,own-child,0,-54400,Single Vehicle Collision,Side Collision,Major Damage,Ambulance,23,1,YES,1,2,YES,90860,12980,19470,58410,Y,3366,20481.050000000003,2.999845924708541,1,0.7215067943956225,1,High Risk
380,53,250/500,2000,1166.62,6000000,MALE,Associate,priv-house-serv,wife,0,0,Parked Car,unknown,Trivial Damage,Police,23,1,NO,0,3,NO,5700,570,570,4560,N,1371,-33368.95,7.9859894921190895,0,0.07642759763328416,0,Low Risk
13,21,100/300,1000,1556.31,0,MALE,Associate,prof-specialty,not-in-family,0,-75000,Multi-vehicle Collision,Side Collision,Total Loss,Police,19,3,YES,2,0,YES,94930,8630,8630,77670,N,3015,39741.05,8.998957247132429,0,0.15819658668082096,0,Low Risk
282,43,250/500,500,1452.27,0,MALE,MD,farming-fishing,not-in-family,75800,0,Single Vehicle Collision,Side Collision,Major Damage,Ambulance,19,1,NO,1,2,NO,46800,4680,9360,32760,Y,3095,-5168.949999999997,3.4996261083217606,1,0.4215714993426066,1,Medium Risk
312,47,500/1000,1000,1212.07,0,FEMALE,MD,exec-managerial,wife,66900,-51800,Multi-vehicle Collision,Side Collision,Total Loss,Fire,17,3,NO,2,3,NO,56320,7040,7040,42240,N,4649,4311.050000000003,5.999147848317,0,0.2706035417163224,1,Low Risk
266,46,100/300,2000,1578.54,0,MALE,Associate,handlers-cleaners,husband,0,-41400,Single Vehicle Collision,Front Collision,Minor Damage,Fire,18,1,NO,1,3,YES,83490,7590,15180,60720,N,2169,22791.050000000003,3.9997365127461957,0,0.2820409982686095,1,Low Risk
30,36,500/1000,500,1488.26,0,FEMALE,College,machine-op-inspct,wife,0,-63500,Multi-vehicle Collision,Side Collision,Total Loss,Police,17,3,NO,2,2,unknown,57900,5790,5790,46320,N,5038,8391.050000000003,7.998618546019686,0,0.23534731168718273,1,Low Risk
198,36,250/500,1000,1096.39,0,MALE,High School,armed-forces,own-child,0,0,Multi-vehicle Collision,Rear Collision,Total Loss,Fire,11,3,unknown,1,3,YES,49410,5490,5490,38430,N,5092,501.0500000000029,6.998725186669095,0,0.17929431091756642,0,Low Risk
290,45,500/1000,2000,1215.36,0,MALE,Associate,tech-support,own-child,54400,0,Multi-vehicle Collision,Side Collision,Minor Damage,Fire,22,3,unknown,0,1,NO,66200,6620,6620,52960,N,7744,15031.050000000003,7.998791723304636,0,0.1623963135532491,0,Low Risk
260,46,100/300,2000,1482.57,0,MALE,MD,priv-house-serv,husband,35000,0,Single Vehicle Collision,Front Collision,Minor Damage,Fire,7,1,NO,0,1,NO,64080,10680,10680,42720,N,9133,4791.050000000003,3.9996255032300345,0,0.16700899191564353,0,Low Risk
233,43,250/500,1000,954.18,0,FEMALE,College,tech-support,other-relative,0,0,Multi-vehicle Collision,Side Collision,Minor Damage,Other,17,3,unknown,2,3,YES,42500,8500,4250,29750,N,5385,-8178.949999999997,6.998353328628558,0,0.16460678670786394,0,Low Risk
130,30,500/1000,2000,1193.4,0,MALE,PhD,exec-managerial,own-child,0,-40800,Multi-vehicle Collision,Side Collision,Total Loss,Other,16,3,NO,2,3,unknown,48950,8900,4450,35600,N,890,-2328.949999999997,7.998202651089643,0,0.30858506600007046,1,Low Risk
230,42,100/300,1000,1023.11,0,FEMALE,MD,adm-clerical,own-child,0,-45300,Multi-vehicle Collision,Rear Collision,Minor Damage,Other,13,3,NO,1,2,YES,58850,10700,10700,37450,N,3734,-478.9499999999971,3.4996729277637604,0,0.17050920399805367,0,Low Risk
212,40,500/1000,1000,1524.45,0,FEMALE,Masters,other-service,husband,73200,0,Multi-vehicle Collision,Side Collision,Minor Damage,Other,17,3,YES,0,2,YES,82400,8240,8240,65920,N,4402,27991.050000000003,7.999029244023784,0,0.26560412201153155,1,Low Risk
299,44,500/1000,1000,1653.32,0,FEMALE,College,other-service,other-relative,0,-48800,Single Vehicle Collision,Rear Collision,Minor Damage,Ambulance,3,1,YES,2,0,unknown,54240,6780,6780,40680,N,2270,2751.050000000003,5.999115174752986,0,0.3118968666442831,1,Low Risk
91,26,250/500,1000,1022.46,0,FEMALE,Associate,armed-forces,other-relative,52700,0,Multi-vehicle Collision,Front Collision,Minor Damage,Other,15,3,unknown,0,2,unknown,74200,7420,7420,59360,N,5606,21431.050000000003,7.998921978170058,0,0.27247107051088876,1,Low Risk
398,53,100/300,2000,1396.43,0,FEMALE,Associate,priv-house-serv,unmarried,21500,0,Single Vehicle Collision,Front Collision,Total Loss,Fire,16,1,YES,2,1,unknown,47430,5270,5270,36890,N,8806,-1038.949999999997,6.99867197875166,0,0.20481945591785428,1,Low Risk
218,43,250/500,500,1521.55,0,FEMALE,Associate,priv-house-serv,other-relative,61100,-64500,Single Vehicle Collision,Rear Collision,Major Damage,Fire,18,1,unknown,1,3,YES,68200,13640,6820,47740,Y,6897,9811.050000000003,6.998973757513561,1,0.7204279692358484,1,High Risk
152,33,100/300,1000,1034.27,0,FEMALE,JD,armed-forces,husband,0,0,Single Vehicle Collision,Front Collision,Minor Damage,Fire,18,1,NO,1,0,NO,63900,7100,7100,49700,N,4989,11771.050000000003,6.999014223348824,0,0.18521636160715463,0,Low Risk
212,39,100/300,1000,1255.35,0,FEMALE,JD,protective-serv,not-in-family,60300,-58900,Multi-vehicle Collision,Rear Collision,Total Loss,Ambulance,22,2,NO,0,3,YES,59300,11860,5930,41510,N,1795,3581.050000000003,6.9988197605800035,0,0.23441829403533368,1,Low Risk
242,44,500/1000,2000,1396.89,6000000,FEMALE,College,priv-house-serv,other-relative,0,-61600,Multi-vehicle Collision,Front Collision,Minor Damage,Other,15,3,NO,1,2,YES,66900,6690,13380,46830,Y,4207,8901.050000000003,3.499738435094537,1,0.5544134378376415,1,Medium Risk
80,27,500/1000,500,795.31,0,MALE,JD,farming-fishing,husband,0,-51000,Multi-vehicle Collision,Rear Collision,Major Damage,Police,16,3,YES,1,3,unknown,40810,3710,7420,29680,Y,148,-8248.949999999997,3.999460989085029,1,0.7352986084387841,1,High Risk
260,43,100/300,500,982.22,0,FEMALE,JD,exec-managerial,not-in-family,54500,-72100,Single Vehicle Collision,Front Collision,Total Loss,Fire,18,1,unknown,1,0,unknown,75400,15080,7540,52780,N,2080,14851.050000000003,6.999071741148389,0,0.1748734582296875,0,Low Risk
133,34,500/1000,500,1074.07,0,FEMALE,JD,prof-specialty,husband,70900,-61100,Parked Car,unknown,Minor Damage,unknown,8,1,NO,2,0,YES,4200,420,840,2940,N,7414,-34988.95,3.4958382877526755,0,0.03159389331452341,0,Low Risk
290,45,100/300,1000,1311.3,0,FEMALE,Associate,machine-op-inspct,wife,38500,0,Multi-vehicle Collision,Side Collision,Major Damage,Ambulance,23,3,YES,0,0,YES,52650,5850,5850,40950,Y,8577,3021.050000000003,6.998803623312254,1,0.7241371497458694,1,High Risk
322,49,250/500,2000,1277.12,0,FEMALE,PhD,armed-forces,own-child,0,-46000,Single Vehicle Collision,Rear Collision,Major Damage,Ambulance,18,1,unknown,0,2,YES,42240,7680,7680,26880,N,4865,-11048.949999999997,3.4995443301653433,0,0.2570545021753875,1,Low Risk
228,39,500/1000,500,1388.62,0,FEMALE,JD,sales,husband,35200,0,Single Vehicle Collision,Side Collision,Minor Damage,Other,10,1,YES,1,0,YES,59490,6610,6610,46270,N,852,8341.050000000003,6.998941158674936,0,0.24165944146643678,1,Low Risk
195,37,100/300,1000,1406.52,8000000,MALE,MD,tech-support,unmarried,0,0,Single Vehicle Collision,Side Collision,Major Damage,Ambulance,12,1,NO,0,2,NO,44200,4420,4420,35360,Y,8602,-2568.949999999997,7.998190454648269,1,0.7004547952802008,1,High Risk
247,39,100/300,500,1558.29,0,FEMALE,Masters,protective-serv,unmarried,0,-49300,Vehicle Theft,unknown,Trivial Damage,Police,5,1,YES,1,2,unknown,7700,770,1540,5390,N,8511,-32538.949999999997,3.4977287475665153,0,0.036267606993072146,0,Low Risk
405,57,500/1000,1000,1132.47,4000000,MALE,MD,priv-house-serv,other-relative,46300,0,Multi-vehicle Collision,Front Collision,Total Loss,Other,21,3,unknown,2,3,unknown,61440,10240,10240,40960,N,5490,3031.050000000003,3.9996094131432476,0,0.2623579508820292,1,Low Risk
144,37,250/500,2000,1896.91,0,FEMALE,PhD,handlers-cleaners,not-in-family,73700,0,Multi-vehicle Collision,Rear Collision,Major Damage,Fire,17,3,YES,1,3,NO,54400,5440,10880,38080,Y,835,151.0500000000029,3.4996783383880157,1,0.47824522321627894,1,Medium Risk
338,47,500/1000,500,1143.46,4000000,MALE,MD,priv-house-serv,other-relative,0,0,Single Vehicle Collision,Front Collision,Total Loss,Other,4,1,YES,2,1,unknown,58560,9760,9760,39040,N,7123,1111.050000000003,3.9995902059215243,0,0.20598330078886692,1,Low Risk
121,34,500/1000,500,1285.42,0,MALE,MD,priv-house-serv,wife,0,0,Single Vehicle Collision,Front Collision,Major Damage,Fire,11,1,NO,1,1,NO,67300,6730,6730,53840,Y,8745,15911.050000000003,7.998811469321052,1,0.4745188695544522,1,Medium Risk
398,55,250/500,2000,1305.26,0,MALE,MD,farming-fishing,wife,66200,-49700,Single Vehicle Collision,Rear Collision,Major Damage,Fire,18,1,unknown,1,3,YES,36740,3340,6680,26720,Y,8591,-11208.949999999997,3.99940128723245,1,0.7142105388611817,1,High Risk
9,30,100/300,1000,1073.83,0,FEMALE,High School,machine-op-inspct,not-in-family,0,0,Single Vehicle Collision,Rear Collision,Total Loss,Police,12,1,unknown,0,0,NO,85690,15580,15580,54530,N,7603,16601.050000000003,3.499775367434696,0,0.1697581065693436,0,Low Risk
115,31,500/1000,1000,1051.67,0,FEMALE,Associate,exec-managerial,not-in-family,0,0,Multi-vehicle Collision,Side Collision,Major Damage,Ambulance,18,3,YES,0,3,NO,34160,0,4270,29890,Y,3374,-8038.949999999997,6.998361039569188,1,0.7322841610784119,1,High Risk
280,48,250/500,1000,1387.35,0,MALE,JD,transport-moving,not-in-family,0,-72000,Single Vehicle Collision,Front Collision,Minor Damage,Fire,16,1,NO,2,2,unknown,61320,10220,10220,40880,N,203,2951.050000000003,3.99960864886019,0,0.22438404563062816,1,Low Risk
254,45,250/500,500,1083.64,0,MALE,JD,other-service,husband,59800,0,Multi-vehicle Collision,Rear Collision,Total Loss,Police,19,3,YES,0,0,unknown,79680,13280,13280,53120,N,4181,15191.050000000003,3.999698817860101,0,0.1314201999276767,0,Low Risk
141,30,250/500,1000,1851.78,0,FEMALE,High School,craft-repair,other-relative,78800,0,Single Vehicle Collision,Front Collision,Total Loss,Fire,13,1,NO,1,0,YES,61740,6860,6860,48020,N,5322,10091.050000000003,6.9989797405626,0,0.2767990913123605,1,Low Risk
441,55,250/500,500,1270.29,4000000,MALE,College,armed-forces,husband,24000,-50500,Parked Car,unknown,Minor Damage,unknown,4,1,NO,0,0,NO,6400,640,640,5120,N,2031,-32808.95,7.9875195007800315,0,0.07111184156754359,0,Low Risk
381,55,500/1000,500,1459.99,0,FEMALE,MD,other-service,wife,35900,0,Single Vehicle Collision,Rear Collision,Major Damage,Fire,8,1,YES,1,2,YES,60600,12120,6060,42420,N,8675,4491.050000000003,6.99884507507012,0,0.5579705271026312,1,Medium Risk
191,38,100/300,2000,1253.44,0,FEMALE,Masters,craft-repair,not-in-family,0,0,Multi-vehicle Collision,Side Collision,Major Damage,Ambulance,19,3,NO,2,0,NO,56320,10240,5120,40960,N,3366,3031.050000000003,7.998437805116188,0,0.4670228214200639,1,Medium Risk
145,34,100/300,1000,1142.48,0,FEMALE,JD,priv-house-serv,other-relative,0,0,Single Vehicle Collision,Side Collision,Total Loss,Ambulance,18,1,YES,2,0,NO,52250,9500,4750,38000,N,9004,71.05000000000291,7.99831614396969,0,0.13385331087710972,0,Low Risk
479,60,500/1000,1000,1188.45,0,FEMALE,MD,exec-managerial,other-relative,0,-44800,Multi-vehicle Collision,Rear Collision,Total Loss,Other,9,2,unknown,0,3,unknown,53900,5390,10780,37730,N,4434,-198.9499999999971,3.4996753547908357,0,0.2043127220309379,1,Low Risk
215,35,500/1000,1000,1125.4,0,MALE,Masters,adm-clerical,husband,40000,-43400,Vehicle Theft,unknown,Trivial Damage,unknown,6,1,unknown,2,1,NO,2640,220,440,1980,N,3866,-35948.95,4.489795918367347,0,0.041680458499038384,0,Low Risk
41,33,250/500,500,1294.41,0,MALE,High School,transport-moving,husband,0,0,Vehicle Theft,unknown,Minor Damage,unknown,8,1,YES,0,0,unknown,8970,1380,1380,6210,N,1611,-31718.949999999997,4.496741491672701,0,0.028621484469352473,0,Low Risk
45,31,100/300,500,1459.5,0,MALE,MD,priv-house-serv,not-in-family,0,0,Parked Car,unknown,Minor Damage,unknown,6,1,unknown,1,3,unknown,6000,1000,1000,4000,N,8921,-33928.95,3.996003996003996,0,0.04309429044697006,0,Low Risk
156,38,100/300,500,1367.99,0,MALE,High School,armed-forces,own-child,26500,0,Multi-vehicle Collision,Front Collision,Major Damage,Fire,23,3,unknown,0,3,unknown,55200,11040,5520,38640,Y,1980,711.0500000000029,6.99873211374751,1,0.5311257299624372,1,Medium Risk
246,45,250/500,500,1594.37,0,MALE,Associate,exec-managerial,own-child,0,0,Parked Car,unknown,Trivial Damage,unknown,13,1,NO,0,3,YES,7260,660,1320,5280,N,5638,-32648.949999999997,3.9969719909159727,0,0.07390831552308823,0,Low Risk
178,39,100/300,500,1035.99,0,FEMALE,JD,exec-managerial,own-child,0,0,Multi-vehicle Collision,Front Collision,Minor Damage,Police,3,3,NO,2,0,unknown,64680,11760,11760,41160,N,2141,3231.050000000003,3.4997024062579714,0,0.10077829631881935,0,Low Risk
237,43,250/500,500,911.53,0,FEMALE,PhD,sales,husband,53200,0,Single Vehicle Collision,Rear Collision,Major Damage,Police,23,1,NO,0,1,NO,59200,0,11840,47360,N,2130,9431.050000000003,3.9996621906933534,0,0.4855100053656093,1,Medium Risk
127,34,500/1000,500,1319.97,0,FEMALE,Associate,craft-repair,own-child,73700,0,Vehicle Theft,unknown,Minor Damage,unknown,8,1,YES,1,3,unknown,4700,470,940,3290,N,3079,-34638.95,3.496280552603613,0,0.0775827228131306,0,Low Risk
1,33,250/500,2000,1391.63,0,MALE,Associate,sales,husband,61200,0,Single Vehicle Collision,Side Collision,Total Loss,Other,23,1,YES,0,3,NO,69400,6940,6940,55520,N,7022,17591.050000000003,7.998847428324449,0,0.16281886526119083,0,Low Risk
5,21,250/500,500,915.41,5000000,FEMALE,High School,exec-managerial,own-child,0,0,Single Vehicle Collision,Side Collision,Total Loss,Police,23,1,YES,0,0,NO,40500,4050,4050,32400,N,4473,-5528.949999999997,7.998025178968156,0,0.13774511754146512,0,Low Risk
64,28,500/1000,1000,1468.82,0,MALE,JD,handlers-cleaners,other-relative,56800,-51800,Multi-vehicle Collision,Side Collision,Minor Damage,Fire,9,3,NO,2,1,NO,60000,5000,10000,45000,N,8497,7071.050000000003,4.499550044995501,0,0.18040313379734707,0,Low Risk
142,30,500/1000,500,1412.76,0,MALE,PhD,armed-forces,wife,66400,-63700,Single Vehicle Collision,Side Collision,Minor Damage,Other,22,1,YES,2,3,NO,67320,11220,11220,44880,N,6205,6951.050000000003,3.9996435255324836,0,0.13945956100732157,0,Low Risk
97,27,500/1000,500,1588.26,0,FEMALE,High School,tech-support,husband,56700,-49300,Multi-vehicle Collision,Side Collision,Total Loss,Other,22,3,YES,2,1,YES,75690,8410,8410,58870,N,4657,20941.050000000003,6.999167756509333,0,0.27040911051138955,1,Low Risk
121,31,100/300,1000,1140.91,0,MALE,Associate,adm-clerical,other-relative,51300,0,Multi-vehicle Collision,Side Collision,Major Damage,Fire,15,3,NO,1,2,unknown,64300,6430,6430,51440,Y,8611,13511.050000000003,7.998756025501478,1,0.7622946231198365,1,High Risk
225,43,100/300,1000,1517.54,0,MALE,JD,priv-house-serv,own-child,0,-20900,Multi-vehicle Collision,Rear Collision,Major Damage,Police,16,3,NO,2,0,YES,64400,6440,6440,51520,N,3801,13591.050000000003,7.998757956839,0,0.38523020563001065,1,Low Risk
425,53,250/500,2000,912.29,0,FEMALE,High School,priv-house-serv,husband,42900,-39100,Multi-vehicle Collision,Front Collision,Minor Damage,Fire,17,3,unknown,1,2,unknown,97080,16180,16180,64720,N,8987,26791.050000000003,3.99975279648971,0,0.17813725996058186,0,Low Risk
285,44,250/500,2000,1144.3,0,MALE,MD,priv-house-serv,not-in-family,52600,0,Vehicle Theft,unknown,Minor Damage,Police,3,1,YES,1,0,unknown,5500,500,500,4500,N,8568,-33428.95,8.982035928143713,0,0.162736060156944,0,Low Risk
192,38,500/1000,1000,1281.43,0,FEMALE,Masters,transport-moving,not-in-family,65100,-50300,Multi-vehicle Collision,Rear Collision,Total Loss,Other,10,3,unknown,0,2,NO,30700,3070,6140,21490,N,1435,-16438.949999999997,3.4994300602507735,0,0.08702249727641452,0,Low Risk
285,48,100/300,2000,1101.85,0,FEMALE,College,sales,wife,46100,0,Single Vehicle Collision,Side Collision,Minor Damage,Police,9,1,NO,1,2,YES,33480,3720,3720,26040,N,753,-11888.949999999997,6.998118785272776,0,0.08779944729615556,0,Low Risk
98,26,500/1000,2000,1082.1,0,MALE,JD,exec-managerial,other-relative,0,-30900,Multi-vehicle Collision,Front Collision,Total Loss,Police,13,2,unknown,0,1,YES,65430,14540,7270,43620,N,5098,5691.050000000003,5.999174804015953,0,0.2779872962705519,1,Low Risk
175,36,500/1000,500,1185.44,0,MALE,Masters,exec-managerial,not-in-family,44900,-52500,Multi-vehicle Collision,Rear Collision,Major Damage,Police,15,3,YES,2,1,YES,42680,3880,7760,31040,Y,8368,-6888.949999999997,3.999484602499678,1,0.755623287113172,1,High Risk
259,45,500/1000,2000,1175.07,0,MALE,MD,craft-repair,not-in-family,30100,0,Single Vehicle Collision,Side Collision,Minor Damage,Fire,23,1,unknown,1,1,NO,87780,7980,7980,71820,N,2935,33891.05,8.99887232176419,0,0.2485559316490665,1,Low Risk
140,36,500/1000,2000,979.26,0,FEMALE,JD,transport-moving,own-child,0,-67000,Multi-vehicle Collision,Front Collision,Major Damage,Fire,2,4,YES,0,2,YES,72800,14560,14560,43680,N,5343,5751.050000000003,2.9997939701943546,0,0.49431522741712675,1,Medium Risk
231,37,250/500,500,920.81,0,FEMALE,High School,sales,wife,0,0,Single Vehicle Collision,Rear Collision,Major Damage,Fire,14,1,YES,2,0,unknown,71190,0,7910,63280,Y,8464,25351.050000000003,7.998988749841992,1,0.5608099030515868,1,Medium Risk
186,38,100/300,500,922.85,0,MALE,High School,adm-clerical,husband,70300,-70900,Vehicle Theft,unknown,Trivial Damage,unknown,7,1,unknown,1,1,YES,3600,400,400,2800,N,604,-35128.95,6.982543640897756,0,0.05010501330729568,0,Low Risk
229,41,250/500,2000,1107.59,3000000,MALE,PhD,tech-support,not-in-family,65400,0,Single Vehicle Collision,Side Collision,Major Damage,Other,23,1,NO,1,3,NO,62640,10440,10440,41760,N,5882,3831.050000000003,3.9996168949334354,0,0.3684190003663182,1,Low Risk
180,36,100/300,500,1272.46,0,MALE,College,prof-specialty,wife,0,0,Multi-vehicle Collision,Front Collision,Minor Damage,Ambulance,7,3,YES,2,1,unknown,69630,12660,6330,50640,N,47,12711.050000000003,7.998736376559785,0,0.2697921547401331,1,Low Risk
188,33,250/500,1000,1340.24,0,MALE,High School,protective-serv,own-child,0,-68800,Multi-vehicle Collision,Rear Collision,Minor Damage,Police,8,3,YES,1,0,unknown,76010,13820,6910,55280,Y,7618,17351.050000000003,7.998842425119375,1,0.21052776041470467,1,Low Risk
214,40,100/300,1000,1648.0,0,MALE,JD,transport-moving,not-in-family,57700,-43500,Single Vehicle Collision,Rear Collision,Total Loss,Other,17,1,NO,1,0,YES,44220,8040,4020,32160,N,5286,-5768.949999999997,7.998010445162895,0,0.10928689899451105,0,Low Risk
178,38,250/500,500,1381.14,0,FEMALE,College,other-service,wife,0,0,Multi-vehicle Collision,Rear Collision,Minor Damage,Other,10,3,NO,0,3,NO,57200,5200,10400,41600,N,101,3671.050000000003,3.9996154215940773,0,0.2124816301088214,1,Low Risk
55,35,500/1000,500,1198.44,8000000,MALE,MD,priv-house-serv,wife,0,0,Vehicle Theft,unknown,Minor Damage,Police,9,1,NO,0,3,NO,3080,560,560,1960,N,1440,-35968.95,3.4937611408199643,0,0.11591858850818403,0,Low Risk
90,31,250/500,2000,951.27,0,FEMALE,PhD,other-service,not-in-family,42100,0,Single Vehicle Collision,Rear Collision,Total Loss,Other,2,1,YES,1,0,YES,75790,13780,6890,55120,N,8962,17191.050000000003,7.998839065447686,0,0.180297567310868,0,Low Risk
135,30,500/1000,2000,1341.24,0,FEMALE,MD,farming-fishing,wife,37100,-46500,Multi-vehicle Collision,Rear Collision,Minor Damage,Ambulance,18,3,NO,0,1,NO,32670,5940,2970,23760,N,2189,-14168.949999999997,7.997307303938068,0,0.1544894897233514,0,Low Risk
277,46,250/500,2000,1177.57,0,FEMALE,Associate,adm-clerical,husband,0,-65500,Vehicle Theft,unknown,Minor Damage,Police,4,1,unknown,2,3,NO,3870,430,860,2580,N,8113,-35348.95,2.9965156794425085,0,0.16487280330417584,0,Low Risk
211,38,250/500,1000,1055.09,0,FEMALE,Masters,transport-moving,own-child,0,0,Single Vehicle Collision,Front Collision,Total Loss,Fire,12,1,unknown,0,3,YES,91520,8320,16640,66560,Y,6466,28631.050000000003,3.999759629829938,1,0.670784229518892,1,Medium Risk
156,32,250/500,500,1479.48,0,MALE,Masters,prof-specialty,unmarried,0,0,Single Vehicle Collision,Front Collision,Major Damage,Other,15,1,YES,1,3,YES,74690,6790,13580,54320,Y,8334,16391.050000000003,3.999705470878433,1,0.5441843010469241,1,Medium Risk
84,30,500/1000,2000,1827.38,0,MALE,Associate,priv-house-serv,other-relative,0,-15900,Vehicle Theft,unknown,Trivial Damage,Police,9,1,YES,1,3,unknown,4620,420,840,3360,N,7122,-34568.95,3.995243757431629,0,0.05174118406203135,0,Low Risk
136,32,100/300,500,1169.62,0,FEMALE,JD,sales,not-in-family,0,0,Single Vehicle Collision,Side Collision,Major Damage,Police,6,1,YES,0,0,NO,55000,10000,10000,35000,Y,5152,-2928.949999999997,3.4996500349965003,1,0.672271992278724,1,Medium Risk
310,48,100/300,500,1516.34,0,FEMALE,JD,adm-clerical,unmarried,11000,0,Multi-vehicle Collision,Rear Collision,Major Damage,Police,11,4,YES,0,2,NO,59400,13200,6600,39600,Y,5630,1671.050000000003,5.999091046811089,1,0.7962146885564488,1,High Risk
123,34,500/1000,2000,1270.21,0,FEMALE,College,sales,husband,16100,-61200,Multi-vehicle Collision,Side Collision,Total Loss,Fire,13,3,NO,1,1,unknown,55260,6140,0,49120,N,2874,11191.050000000003,49120.0,0,0.19580091084921078,0,Low Risk
243,44,250/500,500,809.11,0,MALE,JD,craft-repair,other-relative,33200,0,Multi-vehicle Collision,Side Collision,Minor Damage,Other,4,3,unknown,2,1,YES,51400,5140,10280,35980,N,6242,-1948.949999999997,3.499659566190059,0,0.22376740985292098,1,Low Risk
36,37,500/1000,1000,1115.81,0,FEMALE,Masters,machine-op-inspct,husband,0,-59800,Multi-vehicle Collision,Side Collision,Minor Damage,Ambulance,20,3,YES,1,3,unknown,48780,5420,10840,32520,N,463,-5408.949999999997,2.9997232727608156,0,0.21016389865442534,1,Low Risk
146,31,100/300,1000,1457.65,5000000,FEMALE,College,armed-forces,own-child,0,0,Multi-vehicle Collision,Rear Collision,Major Damage,Ambulance,0,3,NO,1,3,unknown,52380,5820,5820,40740,N,8901,2811.050000000003,6.998797457481532,0,0.4884699813123239,1,Medium Risk
154,34,100/300,1000,1041.36,0,FEMALE,JD,priv-house-serv,husband,53100,-43900,Multi-vehicle Collision,Side Collision,Total Loss,Other,18,4,unknown,2,3,YES,74360,13520,13520,47320,Y,5592,9391.050000000003,3.4997411434065526,1,0.651873132497153,1,Medium Risk
204,40,250/500,1000,1693.83,7000000,MALE,High School,protective-serv,other-relative,44000,-20800,Single Vehicle Collision,Front Collision,Minor Damage,Police,6,1,unknown,1,0,unknown,53400,5340,5340,42720,N,8312,4791.050000000003,7.99850215315484,0,0.1711786807683313,0,Low Risk
458,59,100/300,1000,1685.69,0,FEMALE,High School,protective-serv,wife,31400,0,Single Vehicle Collision,Front Collision,Total Loss,Police,23,1,unknown,2,2,YES,71800,14360,14360,43080,N,2175,5151.050000000003,2.9997911008982663,0,0.31303076818589387,1,Low Risk
147,31,250/500,500,1054.92,6000000,FEMALE,PhD,prof-specialty,own-child,51900,0,Single Vehicle Collision,Front Collision,Major Damage,Other,4,1,unknown,0,0,unknown,68240,8530,0,59710,Y,6549,21781.050000000003,59710.0,1,0.4413266294397208,1,Medium Risk
279,45,250/500,2000,1333.97,6000000,FEMALE,MD,other-service,unmarried,61100,-30700,Multi-vehicle Collision,Rear Collision,Major Damage,Other,21,3,unknown,1,0,unknown,61050,11100,11100,38850,Y,8385,921.0500000000029,3.499684713088911,1,0.7083338164428699,1,High Risk
308,47,100/300,1000,1013.61,6000000,FEMALE,Associate,craft-repair,own-child,45700,-41400,Parked Car,unknown,Minor Damage,unknown,7,1,unknown,1,1,YES,5590,860,860,3870,N,474,-34058.95,4.494773519163763,0,0.14949048416023866,0,Low Risk
284,48,500/1000,500,958.3,0,FEMALE,PhD,machine-op-inspct,husband,47900,0,Multi-vehicle Collision,Side Collision,Major Damage,Fire,19,3,unknown,0,0,unknown,46860,8520,8520,29820,N,2442,-8108.949999999997,3.4995892500880177,0,0.3075204113756002,1,Low Risk
108,31,250/500,2000,1112.04,6000000,FEMALE,PhD,other-service,own-child,52800,-54300,Parked Car,unknown,Minor Damage,unknown,5,1,NO,1,3,NO,4290,780,780,2730,N,4757,-35198.95,3.495518565941101,0,0.08528621928674056,0,Low Risk
421,57,250/500,2000,1206.26,0,FEMALE,Associate,armed-forces,own-child,69900,0,Multi-vehicle Collision,Front Collision,Minor Damage,Police,22,3,YES,0,0,NO,78500,15700,7850,54950,N,4687,17021.050000000003,6.99910839383518,0,0.10202887819747289,0,Low Risk
266,42,500/1000,1000,763.67,0,MALE,Associate,prof-specialty,own-child,12800,-49700,Single Vehicle Collision,Side Collision,Total Loss,Police,12,1,YES,1,3,YES,70830,7870,7870,55090,N,6047,17161.050000000003,6.999110659382543,0,0.3454073091575953,1,Low Risk
412,56,250/500,500,1042.56,0,MALE,High School,handlers-cleaners,own-child,0,-66100,Multi-vehicle Collision,Front Collision,Total Loss,Police,19,3,NO,0,2,NO,68040,15120,7560,45360,N,4541,7431.050000000003,5.999206454172729,0,0.2595192942333075,1,Low Risk
31,32,100/300,2000,1263.48,4000000,FEMALE,JD,other-service,wife,46800,-87300,Single Vehicle Collision,Side Collision,Major Damage,Fire,10,1,unknown,2,0,unknown,63600,5300,10600,47700,Y,5632,9771.050000000003,4.499575511744175,1,0.7811985289156692,1,High Risk
465,63,250/500,500,1006.99,6000000,FEMALE,Masters,sales,own-child,0,0,Single Vehicle Collision,Side Collision,Minor Damage,Other,7,1,NO,0,3,unknown,43560,4840,4840,33880,N,1120,-4048.949999999997,6.998554017764925,0,0.14818674074601443,0,Low Risk
126,31,250/500,1000,1328.26,0,MALE,Masters,sales,not-in-family,42300,-45800,Single Vehicle Collision,Front Collision,Total Loss,Police,17,1,NO,1,1,NO,60840,13520,6760,40560,N,6711,2631.050000000003,5.999112557314007,0,0.30411571881614324,1,Low Risk
407,55,100/300,1000,1250.08,5000000,FEMALE,PhD,tech-support,wife,0,-57700,Multi-vehicle Collision,Side Collision,Total Loss,Police,0,3,unknown,2,3,YES,68160,11360,11360,45440,N,6908,7511.050000000003,3.9996479183170495,0,0.23491996226469175,1,Low Risk
101,27,500/1000,500,982.7,6000000,FEMALE,College,transport-moving,unmarried,30800,-43700,Parked Car,unknown,Minor Damage,unknown,9,1,NO,1,0,NO,5170,940,470,3760,N,6260,-34168.95,7.983014861995754,0,0.05882081610451598,0,Low Risk
187,37,500/1000,1000,1412.06,5000000,FEMALE,Masters,protective-serv,not-in-family,60100,0,Single Vehicle Collision,Side Collision,Total Loss,Ambulance,21,1,unknown,0,3,unknown,57700,5770,5770,46160,N,526,8231.050000000003,7.9986137584474095,0,0.22325951213899384,1,Low Risk
252,46,500/1000,2000,1066.7,0,FEMALE,JD,handlers-cleaners,own-child,0,0,Multi-vehicle Collision,Front Collision,Total Loss,Other,22,3,NO,0,2,NO,89520,14920,14920,59680,N,6635,21751.050000000003,3.9997319214529856,0,0.2143614477049565,1,Low Risk
229,43,250/500,2000,1585.54,0,MALE,High School,protective-serv,not-in-family,42600,-44400,Vehicle Theft,unknown,Minor Damage,unknown,3,1,NO,1,0,YES,4620,420,840,3360,N,6462,-34568.95,3.995243757431629,0,0.030183394623495185,0,Low Risk
246,39,250/500,1000,1416.08,0,FEMALE,JD,craft-repair,other-relative,0,-36600,Single Vehicle Collision,Rear Collision,Minor Damage,Ambulance,16,1,YES,0,3,unknown,45180,5020,5020,35140,N,2840,-2788.949999999997,6.998605855407289,0,0.1860942912982703,0,Low Risk
190,38,250/500,500,1246.03,0,MALE,JD,craft-repair,unmarried,61900,-50000,Single Vehicle Collision,Side Collision,Total Loss,Other,14,1,YES,0,0,NO,45100,9020,4510,31570,N,2688,-6358.949999999997,6.9984482376413215,0,0.1116080360953325,0,Low Risk
95,32,500/1000,2000,1356.64,0,MALE,Masters,machine-op-inspct,not-in-family,67800,-48600,Multi-vehicle Collision,Side Collision,Total Loss,Police,21,3,YES,0,3,YES,83160,15120,15120,52920,N,6638,14991.050000000003,3.499768533827128,0,0.1497931379772158,0,Low Risk
205,42,100/300,2000,1387.7,4000000,FEMALE,High School,priv-house-serv,other-relative,0,0,Single Vehicle Collision,Rear Collision,Minor Damage,Police,19,1,NO,2,1,NO,86130,15660,15660,54810,N,2541,16881.050000000003,3.499776514909648,0,0.15724870527477508,0,Low Risk
41,25,100/300,1000,1004.14,0,MALE,Masters,priv-house-serv,wife,35400,0,Multi-vehicle Collision,Front Collision,Major Damage,Fire,13,3,NO,1,3,NO,48000,9600,4800,33600,N,4232,-4328.949999999997,6.998541970422829,0,0.3121016671671935,1,Low Risk
137,35,500/1000,500,1107.07,0,FEMALE,High School,protective-serv,husband,0,-45300,Vehicle Theft,unknown,Minor Damage,Police,21,1,NO,0,0,YES,3300,600,600,2100,N,8676,-35828.95,3.4941763727121464,0,0.027123830695023166,0,Low Risk
194,34,100/300,500,1429.96,0,FEMALE,JD,protective-serv,husband,67800,0,Multi-vehicle Collision,Rear Collision,Minor Damage,Ambulance,11,3,NO,1,2,YES,57200,11440,5720,40040,N,8611,2111.050000000003,6.998776437685719,0,0.18145388255342174,0,Low Risk
128,35,250/500,1000,1074.99,0,FEMALE,Associate,adm-clerical,husband,0,-48800,Vehicle Theft,unknown,Trivial Damage,Police,16,1,unknown,2,0,unknown,7590,1380,690,5520,N,5022,-32408.949999999997,7.988422575976845,0,0.03419981637157932,0,Low Risk
150,37,500/1000,1000,1007.0,0,FEMALE,PhD,transport-moving,unmarried,30400,-89400,Single Vehicle Collision,Rear Collision,Total Loss,Police,9,1,NO,0,2,unknown,80080,12320,12320,55440,N,317,17511.050000000003,4.4996347699050405,0,0.21275075049442219,1,Low Risk
104,30,100/300,500,1052.85,0,FEMALE,MD,protective-serv,other-relative,0,-70100,Vehicle Theft,unknown,Minor Damage,Police,8,1,NO,0,0,YES,4800,960,480,3360,N,1651,-34568.95,6.985446985446986,0,0.06253817839544323,0,Low Risk
163,37,500/1000,1000,1200.33,4000000,FEMALE,High School,craft-repair,own-child,0,-36400,Vehicle Theft,unknown,Minor Damage,Police,7,1,unknown,2,1,YES,3900,390,780,2730,Y,1899,-35198.95,3.495518565941101,1,0.6396069738858438,1,Medium Risk
80,26,100/300,1000,1343.0,0,MALE,Masters,handlers-cleaners,other-relative,64600,0,Single Vehicle Collision,Front Collision,Minor Damage,Other,12,1,unknown,0,0,NO,90400,9040,9040,72320,N,4988,34391.05,7.999115142130296,0,0.13845956245377358,0,Low Risk
65,29,250/500,2000,1441.6,5000000,FEMALE,MD,sales,own-child,0,0,Multi-vehicle Collision,Rear Collision,Minor Damage,Other,21,3,YES,0,0,unknown,62900,6290,12580,44030,N,3864,6101.050000000003,3.4997218027183847,0,0.18576479274918986,0,Low Risk
179,32,100/300,1000,1433.42,6000000,FEMALE,Associate,protective-serv,own-child,53800,0,Single Vehicle Collision,Rear Collision,Major Damage,Police,4,1,YES,1,2,NO,54200,5420,10840,37940,Y,7473,11.05000000000291,3.499677151554285,1,0.7824343592593764,1,High Risk
372,50,500/1000,2000,1368.57,0,FEMALE,MD,tech-support,other-relative,0,0,Multi-vehicle Collision,Side Collision,Major Damage,Police,18,3,NO,2,2,YES,51800,5180,10360,36260,N,3782,-1668.949999999997,3.499662194768845,0,0.4076412691025407,1,Medium Risk
398,55,250/500,500,862.19,0,MALE,High School,adm-clerical,unmarried,69400,0,Vehicle Theft,unknown,Trivial Damage,Police,7,1,unknown,2,3,unknown,6600,600,1200,4800,N,9040,-33128.95,3.996669442131557,0,0.11344733433785158,0,Low Risk
213,35,250/500,500,871.46,0,MALE,MD,tech-support,husband,58500,-77700,Single Vehicle Collision,Side Collision,Total Loss,Fire,13,1,YES,2,0,YES,74140,13480,6740,53920,N,8890,15991.050000000003,7.998813232458092,0,0.17919654057155612,0,Low Risk
79,25,500/1000,500,1863.04,0,FEMALE,Associate,priv-house-serv,not-in-family,53400,-35200,Single Vehicle Collision,Front Collision,Total Loss,Fire,0,1,NO,2,1,unknown,67800,13560,6780,47460,N,5213,9531.050000000003,6.998967703878484,0,0.24211563233192035,1,Low Risk
232,44,250/500,2000,1181.64,0,MALE,College,other-service,wife,25800,0,Single Vehicle Collision,Rear Collision,Major Damage,Fire,22,1,unknown,1,1,YES,55400,5540,11080,38780,Y,7433,851.0500000000029,3.499684144030322,1,0.7550868573890047,1,High Risk
230,37,500/1000,1000,1060.74,0,MALE,PhD,tech-support,own-child,0,-51500,Single Vehicle Collision,Rear Collision,Major Damage,Ambulance,15,1,YES,2,3,unknown,49100,9820,4910,34370,Y,3560,-3558.949999999997,6.998574628385257,1,0.3142615780933963,1,Low Risk
234,41,100/300,500,951.56,0,FEMALE,JD,transport-moving,wife,59400,-78600,Multi-vehicle Collision,Side Collision,Major Damage,Police,3,3,NO,2,1,unknown,98280,15120,7560,75600,Y,9034,37671.05,9.998677423621213,1,0.7943135416656419,1,High Risk
240,40,100/300,500,1533.71,9000000,FEMALE,JD,protective-serv,own-child,0,-70900,Multi-vehicle Collision,Rear Collision,Total Loss,Fire,18,2,YES,0,2,unknown,66550,6050,12100,48400,N,3773,10471.050000000003,3.999669448805884,0,0.3539631431164921,1,Low Risk
143,33,500/1000,1000,1200.09,0,FEMALE,Associate,craft-repair,unmarried,38400,-5700,Multi-vehicle Collision,Side Collision,Major Damage,Fire,17,3,unknown,2,2,unknown,70400,14080,7040,49280,N,7727,11351.050000000003,6.999005823036501,0,0.5781645518826869,1,Medium Risk
266,42,100/300,500,1093.83,4000000,MALE,Associate,adm-clerical,other-relative,0,-49600,Multi-vehicle Collision,Side Collision,Major Damage,Ambulance,18,3,unknown,1,1,NO,53280,4440,8880,39960,Y,4370,2031.050000000003,4.49949330030402,1,0.655581416649218,1,Medium Risk
89,32,250/500,1000,988.93,0,FEMALE,High School,craft-repair,unmarried,27600,0,Single Vehicle Collision,Front Collision,Total Loss,Other,11,1,unknown,2,3,YES,84590,15380,15380,53830,N,6610,15901.050000000003,3.4997724465249336,0,0.39002029096866453,1,Low Risk
229,37,500/1000,1000,1331.94,0,FEMALE,Masters,farming-fishing,not-in-family,0,-55400,Single Vehicle Collision,Rear Collision,Total Loss,Other,17,1,NO,0,2,YES,54560,9920,9920,34720,N,7289,-3208.949999999997,3.499647212982562,0,0.3042654591394755,1,Low Risk
245,40,500/1000,1000,1361.45,0,MALE,PhD,handlers-cleaners,unmarried,39300,0,Single Vehicle Collision,Rear Collision,Minor Damage,Ambulance,12,1,YES,0,2,YES,82170,7470,7470,67230,N,1892,29301.050000000003,8.998795341989025,0,0.4082381108802124,1,Medium Risk
50,44,250/500,2000,1188.51,0,MALE,College,handlers-cleaners,unmarried,0,-65800,Multi-vehicle Collision,Front Collision,Total Loss,Police,15,3,unknown,1,2,NO,61100,6110,12220,42770,N,5195,4841.050000000003,3.499713607724409,0,0.2446027569684396,1,Low Risk
230,43,500/1000,2000,1101.83,0,MALE,High School,exec-managerial,other-relative,28900,0,Multi-vehicle Collision,Front Collision,Minor Damage,Police,0,3,unknown,0,3,YES,51900,5190,10380,36330,Y,2883,-1598.949999999997,3.499662845583277,1,0.2123535216089852,1,Low Risk
17,39,250/500,1000,840.95,0,FEMALE,JD,adm-clerical,unmarried,32500,-80800,Parked Car,unknown,Trivial Damage,Police,9,1,unknown,2,1,unknown,3440,430,430,2580,N,3043,-35348.95,5.986078886310905,0,0.0886187250742809,0,Low Risk
163,36,250/500,1000,1503.21,0,MALE,MD,other-service,husband,55700,-49900,Single Vehicle Collision,Side Collision,Total Loss,Ambulance,1,1,YES,2,1,NO,51390,5710,11420,34260,N,5511,-3668.949999999997,2.9997373259784608,0,0.12690640617346238,0,Low Risk
29,32,100/300,1000,1722.5,0,MALE,High School,other-service,wife,0,-21500,Single Vehicle Collision,Side Collision,Major Damage,Other,22,1,unknown,0,2,unknown,76900,7690,7690,61520,N,4666,23591.050000000003,7.998959823169939,0,0.37651413293234465,1,Low Risk
232,42,100/300,500,944.03,0,MALE,College,handlers-cleaners,not-in-family,0,-58400,Single Vehicle Collision,Rear Collision,Minor Damage,Other,11,1,YES,2,3,unknown,77000,15400,7700,53900,Y,660,15971.050000000003,6.9990910271393325,1,0.27047811496857876,1,Low Risk
235,39,500/1000,2000,1453.61,4000000,MALE,JD,craft-repair,other-relative,0,0,Single Vehicle Collision,Side Collision,Major Damage,Other,10,1,unknown,0,3,unknown,60320,9280,9280,41760,Y,622,3831.050000000003,4.499515138454908,1,0.7825831519110218,1,High Risk
295,46,100/300,500,1672.88,0,FEMALE,High School,armed-forces,wife,0,0,Single Vehicle Collision,Rear Collision,Minor Damage,Fire,5,1,YES,1,1,NO,60700,12140,6070,42490,N,5883,4561.050000000003,6.998846977433701,0,0.2949593731326233,1,Low Risk
22,21,250/500,1000,1248.05,0,FEMALE,High School,exec-managerial,husband,37500,-54000,Multi-vehicle Collision,Rear Collision,Total Loss,Police,3,3,YES,1,2,unknown,53280,5920,0,47360,N,2783,9431.050000000003,47360.0,0,0.2203765531757694,1,Low Risk
286,43,100/300,500,1564.43,3000000,FEMALE,MD,prof-specialty,unmarried,77500,-32800,Single Vehicle Collision,Rear Collision,Minor Damage,Fire,18,1,unknown,2,2,YES,34290,3810,3810,26670,N,7665,-11258.949999999997,6.998163211755445,0,0.0929920983734837,0,Low Risk
257,44,100/300,1000,1280.88,0,MALE,MD,other-service,other-relative,59400,-32200,Single Vehicle Collision,Rear Collision,Total Loss,Other,21,1,NO,0,1,NO,46980,0,5220,41760,N,3131,3831.050000000003,7.998467726489178,0,0.1895505021227151,0,Low Risk
94,26,100/300,500,722.66,0,MALE,MD,exec-managerial,husband,50300,0,Multi-vehicle Collision,Front Collision,Major Damage,Fire,6,3,YES,1,2,YES,36700,3670,7340,25690,N,2648,-12238.949999999997,3.499523225718567,0,0.3088843510658897,1,Low Risk
124,28,250/500,1000,1235.14,0,MALE,MD,exec-managerial,husband,0,-32100,Multi-vehicle Collision,Side Collision,Total Loss,Other,20,3,unknown,0,1,unknown,60200,6020,6020,48160,N,4819,10231.050000000003,7.998671317056967,0,0.43499348321294184,1,Medium Risk
141,30,500/1000,1000,1347.04,0,MALE,High School,sales,own-child,0,-82100,Parked Car,unknown,Minor Damage,unknown,6,1,unknown,1,2,YES,6480,540,1080,4860,N,2861,-33068.95,4.495837187789085,0,0.10059376956815974,0,Low Risk
3,38,500/1000,1000,1310.8,0,FEMALE,Masters,craft-repair,unmarried,0,0,Single Vehicle Collision,Front Collision,Minor Damage,Fire,20,1,YES,0,1,unknown,87200,17440,8720,61040,N,8622,23111.050000000003,6.999197339754615,0,0.12755770231913155,0,Low Risk
285,41,100/300,1000,1436.79,0,FEMALE,PhD,prof-specialty,wife,70900,0,Single Vehicle Collision,Rear Collision,Major Damage,Fire,23,1,YES,2,3,unknown,108480,18080,18080,72320,N,384,34391.05,3.999778773297937,0,0.28859885883758485,1,Low Risk
130,34,250/500,500,1383.49,3000000,FEMALE,Masters,armed-forces,other-relative,35100,0,Multi-vehicle Collision,Side Collision,Minor Damage,Police,4,3,unknown,2,3,YES,67500,7500,7500,52500,N,4358,14571.050000000003,6.999066791094521,0,0.23398021754647383,1,Low Risk
458,62,500/1000,2000,1356.92,5000000,MALE,Associate,handlers-cleaners,wife,0,0,Single Vehicle Collision,Rear Collision,Major Damage,Other,2,1,unknown,0,1,YES,46980,5220,5220,36540,N,1196,-1388.949999999997,6.998659260678031,0,0.30216770927331094,1,Low Risk
456,60,250/500,1000,766.19,0,FEMALE,Associate,sales,husband,0,0,Parked Car,unknown,Minor Damage,Police,6,1,unknown,0,3,unknown,5060,460,920,3680,N,6681,-34248.95,3.995656894679696,0,0.11744079412375845,0,Low Risk
