authorities_contacted authorities_contacted,collision_type collision_type,fraud_reported fraud_reported,incident_severity incident_severity,incident_type incident_type,insured_education_level insured_education_level,insured_occupation insured_occupation,insured_relationship insured_relationship,insured_sex insured_sex,police_report_available police_report_available,policy_csl policy_csl,property_damage property_damage,Risk_Level Risk_Level,Actual Actual,age age,bodily_injuries bodily_injuries,capital-gains capital-gains,capital-loss capital-loss,claim_deviation claim_deviation,claim_ratio claim_ratio,claimscount,Fraud_Probability Fraud_Probability,incident_hour_of_the_day incident_hour_of_the_day,injury_claim injury_claim,months_as_customer months_as_customer,number_of_vehicles_involved number_of_vehicles_involved,policy_age_days policy_age_days,policy_annual_premium policy_annual_premium,policy_deductable policy_deductable,Predicted Predicted,property_claim property_claim,row_count,tetx,total_claim_amount total_claim_amount,umbrella_limit umbrella_limit,vehicle_claim vehicle_claim,witnesses witnesses
Police,Side Collision,Y,Major Damage,Single Vehicle Collision,MD,craft-repair,husband,MALE,YES,250/500,YES,Medium Risk,1,48,1,53300,0,14151.05,3.999692804,1,0.645184841,5,6510,328,1,100,1406.91,1000,1,13020,1,0,71610,0,52080,2
Police,unknown,Y,Minor Damage,Vehicle Theft,MD,machine-op-inspct,other-relative,MALE,unknown,250/500,unknown,Medium Risk,1,42,0,0,0,-34418.95,4.494238156,1,0.542607943,8,780,228,1,3130,1197.22,2000,1,780,1,0,5070,5000000,3510,0
Police,Rear Collision,N,Minor Damage,Multi-vehicle Collision,PhD,sales,own-child,FEMALE,NO,100/300,NO,Low Risk,0,29,2,35100,0,-14828.95,5.998441963,1,0.066555406,7,7700,134,3,5282,1413.14,2000,0,3850,1,0,34650,5000000,23100,3
Police,Front Collision,Y,Major Damage,Single Vehicle Collision,PhD,armed-forces,unmarried,FEMALE,NO,250/500,unknown,High Risk,1,41,1,48900,-62400,12791.05,7.998738369,1,0.800980905,5,6340,256,1,8996,1415.74,2000,1,6340,1,0,63400,6000000,50720,2
unknown,unknown,N,Minor Damage,Vehicle Theft,Associate,sales,unmarried,MALE,NO,500/1000,NO,Low Risk,0,44,0,66000,-46000,-33378.95,6.989247312,1,0.101730859,20,1300,228,1,256,1583.91,1000,0,650,1,0,6500,6000000,4550,1
Fire,Rear Collision,Y,Major Damage,Multi-vehicle Collision,PhD,tech-support,unmarried,FEMALE,NO,250/500,NO,High Risk,1,39,0,0,0,13351.05,7.998752145,1,0.741854756,19,6410,256,3,3004,1351.1,1000,1,6410,1,0,64100,0,51280,2
Police,Front Collision,N,Minor Damage,Multi-vehicle Collision,PhD,prof-specialty,husband,MALE,unknown,250/500,unknown,Low Risk,0,34,0,0,-77000,12121.05,6.999021116,1,0.201390325,0,21450,137,3,5336,1333.35,1000,1,7150,1,0,78650,0,50050,0
Police,Front Collision,N,Total Loss,Multi-vehicle Collision,Associate,tech-support,unmarried,MALE,YES,100/300,unknown,Low Risk,0,37,2,0,0,-5098.95,3.499626905,1,0.164465788,23,9380,165,3,9155,1137.03,1000,0,9380,1,0,51590,0,32830,2
Police,Front Collision,N,Total Loss,Single Vehicle Collision,PhD,other-service,own-child,FEMALE,YES,100/300,NO,Low Risk,0,33,1,0,0,-15768.95,7.997112956,1,0.166795250,21,2770,27,1,6568,1442.99,500,0,2770,1,0,27700,0,22160,1
Other,Rear Collision,N,Total Loss,Single Vehicle Collision,PhD,priv-house-serv,wife,MALE,unknown,100/300,NO,Low Risk,0,42,2,0,-39300,-5028.95,6.998510955,1,0.160392520,14,4700,212,1,1260,1315.68,500,0,4700,1,0,42300,0,32900,1
Police,Front Collision,N,Total Loss,Single Vehicle Collision,Masters,exec-managerial,other-relative,FEMALE,unknown,100/300,YES,Low Risk,0,42,2,38400,0,25351.05,3.999747171,1,0.259329159,22,7910,235,1,4608,1253.12,500,1,15820,1,0,87010,4000000,63280,2
Fire,Front Collision,N,Major Damage,Multi-vehicle Collision,High School,exec-managerial,other-relative,FEMALE,YES,100/300,YES,Low Risk,0,61,1,0,-51000,41631.05,4.499745490,1,0.367627016,21,17680,447,3,5741,1137.16,2000,1,17680,1,0,114920,0,79560,2
Ambulance,Rear Collision,N,Total Loss,Single Vehicle Collision,MD,protective-serv,wife,MALE,NO,500/1000,YES,Low Risk,0,23,1,0,0,4461.05,4.499522344,1,0.295623625,9,4710,60,1,6272,1215.36,500,1,9420,1,0,56520,3000000,42390,0
unknown,unknown,N,Minor Damage,Parked Car,MD,armed-forces,wife,FEMALE,NO,100/300,NO,Low Risk,0,34,1,52800,-32800,-32888.95,4.495985727,1,0.097825949,5,1120,121,1,804,936.61,1000,0,1120,1,0,7280,0,5040,1
Police,Rear Collision,Y,Total Loss,Single Vehicle Collision,College,machine-op-inspct,not-in-family,FEMALE,YES,250/500,NO,Medium Risk,1,38,0,41300,-55500,-4328.95,3.999523866,1,0.576737989,12,4200,180,1,5862,1301.13,2000,1,8400,1,0,46200,0,33600,2
Other,Side Collision,Y,Major Damage,Multi-vehicle Collision,MD,transport-moving,other-relative,FEMALE,NO,100/300,YES,Medium Risk,1,58,0,55700,0,4151.05,3.999619808,1,0.412830806,12,10520,473,4,8137,1131.4,2000,1,10520,1,0,63120,0,42080,0
Other,Rear Collision,N,Major Damage,Multi-vehicle Collision,College,machine-op-inspct,own-child,MALE,YES,500/1000,unknown,Low Risk,0,26,1,63600,0,2601.05,6.998791228,1,0.276559591,0,5790,70,3,3546,1199.44,1000,1,5790,1,0,52110,5000000,40530,2
Police,Side Collision,N,Total Loss,Single Vehicle Collision,High School,machine-op-inspct,unmarried,MALE,YES,500/1000,NO,Low Risk,0,31,0,53500,0,18711.05,7.998870216,1,0.142320631,9,14160,140,1,3704,708.64,500,0,7080,1,0,77880,6000000,56640,2
Other,Side Collision,N,Total Loss,Single Vehicle Collision,MD,craft-repair,other-relative,FEMALE,NO,500/1000,YES,Low Risk,0,37,1,45500,-37800,15111.05,3.999698364,1,0.172873385,19,6630,160,1,22,1374.22,500,0,13260,1,0,72930,0,53040,0
Police,Side Collision,N,Major Damage,Multi-vehicle Collision,High School,handlers-cleaners,own-child,FEMALE,NO,500/1000,unknown,Low Risk,0,39,2,57000,-27300,10391.05,7.998675716,1,0.350419367,8,6040,196,3,8239,1475.73,2000,1,6040,1,0,60400,0,48320,0
Police,Rear Collision,N,Minor Damage,Multi-vehicle Collision,JD,other-service,own-child,MALE,unknown,250/500,NO,Low Risk,0,62,1,0,0,3991.05,7.998473574,1,0.217336006,20,0,460,3,4573,1187.96,1000,1,5240,1,0,47160,4000000,41920,0
Police,Side Collision,N,Total Loss,Multi-vehicle Collision,Associate,machine-op-inspct,own-child,FEMALE,unknown,500/1000,unknown,Low Risk,0,41,1,46700,0,-4818.95,6.998520397,1,0.147304516,15,0,217,3,3362,875.15,2000,0,4730,1,0,37840,0,33110,2
Ambulance,Rear Collision,Y,Major Damage,Multi-vehicle Collision,High School,prof-specialty,other-relative,MALE,YES,100/300,NO,Medium Risk,1,55,0,72700,-68200,9751.05,7.998657943,1,0.674571174,20,17880,370,3,7534,972.18,2000,1,5960,1,0,71520,0,47680,0
Ambulance,Front Collision,Y,Total Loss,Single Vehicle Collision,MD,priv-house-serv,own-child,MALE,unknown,100/300,unknown,High Risk,1,55,2,0,-31000,35691.05,4.499724956,1,0.714398528,15,8180,413,1,8746,1268.79,2000,1,16360,1,0,98160,0,73620,2
Other,Rear Collision,N,Minor Damage,Single Vehicle Collision,College,craft-repair,husband,MALE,NO,100/300,NO,Low Risk,0,40,1,0,-53500,18711.05,3.999717534,1,0.262571678,6,7080,237,1,6962,883.31,1000,1,14160,1,0,77880,0,56640,3
Other,Rear Collision,Y,Major Damage,Multi-vehicle Collision,Masters,sales,own-child,MALE,YES,100/300,NO,High Risk,1,35,1,0,0,6071.05,3.999636397,1,0.729646463,16,16500,8,3,400,1266.92,2000,1,11000,1,0,71500,0,44000,3
Police,unknown,N,Minor Damage,Parked Car,High School,prof-specialty,own-child,MALE,YES,100/300,YES,Low Risk,0,43,1,0,-29200,-31368.95,7.990255786,1,0.067055412,4,1640,257,1,8896,1322.1,2000,0,820,1,0,9020,0,6560,3
unknown,unknown,Y,Minor Damage,Vehicle Theft,JD,exec-managerial,not-in-family,MALE,unknown,100/300,YES,Medium Risk,1,34,2,31000,-30200,-33768.95,7.984644914,1,0.627448381,5,1040,202,1,4556,848.07,500,1,520,1,0,5720,3000000,4160,1
Other,Side Collision,N,Minor Damage,Single Vehicle Collision,JD,sales,not-in-family,FEMALE,YES,100/300,NO,Low Risk,0,40,1,0,-55600,8631.05,2.999806713,1,0.181235332,21,7760,224,1,9100,1291.7,2000,0,15520,1,0,69840,0,46560,0
Police,Rear Collision,N,Minor Damage,Single Vehicle Collision,PhD,machine-op-inspct,unmarried,FEMALE,NO,500/1000,NO,Low Risk,0,45,2,0,0,25521.05,4.499680874,1,0.161623975,5,14100,241,1,348,1104.5,2000,0,14100,1,0,91650,0,63450,2
Ambulance,Side Collision,N,Major Damage,Multi-vehicle Collision,Masters,prof-specialty,husband,MALE,unknown,250/500,NO,Medium Risk,0,25,0,53200,0,12471.05,3.999682565,1,0.541024238,22,12600,64,4,5448,954.16,1000,1,12600,1,0,75600,0,50400,0
Police,Side Collision,Y,Major Damage,Multi-vehicle Collision,JD,craft-repair,husband,MALE,unknown,100/300,NO,High Risk,1,37,2,27500,0,14291.05,6.999061788,1,0.727646260,10,7460,166,3,2445,1337.28,2000,1,7460,1,0,67140,8000000,52220,2
Police,Front Collision,N,Total Loss,Multi-vehicle Collision,Associate,adm-clerical,other-relative,FEMALE,NO,500/1000,YES,Low Risk,0,35,2,81100,0,-14758.95,6.997885835,1,0.207391510,16,3310,155,3,4225,1088.34,1000,1,3310,1,0,29790,0,23170,3
Ambulance,Front Collision,N,Major Damage,Multi-vehicle Collision,High School,farming-fishing,wife,MALE,unknown,100/300,NO,Low Risk,0,30,1,51400,-64000,11141.05,3.499750374,1,0.395245499,1,14020,114,3,8315,1558.29,1000,1,14020,1,0,77110,0,49070,2
Fire,Side Collision,N,Total Loss,Single Vehicle Collision,PhD,prof-specialty,own-child,MALE,YES,500/1000,YES,Low Risk,0,37,0,0,0,10671.05,8.998333642,1,0.219128917,17,10800,149,1,8796,1415.68,500,1,5400,1,0,64800,0,48600,1
Other,Front Collision,Y,Major Damage,Single Vehicle Collision,High School,craft-repair,not-in-family,MALE,YES,100/300,YES,High Risk,1,33,2,53300,-49200,-758.950000000,6.998681981,1,0.744342848,15,10620,147,1,1630,1334.15,1000,1,5310,1,0,53100,6000000,37170,0
Police,Rear Collision,Y,Total Loss,Single Vehicle Collision,Masters,protective-serv,unmarried,FEMALE,YES,100/300,unknown,Medium Risk,1,28,1,0,0,10231.05,7.998671317,1,0.664973034,3,6020,62,1,4324,988.45,1000,1,6020,1,0,60200,0,48160,1
unknown,unknown,N,Minor Damage,Parked Car,JD,priv-house-serv,unmarried,FEMALE,YES,500/1000,NO,Low Risk,0,49,1,0,0,-34648.95,3.995127893,1,0.048965329,16,1230,289,1,8019,1222.48,2000,0,820,1,0,5330,0,3280,1
Police,Rear Collision,N,Major Damage,Multi-vehicle Collision,MD,craft-repair,unmarried,FEMALE,unknown,500/1000,unknown,Low Risk,0,54,2,65700,0,5681.05,6.998876585,1,0.377051137,4,12460,431,3,4440,1155.55,2000,1,6230,1,0,62300,0,43610,0
Ambulance,Front Collision,Y,Major Damage,Single Vehicle Collision,JD,tech-support,wife,MALE,NO,250/500,unknown,High Risk,1,37,0,48500,0,361.050000000,3.499680102,1,0.788605447,4,10940,199,1,6374,1262.08,500,1,10940,1,0,60170,0,38290,3
Ambulance,Rear Collision,N,Minor Damage,Single Vehicle Collision,Associate,tech-support,not-in-family,MALE,unknown,100/300,NO,Low Risk,0,26,2,0,-55700,-9928.95,6.998250437,1,0.086436493,19,8000,79,1,7180,1451.62,500,0,4000,1,0,40000,0,28000,2
Police,Side Collision,Y,Major Damage,Single Vehicle Collision,Associate,transport-moving,unmarried,MALE,unknown,250/500,unknown,High Risk,1,34,1,0,-24100,26791.05,3.999752796,1,0.734017616,1,16180,116,1,854,1737.66,500,1,16180,1,0,97080,0,64720,1
Other,Side Collision,N,Minor Damage,Multi-vehicle Collision,College,prof-specialty,husband,FEMALE,NO,500/1000,YES,Low Risk,0,23,1,0,-67400,2251.05,6.998780700,1,0.314965815,17,5740,37,3,3183,1475.93,500,1,5740,1,0,51660,0,40180,0
Other,Rear Collision,N,Total Loss,Single Vehicle Collision,PhD,transport-moving,own-child,FEMALE,NO,250/500,NO,Low Risk,0,30,2,49700,-60200,1831.05,6.998767823,1,0.225313697,23,5680,106,1,4321,538.17,500,1,5680,1,0,51120,0,39760,2
Other,Front Collision,N,Minor Damage,Single Vehicle Collision,JD,priv-house-serv,unmarried,MALE,unknown,100/300,YES,Low Risk,0,44,0,36400,-28700,-4088.95,2.999734066,1,0.171304218,14,11280,269,1,2628,1081.08,2000,0,11280,1,0,56400,0,33840,2
Other,Rear Collision,N,Total Loss,Multi-vehicle Collision,MD,protective-serv,husband,FEMALE,unknown,250/500,NO,Low Risk,0,40,2,0,0,10301.05,48230,1,0.204300743,17,6890,265,3,3106,1454.43,1000,1,0,1,0,55120,0,48230,3
Fire,Rear Collision,N,Total Loss,Multi-vehicle Collision,Associate,other-service,husband,FEMALE,unknown,100/300,YES,Low Risk,0,33,1,35300,0,25161.05,4.499679053,1,0.225766748,11,0,163,3,9172,1240.47,500,1,14020,1,0,77110,0,63090,1
Fire,Front Collision,Y,Major Damage,Multi-vehicle Collision,College,other-service,husband,MALE,NO,500/1000,NO,High Risk,1,47,2,0,0,12311.05,7.998726317,1,0.778560259,19,6280,355,3,9064,1273.7,2000,1,6280,1,0,62800,4000000,50240,1
Police,unknown,N,Trivial Damage,Vehicle Theft,PhD,protective-serv,other-relative,FEMALE,YES,500/1000,unknown,Low Risk,0,34,2,0,0,-32258.95,6.991368681,1,0.146105722,5,810,175,1,2607,1123.87,1000,0,810,1,0,7290,8000000,5670,0
Other,Rear Collision,N,Total Loss,Single Vehicle Collision,Masters,exec-managerial,wife,FEMALE,unknown,100/300,NO,Low Risk,0,35,0,0,-40300,15691.05,6.999086281,1,0.183752908,19,15320,192,1,6506,1245.89,1000,0,7660,1,0,76600,0,53620,0
Fire,Front Collision,N,Minor Damage,Multi-vehicle Collision,MD,other-service,own-child,MALE,YES,250/500,unknown,Low Risk,0,59,0,0,0,19331.05,6.999144359,1,0.334285528,19,16360,430,3,4011,1326.62,2000,1,8180,1,0,81800,7000000,57260,3
unknown,unknown,N,Trivial Damage,Vehicle Theft,JD,farming-fishing,husband,FEMALE,unknown,100/300,unknown,Low Risk,0,27,1,0,0,-32648.95,7.987897126,1,0.074480813,4,1320,91,1,7455,1073.83,2000,0,660,1,0,7260,0,5280,2
unknown,unknown,N,Minor Damage,Vehicle Theft,College,armed-forces,not-in-family,MALE,YES,100/300,unknown,Low Risk,0,39,2,0,0,-34488.95,7.981438515,1,0.055123964,8,430,217,1,4648,1530.52,1000,0,430,1,0,4300,0,3440,1
Police,Side Collision,N,Major Damage,Multi-vehicle Collision,JD,priv-house-serv,husband,FEMALE,unknown,100/300,YES,Medium Risk,0,40,1,88400,-46500,6941.05,3.499727010,1,0.409970839,7,12820,223,3,7579,1201.41,500,1,12820,1,0,70510,0,44870,0
Police,unknown,N,Minor Damage,Parked Car,PhD,machine-op-inspct,not-in-family,MALE,YES,250/500,NO,Low Risk,0,39,0,47600,-39600,-36248.95,3.492723493,1,0.091870480,5,480,195,1,194,1393.57,1000,0,480,1,0,2640,0,1680,1
Fire,Rear Collision,N,Minor Damage,Single Vehicle Collision,PhD,craft-repair,not-in-family,MALE,NO,100/300,YES,Low Risk,0,26,1,71500,0,17301.05,6.999112913,1,0.128457509,3,15780,22,1,2705,1276.57,1000,0,7890,1,0,78900,0,55230,2
Fire,Front Collision,N,Major Damage,Multi-vehicle Collision,PhD,prof-specialty,unmarried,FEMALE,unknown,250/500,unknown,Medium Risk,0,56,2,36100,-55000,12231.05,7.998724286,1,0.629523784,12,0,439,3,2291,1082.49,500,1,6270,1,0,56430,0,50160,3
unknown,unknown,N,Minor Damage,Parked Car,Masters,adm-clerical,own-child,FEMALE,NO,500/1000,NO,Low Risk,0,32,1,0,0,-36128.95,5.980066445,1,0.060636780,19,300,94,1,7067,1414.74,1000,0,300,1,0,2400,0,1800,3
Ambulance,Front Collision,N,Total Loss,Single Vehicle Collision,PhD,other-service,husband,MALE,NO,250/500,YES,Low Risk,0,39,0,56600,-45800,13241.05,6.999042539,1,0.209370239,22,7310,11,1,7903,1470.06,2000,1,7310,1,0,65790,0,51170,1
Police,Side Collision,N,Minor Damage,Multi-vehicle Collision,MD,adm-clerical,own-child,FEMALE,NO,250/500,NO,Low Risk,0,36,1,94800,-58500,7831.05,7.998601643,1,0.127736791,12,11440,151,3,3601,870.63,2000,0,5720,1,0,62920,0,45760,1
Police,Rear Collision,Y,Major Damage,Multi-vehicle Collision,PhD,machine-op-inspct,other-relative,MALE,unknown,100/300,YES,Medium Risk,1,34,2,36900,0,16111.05,54040,1,0.572970610,15,15440,154,3,9096,795.23,500,1,0,1,0,69480,0,54040,1
Other,Side Collision,N,Total Loss,Multi-vehicle Collision,JD,handlers-cleaners,husband,MALE,NO,500/1000,NO,Low Risk,0,44,0,69100,0,-4718.95,8.997561636,1,0.110516635,23,7380,245,3,7804,1168.2,1000,0,3690,1,0,44280,0,33210,3
Other,Side Collision,N,Minor Damage,Single Vehicle Collision,High School,armed-forces,unmarried,MALE,YES,500/1000,NO,Low Risk,0,32,0,0,-49500,1481.05,3.499689193,1,0.186315397,12,5630,119,1,216,993.51,1000,0,11260,1,0,56300,0,39410,3
Fire,Front Collision,Y,Major Damage,Multi-vehicle Collision,JD,transport-moving,own-child,MALE,YES,500/1000,YES,High Risk,1,42,2,0,-49000,13461.05,8.998424094,1,0.703254742,20,11420,215,3,2292,1848.81,500,1,5710,1,0,68520,0,51390,2
Fire,Rear Collision,Y,Total Loss,Multi-vehicle Collision,PhD,sales,not-in-family,MALE,NO,250/500,NO,Medium Risk,1,42,0,62400,0,8061.05,6.998934713,1,0.601675726,16,6570,295,3,2828,1641.73,2000,1,6570,1,0,59130,5000000,45990,0
Ambulance,Front Collision,Y,Minor Damage,Multi-vehicle Collision,MD,exec-managerial,other-relative,FEMALE,NO,100/300,YES,Medium Risk,1,39,2,35700,0,23811.05,8.998688238,1,0.641733161,6,13720,254,3,7741,1362.87,500,1,6860,1,0,82320,0,61740,2
Fire,Side Collision,Y,Minor Damage,Single Vehicle Collision,High School,tech-support,not-in-family,FEMALE,NO,250/500,YES,Medium Risk,1,31,0,43400,-91200,24171.05,4.499673937,1,0.640944538,12,13800,107,1,1262,1239.22,500,1,13800,1,0,89700,7000000,62100,1
Fire,Side Collision,N,Minor Damage,Multi-vehicle Collision,Associate,adm-clerical,unmarried,FEMALE,NO,250/500,NO,Low Risk,0,64,1,59600,0,-7768.95,7.997878547,1,0.217945783,17,0,478,3,8932,835.02,500,1,3770,1,0,33930,0,30160,1
Ambulance,Front Collision,N,Major Damage,Single Vehicle Collision,MD,machine-op-inspct,own-child,MALE,NO,100/300,NO,Medium Risk,0,30,0,43300,-66200,11911.05,7.998716097,1,0.535424796,8,12460,128,1,7638,1061.33,1000,1,6230,1,0,68530,0,49840,3
unknown,unknown,N,Minor Damage,Parked Car,MD,other-service,own-child,MALE,unknown,500/1000,NO,Low Risk,0,49,0,0,-51500,-35348.95,2.996515679,1,0.050444155,13,860,338,1,7675,1279.08,1000,0,860,1,0,4300,0,2580,1
Other,Side Collision,Y,Major Damage,Multi-vehicle Collision,Associate,prof-specialty,own-child,FEMALE,unknown,100/300,unknown,High Risk,1,42,2,56200,-50000,11751.05,7.998711963,1,0.730133422,12,12420,271,2,1285,1105.49,500,1,6210,1,0,68310,0,49680,3
Other,Front Collision,Y,Total Loss,Single Vehicle Collision,MD,armed-forces,not-in-family,FEMALE,NO,100/300,NO,Medium Risk,1,41,0,37800,-50300,9741.05,6.998972251,1,0.596545193,7,6810,222,1,5933,1055.53,2000,1,6810,1,0,61290,0,47670,2
Ambulance,Rear Collision,N,Minor Damage,Single Vehicle Collision,Associate,sales,husband,FEMALE,NO,250/500,NO,Low Risk,0,41,1,0,0,-10838.95,27090,1,0.098847921,10,3010,199,1,7009,895.83,1000,0,0,1,0,30100,0,27090,2
Fire,Rear Collision,N,Minor Damage,Multi-vehicle Collision,College,transport-moving,not-in-family,FEMALE,YES,100/300,NO,Low Risk,0,37,2,0,-42900,4911.05,8.998109641,1,0.218439776,7,9520,215,3,4440,1632.93,500,1,4760,1,0,57120,0,42840,0
Ambulance,Side Collision,N,Minor Damage,Multi-vehicle Collision,Associate,sales,wife,FEMALE,YES,100/300,YES,Low Risk,0,40,1,0,0,-9308.95,5.998742402,1,0.100707452,18,9540,192,3,3972,1405.99,1000,0,4770,1,0,42930,0,28620,0
Ambulance,Front Collision,N,Total Loss,Multi-vehicle Collision,High School,transport-moving,other-relative,FEMALE,NO,100/300,NO,Low Risk,0,35,2,78300,0,-3788.95,5.998945704,1,0.191809889,22,11380,120,3,5095,1425.54,1000,0,5690,1,0,51210,0,34140,0
Fire,Front Collision,N,Minor Damage,Multi-vehicle Collision,College,handlers-cleaners,husband,FEMALE,YES,500/1000,NO,Low Risk,0,45,1,0,-19700,29121.05,8.998792108,1,0.202484111,18,14900,270,3,1828,1038.09,1000,1,7450,1,0,89400,0,67050,1
Police,Front Collision,N,Total Loss,Multi-vehicle Collision,College,transport-moving,not-in-family,MALE,unknown,250/500,NO,Low Risk,0,47,0,0,0,81.050000000,3.499677746,1,0.237920952,22,10860,319,3,8344,1307.11,500,1,10860,1,0,59730,0,38010,2
unknown,unknown,N,Minor Damage,Vehicle Theft,JD,other-service,wife,FEMALE,YES,500/1000,YES,Low Risk,0,39,2,0,-45000,-32348.95,4.496373892,1,0.060110977,15,1240,194,1,1709,1489.24,1000,0,1240,1,0,8060,6000000,5580,2
Fire,Rear Collision,Y,Major Damage,Single Vehicle Collision,PhD,handlers-cleaners,unmarried,FEMALE,unknown,500/1000,unknown,Medium Risk,1,38,1,0,0,12611.05,6.999030605,1,0.661802650,16,14440,227,1,451,976.67,500,1,7220,1,0,72200,0,50540,2
Ambulance,Side Collision,N,Minor Damage,Multi-vehicle Collision,High School,exec-managerial,husband,MALE,NO,250/500,NO,Low Risk,0,31,1,52700,-40600,-7448.95,2.999704753,1,0.210747450,6,10160,137,3,7435,1340.43,2000,1,10160,1,0,50800,0,30480,2
unknown,unknown,N,Trivial Damage,Vehicle Theft,Masters,exec-managerial,wife,FEMALE,unknown,500/1000,unknown,Low Risk,0,40,2,0,0,-33308.95,3.497350492,1,0.088587377,10,660,244,1,6392,1267.81,2000,0,1320,1,0,6600,5000000,4620,1
Police,unknown,N,Minor Damage,Vehicle Theft,Masters,other-service,other-relative,MALE,NO,250/500,YES,Low Risk,0,29,2,0,0,-32678.95,3.497668221,1,0.119620701,3,750,78,1,1444,1234.2,1000,0,1500,1,0,7500,6000000,5250,2
unknown,unknown,N,Trivial Damage,Vehicle Theft,High School,exec-managerial,wife,MALE,YES,250/500,NO,Low Risk,0,35,0,57300,-80600,-33798.95,3.497036410,1,0.061576010,13,1180,200,1,7456,1318.06,2000,0,1180,1,0,6490,0,4130,3
Ambulance,Side Collision,Y,Major Damage,Multi-vehicle Collision,Masters,prof-specialty,not-in-family,MALE,NO,500/1000,unknown,High Risk,1,48,2,0,-44200,6391.05,3.999639022,1,0.718511376,16,5540,284,2,6458,769.95,2000,1,11080,1,0,60940,0,44320,3
Fire,Front Collision,N,Major Damage,Multi-vehicle Collision,High School,transport-moving,own-child,MALE,unknown,100/300,YES,Medium Risk,0,41,0,35700,0,2881.05,3.499699854,1,0.468760546,13,5830,275,3,6673,1514.72,2000,1,11660,1,0,58300,0,40810,1
Other,Front Collision,N,Minor Damage,Multi-vehicle Collision,Associate,priv-house-serv,husband,FEMALE,unknown,500/1000,NO,Low Risk,0,34,2,800,0,7671.05,3.999649154,1,0.165881234,9,11400,153,3,3254,873.64,1000,0,11400,1,0,68400,4000000,45600,1
Fire,Side Collision,N,Total Loss,Single Vehicle Collision,MD,other-service,own-child,FEMALE,YES,500/1000,unknown,Low Risk,0,32,2,36400,0,2951.05,3.499700368,1,0.317328685,2,11680,134,1,8772,1612.43,500,1,11680,1,0,64240,0,40880,1
unknown,unknown,N,Trivial Damage,Parked Car,College,prof-specialty,not-in-family,FEMALE,YES,500/1000,NO,Low Risk,0,36,0,0,-78600,-34638.95,6.985138004,1,0.040574877,9,940,31,1,5647,1318.24,2000,0,470,1,0,4700,9000000,3290,1
Other,Side Collision,Y,Major Damage,Multi-vehicle Collision,College,exec-managerial,not-in-family,FEMALE,unknown,100/300,YES,High Risk,1,25,2,0,-56100,1551.05,6.998759085,1,0.787110507,12,0,41,3,8393,1226.83,1000,1,5640,1,0,45120,0,39480,0
Fire,Front Collision,N,Total Loss,Multi-vehicle Collision,High School,sales,own-child,FEMALE,unknown,250/500,YES,Medium Risk,0,29,1,0,0,8421.05,4.499563149,1,0.450256082,12,10300,127,2,5558,1326.44,2000,1,10300,1,0,66950,5000000,46350,1
Police,Side Collision,Y,Major Damage,Single Vehicle Collision,Associate,tech-support,own-child,FEMALE,unknown,250/500,NO,High Risk,1,23,0,0,-62400,33591.05,3.999776299,1,0.761433061,14,8940,61,1,7911,1136.83,2000,1,17880,1,0,98340,4000000,71520,3
unknown,unknown,N,Trivial Damage,Parked Car,PhD,farming-fishing,own-child,MALE,NO,250/500,NO,Low Risk,0,42,0,55200,0,-33208.95,7.986463621,1,0.046620906,9,590,207,1,5261,1322.78,2000,0,590,1,0,5900,0,4720,1
Ambulance,Front Collision,N,Major Damage,Multi-vehicle Collision,MD,exec-managerial,not-in-family,FEMALE,unknown,100/300,NO,Low Risk,0,43,1,90700,-20800,15081.05,4.499618029,1,0.363453215,3,5890,219,3,1503,1483.25,1000,1,11780,1,0,70680,0,53010,1
Ambulance,Rear Collision,N,Total Loss,Multi-vehicle Collision,High School,machine-op-inspct,not-in-family,FEMALE,NO,100/300,NO,Low Risk,0,42,1,0,0,30231.05,7.999061143,1,0.117502604,21,17040,271,3,9074,1515.3,500,0,8520,1,0,93720,0,68160,0
unknown,unknown,N,Minor Damage,Vehicle Theft,PhD,armed-forces,husband,FEMALE,YES,100/300,NO,Low Risk,0,25,2,67700,-58400,-32888.95,7.987321712,1,0.066564536,5,1260,80,1,1087,1075.18,2000,0,630,1,0,6930,5000000,5040,0
Fire,Side Collision,Y,Major Damage,Single Vehicle Collision,Associate,protective-serv,not-in-family,FEMALE,NO,500/1000,YES,High Risk,1,47,0,61500,0,21741.05,8.998642739,1,0.727376803,11,6630,325,1,3265,1690.27,1000,1,6630,1,0,72930,0,59670,3
Other,Rear Collision,Y,Minor Damage,Multi-vehicle Collision,Masters,farming-fishing,own-child,MALE,YES,250/500,YES,Low Risk,1,25,1,0,-71700,12541.05,6.999029261,1,0.286388006,4,7210,29,4,82,1352.83,2000,1,7210,1,0,64890,0,50470,2
unknown,unknown,N,Trivial Damage,Parked Car,College,machine-op-inspct,wife,FEMALE,YES,250/500,unknown,Low Risk,0,48,1,0,0,-34328.95,3.995560488,1,0.060706143,6,900,295,1,2076,1148.73,1000,0,900,1,0,5400,0,3600,2
unknown,unknown,N,Trivial Damage,Vehicle Theft,College,exec-managerial,not-in-family,MALE,unknown,100/300,NO,Low Risk,0,42,0,0,0,-33728.95,5.991440799,1,0.049758764,10,700,239,1,5607,969.5,1000,0,700,1,0,5600,0,4200,0
Police,Rear Collision,N,Minor Damage,Single Vehicle Collision,College,protective-serv,not-in-family,FEMALE,unknown,100/300,YES,Low Risk,0,41,0,0,-72300,9651.05,2.999810857,1,0.189721349,23,15860,269,1,8863,1463.82,500,0,15860,1,0,79300,0,47580,0
Police,Side Collision,N,Major Damage,Single Vehicle Collision,College,tech-support,unmarried,FEMALE,YES,100/300,YES,Medium Risk,0,27,1,0,0,-968.950000000,6.998674493,1,0.435943621,13,10560,80,1,6772,1474.17,1000,1,5280,1,0,52800,0,36960,0
Fire,Front Collision,N,Minor Damage,Multi-vehicle Collision,JD,prof-specialty,husband,FEMALE,NO,250/500,unknown,Low Risk,0,41,2,37300,-31700,-12728.95,6.998056096,1,0.094036552,16,0,279,3,4985,1497.35,500,0,3600,1,0,28800,0,25200,3
Police,unknown,N,Minor Damage,Parked Car,Associate,tech-support,other-relative,FEMALE,NO,100/300,NO,Low Risk,0,33,1,35300,-58100,-35618.95,6.978851964,1,0.052557181,3,330,165,1,2884,1427.14,1000,0,330,1,0,2970,0,2310,1
Police,Side Collision,N,Total Loss,Multi-vehicle Collision,College,other-service,wife,MALE,unknown,500/1000,NO,Low Risk,0,54,0,50500,0,32181.05,8.998844821,1,0.157995712,15,15580,350,3,469,1495.1,500,0,7790,1,0,93480,0,70110,0
unknown,unknown,N,Minor Damage,Vehicle Theft,College,prof-specialty,husband,MALE,YES,100/300,YES,Low Risk,0,49,1,34300,-24300,-34568.95,6.985446985,1,0.022287600,4,480,295,1,8237,1141.62,500,0,480,1,0,4320,0,3360,3
Police,Rear Collision,Y,Major Damage,Multi-vehicle Collision,Associate,prof-specialty,husband,FEMALE,YES,500/1000,unknown,Medium Risk,1,61,0,0,-56400,15271.05,2.666533006,1,0.404179415,6,6650,464,3,8864,1125.37,1000,1,19950,1,0,79800,0,53200,2
Ambulance,Front Collision,N,Major Damage,Multi-vehicle Collision,High School,handlers-cleaners,own-child,FEMALE,unknown,500/1000,NO,Low Risk,0,28,1,0,-57000,14011.05,3.499764167,1,0.300765097,22,7420,118,2,8464,1207.36,2000,1,14840,1,0,74200,0,51940,0
Fire,Front Collision,Y,Major Damage,Single Vehicle Collision,PhD,machine-op-inspct,other-relative,FEMALE,unknown,500/1000,unknown,High Risk,1,47,0,28800,0,10941.05,4.499585674,1,0.745246960,1,10860,298,1,5927,1338.5,2000,1,10860,1,0,70590,0,48870,0
Fire,Rear Collision,Y,Major Damage,Multi-vehicle Collision,Masters,sales,husband,FEMALE,YES,500/1000,NO,High Risk,1,31,0,0,-47500,6391.05,3.999639022,1,0.778997964,16,5540,87,3,2041,1074.07,1000,1,11080,1,0,60940,0,44320,3
Police,Rear Collision,N,Minor Damage,Single Vehicle Collision,College,prof-specialty,unmarried,FEMALE,YES,250/500,unknown,Low Risk,0,42,1,0,0,14361.05,3.499765745,1,0.220720233,18,7470,261,1,2192,1337.56,500,1,14940,1,0,74700,0,52290,2
Fire,Front Collision,Y,Major Damage,Single Vehicle Collision,PhD,craft-repair,unmarried,MALE,unknown,100/300,YES,High Risk,1,60,0,52600,-38800,11071.05,6.999000143,1,0.791288239,0,14000,453,1,4312,1298.91,500,1,7000,1,0,70000,6000000,49000,0
Other,Rear Collision,N,Total Loss,Multi-vehicle Collision,High School,exec-managerial,other-relative,MALE,NO,500/1000,unknown,Low Risk,0,41,2,0,-41000,13661.05,3.499762567,1,0.172337268,12,14740,210,3,819,1222.75,500,0,14740,1,0,81070,0,51590,0
Other,Side Collision,N,Major Damage,Multi-vehicle Collision,MD,protective-serv,own-child,MALE,unknown,100/300,unknown,Medium Risk,0,32,1,0,-40600,-4258.95,3.499636212,1,0.528996096,13,14430,168,2,5414,1059.52,1000,1,9620,1,0,57720,0,33670,1
unknown,unknown,N,Minor Damage,Vehicle Theft,Associate,armed-forces,other-relative,MALE,YES,250/500,YES,Low Risk,0,51,1,0,0,-33208.95,3.996613040,1,0.083993759,9,1180,390,1,5627,1124.38,2000,0,1180,1,0,7080,0,4720,1
Other,Side Collision,Y,Total Loss,Multi-vehicle Collision,MD,machine-op-inspct,other-relative,MALE,unknown,100/300,NO,Low Risk,1,46,0,34400,-56800,-4538.95,3.499633162,1,0.220947267,14,4770,258,3,5800,1110.37,1000,1,9540,1,0,47700,10000000,33390,1
Police,Rear Collision,N,Minor Damage,Single Vehicle Collision,PhD,machine-op-inspct,other-relative,FEMALE,NO,500/1000,NO,Low Risk,0,31,0,62000,-63100,-5308.95,3.499624504,1,0.092701362,16,9320,107,1,8779,1374.22,2000,0,9320,1,0,51260,0,32620,3
Police,Side Collision,Y,Major Damage,Multi-vehicle Collision,High School,exec-managerial,unmarried,MALE,NO,500/1000,unknown,Medium Risk,1,41,2,41200,-36200,13271.05,3.999687524,1,0.664245033,20,6400,225,3,7837,1103.58,2000,1,12800,1,0,70400,0,51200,2
Fire,Rear Collision,N,Minor Damage,Single Vehicle Collision,PhD,transport-moving,not-in-family,FEMALE,YES,250/500,NO,Low Risk,0,38,1,44300,0,25071.05,6.999222309,1,0.235554150,4,18000,164,1,6287,1269.76,2000,1,9000,1,0,90000,0,63000,3
Police,Rear Collision,N,Minor Damage,Multi-vehicle Collision,Associate,adm-clerical,husband,FEMALE,unknown,250/500,unknown,Low Risk,0,39,0,58000,0,15031.05,7.998791723,1,0.184775392,7,13240,245,3,5053,964.79,500,0,6620,1,0,72820,8000000,52960,1
Fire,Side Collision,N,Minor Damage,Single Vehicle Collision,High School,priv-house-serv,other-relative,MALE,unknown,500/1000,NO,Low Risk,0,41,2,0,0,3651.05,2.999783565,1,0.276962557,22,13860,255,1,775,1167.3,2000,1,13860,1,0,69300,4000000,41580,0
Ambulance,Front Collision,Y,Major Damage,Single Vehicle Collision,MD,other-service,other-relative,FEMALE,NO,500/1000,NO,High Risk,1,36,2,0,-53700,13111.05,3.999686545,1,0.719312779,11,12760,206,1,2010,1625.45,500,1,12760,1,0,76560,4000000,51040,1
Ambulance,Front Collision,Y,Major Damage,Single Vehicle Collision,Masters,other-service,not-in-family,FEMALE,YES,250/500,unknown,High Risk,1,38,0,0,0,11351.05,7.998701509,1,0.763240344,7,0,203,1,6189,1394.43,500,1,6160,1,0,55440,0,49280,1
Other,Front Collision,N,Total Loss,Multi-vehicle Collision,College,prof-specialty,other-relative,FEMALE,NO,250/500,YES,Low Risk,0,25,1,51100,0,13491.05,2.999824981,1,0.161111592,0,8570,22,4,2489,1053.24,2000,0,17140,1,0,77130,0,51420,0
Ambulance,Rear Collision,N,Total Loss,Single Vehicle Collision,JD,prof-specialty,not-in-family,FEMALE,unknown,100/300,YES,Low Risk,0,35,1,0,0,-9928.95,3.999428653,1,0.230555859,1,7000,211,1,6741,1040.75,500,1,7000,1,0,42000,0,28000,1
Ambulance,Rear Collision,N,Total Loss,Multi-vehicle Collision,JD,craft-repair,unmarried,MALE,YES,250/500,NO,Low Risk,0,39,2,47200,-69700,-14828.95,2.333097667,1,0.184575325,12,3300,206,3,205,1302.4,1000,0,9900,1,0,36300,6000000,23100,3
Other,Side Collision,N,Total Loss,Single Vehicle Collision,MD,protective-serv,unmarried,MALE,unknown,100/300,NO,Low Risk,0,38,0,59600,-32100,-9128.95,4.999132095,1,0.117494933,8,5760,166,1,8096,1588.55,2000,0,5760,1,0,40320,0,28800,0
Police,unknown,N,Minor Damage,Parked Car,High School,tech-support,own-child,FEMALE,unknown,500/1000,unknown,Low Risk,0,32,2,70500,0,-34958.95,4.493192133,1,0.079335140,9,330,165,1,979,1399.26,500,0,660,1,0,3960,0,2970,0
Fire,Front Collision,Y,Major Damage,Single Vehicle Collision,College,farming-fishing,wife,MALE,YES,100/300,YES,Medium Risk,1,43,0,40700,-47300,4631.05,3.999624095,1,0.634987429,22,10640,274,1,5017,1352.31,2000,1,10640,1,0,63840,0,42560,3
Fire,Front Collision,Y,Major Damage,Multi-vehicle Collision,Masters,sales,husband,FEMALE,unknown,250/500,unknown,Medium Risk,1,28,1,42400,0,-3138.95,6.998591833,1,0.636485663,0,4970,81,3,1215,1139,1000,1,4970,1,0,44730,6000000,34790,2
Other,Front Collision,N,Minor Damage,Multi-vehicle Collision,JD,machine-op-inspct,wife,MALE,NO,250/500,YES,Low Risk,0,45,1,57900,0,18551.05,3.999716734,1,0.292921438,0,14120,280,3,1287,1397.67,1000,1,14120,1,0,84720,0,56480,2
Other,Front Collision,N,Major Damage,Multi-vehicle Collision,Masters,adm-clerical,own-child,MALE,NO,250/500,unknown,Medium Risk,0,39,2,0,0,5121.05,3.499715470,1,0.514691882,3,6150,194,3,3498,823.17,500,1,12300,1,0,61500,0,43050,2
Ambulance,Front Collision,N,Major Damage,Multi-vehicle Collision,Masters,tech-support,unmarried,FEMALE,unknown,100/300,unknown,Low Risk,0,27,0,60000,-54800,-3928.95,3.999529467,1,0.312884792,21,8500,112,3,3414,965.13,500,1,8500,1,0,51000,0,34000,1
Police,Side Collision,N,Total Loss,Single Vehicle Collision,High School,machine-op-inspct,wife,FEMALE,NO,500/1000,unknown,Low Risk,0,33,2,0,-45200,-5168.95,3.499626108,1,0.177120171,0,4680,24,1,6945,1922.84,1000,0,9360,1,0,46800,0,32760,1
Ambulance,Side Collision,N,Minor Damage,Single Vehicle Collision,PhD,exec-managerial,unmarried,MALE,unknown,250/500,unknown,Low Risk,0,32,1,65300,-65600,14151.05,5.999308835,1,0.235231942,16,17360,93,1,3420,1624.82,2000,1,8680,1,0,78120,0,52080,1
Police,Rear Collision,Y,Major Damage,Single Vehicle Collision,College,exec-managerial,other-relative,FEMALE,unknown,250/500,NO,High Risk,1,34,1,84900,0,10511.05,6.998988585,1,0.765154750,14,13840,171,1,6544,1277.25,2000,1,6920,1,0,69200,0,48440,2
Police,unknown,N,Minor Damage,Vehicle Theft,High School,sales,other-relative,FEMALE,NO,100/300,unknown,Low Risk,0,40,0,45300,-20400,-35058.95,6.982968370,1,0.057500870,9,410,200,1,1696,1439.34,1000,0,410,1,0,3690,0,2870,0
Fire,Rear Collision,N,Minor Damage,Multi-vehicle Collision,PhD,tech-support,not-in-family,FEMALE,unknown,250/500,NO,Low Risk,0,28,0,68900,0,14471.05,7.998778812,1,0.173813559,9,6550,120,3,2161,1281.27,1000,0,6550,1,0,65500,0,52400,3
Fire,Rear Collision,N,Minor Damage,Multi-vehicle Collision,High School,prof-specialty,wife,FEMALE,YES,500/1000,unknown,Low Risk,0,46,1,46300,-77500,17431.05,7.998844098,1,0.296309991,21,13840,325,3,572,1348.83,500,1,6920,1,0,76120,0,55360,2
Other,Front Collision,N,Total Loss,Multi-vehicle Collision,MD,other-service,not-in-family,FEMALE,YES,250/500,NO,Low Risk,0,32,0,0,-43200,11111.05,3.999673762,1,0.381769165,19,12260,124,3,8295,1198.15,1000,1,12260,1,0,73560,0,49040,2
Police,Rear Collision,N,Total Loss,Single Vehicle Collision,Masters,machine-op-inspct,other-relative,MALE,unknown,100/300,YES,Low Risk,0,35,0,76000,0,-88.950000000,7.998309026,1,0.173386809,2,9460,211,1,6163,1221.22,2000,0,4730,1,0,52030,0,37840,1
unknown,unknown,N,Trivial Damage,Vehicle Theft,Masters,transport-moving,wife,MALE,unknown,500/1000,unknown,Low Risk,0,41,2,0,-49000,-34168.95,3.995749203,1,0.049220904,9,470,287,1,3948,968.74,2000,0,940,1,0,5170,0,3760,3
unknown,unknown,N,Minor Damage,Parked Car,PhD,machine-op-inspct,own-child,MALE,YES,250/500,unknown,Low Risk,0,34,2,58600,-28700,-32888.95,3.996827914,1,0.085751498,5,1890,122,1,3193,1220.71,1000,0,1260,1,0,8190,0,5040,1
Ambulance,Rear Collision,Y,Major Damage,Single Vehicle Collision,MD,exec-managerial,other-relative,MALE,unknown,250/500,unknown,High Risk,1,29,2,0,-56200,11631.05,3.499752842,1,0.797619016,14,7080,22,1,7556,1238.62,2000,1,14160,1,0,70800,6000000,49560,3
Police,Rear Collision,N,Total Loss,Multi-vehicle Collision,JD,farming-fishing,wife,FEMALE,YES,500/1000,unknown,Low Risk,0,31,0,54100,0,-2438.95,6.998619602,1,0.210835707,20,5070,106,3,6198,1320.75,2000,1,5070,1,0,45630,0,35490,3
Police,Front Collision,Y,Major Damage,Single Vehicle Collision,Associate,exec-managerial,wife,FEMALE,unknown,100/300,YES,High Risk,1,58,2,0,-57900,38471.05,4.999672796,1,0.769995309,18,7640,398,1,5191,990.98,500,1,15280,1,0,99320,0,76400,1
Fire,Side Collision,Y,Major Damage,Multi-vehicle Collision,Masters,tech-support,not-in-family,MALE,NO,500/1000,unknown,Medium Risk,1,41,2,0,-57100,6871.05,6.998906421,1,0.699624548,13,12800,214,3,3752,1398.51,500,1,6400,1,0,64000,4000000,44800,0
Fire,Front Collision,N,Minor Damage,Single Vehicle Collision,MD,other-service,other-relative,FEMALE,unknown,100/300,unknown,Low Risk,0,38,1,58100,0,-88.950000000,7.998309026,1,0.222074296,21,4730,209,1,1898,1355.08,500,1,4730,1,0,47300,0,37840,1
Other,Rear Collision,Y,Major Damage,Single Vehicle Collision,PhD,adm-clerical,not-in-family,MALE,unknown,100/300,NO,High Risk,1,27,2,13100,-38200,15831.05,5.999330432,1,0.752388149,14,8960,82,1,6724,1384.51,1000,1,8960,1,0,71680,0,53760,3
Other,Side Collision,Y,Major Damage,Single Vehicle Collision,JD,craft-repair,not-in-family,FEMALE,YES,250/500,unknown,High Risk,1,41,1,0,0,39831.05,4.499739598,1,0.712073894,1,17280,193,1,7147,847.03,500,1,17280,1,0,112320,0,77760,0
Other,Side Collision,N,Total Loss,Single Vehicle Collision,PhD,farming-fishing,wife,FEMALE,unknown,100/300,unknown,Low Risk,0,32,1,0,0,22231.05,3.999734060,1,0.323599037,17,7520,134,1,4962,1000.06,1000,1,15040,1,0,82720,0,60160,0
Fire,Rear Collision,N,Major Damage,Multi-vehicle Collision,Masters,priv-house-serv,husband,MALE,unknown,100/300,unknown,Medium Risk,0,45,2,0,0,-5888.95,5.998876615,1,0.417801650,4,10680,288,3,4527,1046.71,1000,1,5340,1,0,48060,0,32040,1
Police,Rear Collision,Y,Total Loss,Multi-vehicle Collision,High School,exec-managerial,own-child,MALE,YES,250/500,YES,Medium Risk,1,32,1,31900,-44600,6081.05,4.499539924,1,0.677551916,23,9780,104,3,6387,1158.03,500,1,9780,1,0,63570,0,44010,3
Fire,Rear Collision,N,Total Loss,Multi-vehicle Collision,Masters,craft-repair,own-child,FEMALE,unknown,100/300,NO,Low Risk,0,54,2,17600,0,4231.05,3.999620529,1,0.235708444,13,10540,431,3,7363,1372.27,1000,1,10540,1,0,63240,0,42160,3
Ambulance,Rear Collision,Y,Minor Damage,Multi-vehicle Collision,Masters,other-service,own-child,FEMALE,unknown,100/300,NO,Low Risk,1,33,1,52000,-44500,-1768.95,3.999557571,1,0.195001201,20,9040,101,3,976,1053.04,1000,0,9040,1,0,54240,7000000,36160,3
Police,Front Collision,Y,Major Damage,Single Vehicle Collision,Associate,sales,other-relative,MALE,NO,100/300,YES,High Risk,1,50,2,0,0,-648.950000000,37280,1,0.738942423,16,0,375,1,2916,1275.39,1000,1,0,1,0,37280,0,37280,3
Police,Rear Collision,N,Minor Damage,Multi-vehicle Collision,JD,exec-managerial,husband,MALE,YES,100/300,unknown,Low Risk,0,61,2,0,0,12541.05,3.499757298,1,0.205953454,10,7210,461,3,3523,1402.75,2000,1,14420,1,0,72100,0,50470,1
unknown,unknown,N,Minor Damage,Parked Car,JD,prof-specialty,other-relative,FEMALE,NO,250/500,unknown,Low Risk,0,59,2,0,0,-33378.95,6.989247312,1,0.065380208,8,1300,428,1,5609,1344.36,500,0,650,1,0,6500,7000000,4550,3
Ambulance,Front Collision,N,Total Loss,Multi-vehicle Collision,Masters,machine-op-inspct,not-in-family,MALE,unknown,100/300,unknown,Low Risk,0,38,2,29000,0,14231.05,3.999693275,1,0.226073368,17,13040,45,3,3198,1197.71,1000,1,13040,1,0,78240,0,52160,0
Police,unknown,N,Minor Damage,Vehicle Theft,JD,transport-moving,other-relative,FEMALE,unknown,100/300,unknown,Low Risk,0,29,2,62500,-66900,-33588.95,6.988727858,1,0.050370924,9,1240,136,1,1743,1203.24,500,0,620,1,0,6200,0,4340,0
Police,unknown,N,Minor Damage,Parked Car,Associate,priv-house-serv,unmarried,FEMALE,unknown,500/1000,YES,Low Risk,0,36,2,39600,-82400,-34008.95,2.331945271,1,0.087793431,0,560,216,1,8111,1152.4,1000,0,1680,1,0,6160,0,3920,3
Ambulance,Front Collision,N,Total Loss,Single Vehicle Collision,MD,farming-fishing,not-in-family,FEMALE,unknown,500/1000,unknown,Low Risk,0,48,2,0,-54000,14721.05,4.499615417,1,0.216974095,12,11700,278,1,5655,1142.62,2000,1,11700,1,0,76050,7000000,52650,0
Ambulance,Side Collision,N,Total Loss,Multi-vehicle Collision,MD,exec-managerial,unmarried,FEMALE,YES,500/1000,NO,Low Risk,0,48,2,49700,-59100,21651.05,4.499660147,1,0.239490020,20,13240,295,2,8376,1332.07,1000,1,13240,1,0,86060,0,59580,1
Fire,Front Collision,Y,Major Damage,Single Vehicle Collision,Masters,prof-specialty,not-in-family,FEMALE,NO,500/1000,YES,High Risk,1,30,2,47700,-59300,37601.05,3.499837820,1,0.781984251,3,10790,112,1,4513,1166.54,1000,1,21580,1,0,107900,0,75530,0
Fire,Rear Collision,N,Total Loss,Multi-vehicle Collision,Masters,prof-specialty,unmarried,FEMALE,YES,250/500,NO,Low Risk,0,34,2,38100,-31400,25701.05,3.499807491,1,0.199450559,18,18180,122,3,4169,1495.06,500,0,18180,1,0,99990,0,63630,0
Ambulance,Side Collision,N,Minor Damage,Multi-vehicle Collision,PhD,armed-forces,not-in-family,FEMALE,YES,500/1000,NO,Low Risk,0,29,2,71400,0,6711.05,7.998566565,1,0.180636782,4,11160,108,3,2638,1337.92,1000,0,5580,1,0,61380,0,44640,2
Fire,Rear Collision,Y,Major Damage,Single Vehicle Collision,Associate,craft-repair,unmarried,FEMALE,YES,250/500,unknown,Medium Risk,1,28,2,0,-26900,7431.05,3.499729959,1,0.658608464,18,12960,14,1,4590,1587.96,2000,1,12960,1,0,71280,0,45360,1
Ambulance,Front Collision,N,Minor Damage,Multi-vehicle Collision,High School,farming-fishing,unmarried,MALE,NO,500/1000,NO,Low Risk,0,45,0,0,-51100,6871.05,6.998906421,1,0.177124258,18,12800,298,3,8274,1362.29,1000,0,6400,1,0,64000,0,44800,0
Police,unknown,N,Trivial Damage,Parked Car,Masters,machine-op-inspct,husband,FEMALE,NO,250/500,unknown,Low Risk,0,46,0,0,-50000,-33308.95,6.989409985,1,0.044205074,7,660,276,1,3616,1448.84,500,0,660,1,0,5940,0,4620,1
unknown,unknown,N,Minor Damage,Parked Car,High School,other-service,not-in-family,MALE,NO,250/500,NO,Low Risk,0,37,1,75400,0,-32568.95,7.988077496,1,0.035598348,18,670,47,1,2486,1241.97,2000,0,670,1,0,6700,0,5360,0
Police,Rear Collision,N,Minor Damage,Multi-vehicle Collision,Associate,armed-forces,not-in-family,MALE,unknown,250/500,YES,Low Risk,0,42,0,0,0,-6088.95,3.999497551,1,0.145761383,23,11940,222,3,5731,1124.6,500,0,7960,1,0,51740,0,31840,0
Ambulance,Rear Collision,Y,Total Loss,Single Vehicle Collision,High School,machine-op-inspct,husband,MALE,YES,250/500,unknown,Low Risk,1,28,0,88800,0,2271.05,5.999104611,1,0.277094982,1,6700,119,1,826,1079.92,2000,1,6700,1,0,53600,0,40200,1
Other,Rear Collision,N,Total Loss,Multi-vehicle Collision,College,protective-serv,wife,MALE,unknown,250/500,YES,Low Risk,0,29,1,35100,-59900,-2998.95,6.998597475,1,0.346884239,15,4990,73,3,8016,1447.78,1000,1,4990,1,0,44910,0,34930,0
Fire,Front Collision,N,Major Damage,Multi-vehicle Collision,MD,transport-moving,wife,FEMALE,YES,250/500,unknown,Low Risk,0,31,0,0,-88300,-8328.95,3.999459532,1,0.251656812,2,11100,8,3,4395,1229.16,500,1,7400,1,0,48100,4000000,29600,2
unknown,unknown,N,Trivial Damage,Vehicle Theft,PhD,farming-fishing,unmarried,FEMALE,NO,100/300,NO,Low Risk,0,44,0,53900,0,-33658.95,3.497133497,1,0.074362118,3,610,294,1,8940,1226.49,1000,0,1220,1,0,6100,0,4270,1
Other,Rear Collision,N,Minor Damage,Single Vehicle Collision,MD,tech-support,wife,MALE,YES,100/300,unknown,Low Risk,0,46,1,0,-41300,9831.05,2.999811570,1,0.196570524,13,15920,324,1,1782,897.89,2000,0,15920,1,0,79600,6000000,47760,0
Ambulance,Front Collision,N,Minor Damage,Single Vehicle Collision,Masters,protective-serv,other-relative,MALE,YES,100/300,NO,Low Risk,0,34,1,0,0,21991.05,6.999182339,1,0.167444879,1,8560,155,1,8868,1706.79,500,0,8560,1,0,77040,0,59920,1
Fire,Rear Collision,N,Minor Damage,Single Vehicle Collision,PhD,prof-specialty,other-relative,FEMALE,unknown,250/500,YES,Low Risk,0,45,0,0,-45100,1901.05,3.499692470,1,0.253692805,16,11380,261,1,3495,1254.18,1000,1,11380,1,0,62590,0,39830,1
Other,Front Collision,N,Total Loss,Single Vehicle Collision,Masters,armed-forces,other-relative,FEMALE,NO,500/1000,YES,Low Risk,0,40,0,27000,-58900,21021.05,4.499656515,1,0.231604014,0,13100,245,1,4893,885.08,500,1,13100,1,0,85150,0,58950,1
unknown,unknown,N,Trivial Damage,Vehicle Theft,MD,tech-support,wife,MALE,NO,100/300,unknown,Low Risk,0,39,2,0,-31700,-34328.95,3.995560488,1,0.157125162,1,450,235,1,1478,1046.58,500,0,900,1,0,4950,4000000,3600,1
Fire,Side Collision,N,Major Damage,Multi-vehicle Collision,Associate,handlers-cleaners,not-in-family,MALE,YES,500/1000,unknown,Low Risk,0,36,2,72200,0,-2158.95,6.998630405,1,0.294710067,17,10220,53,3,4176,1712.68,2000,1,5110,1,0,51100,0,35770,0
Police,Side Collision,N,Minor Damage,Single Vehicle Collision,Masters,adm-clerical,not-in-family,FEMALE,unknown,500/1000,YES,Low Risk,0,54,2,29600,-22300,29271.05,3.999761919,1,0.334038148,13,16800,426,1,6289,1097.71,2000,1,16800,1,0,100800,0,67200,3
Police,Side Collision,N,Total Loss,Single Vehicle Collision,Masters,tech-support,husband,FEMALE,NO,250/500,YES,Low Risk,0,27,2,51100,0,19961.05,3.499788405,1,0.240780401,12,16540,111,1,2204,1363.77,500,1,16540,1,0,90970,4000000,57890,3
Police,Rear Collision,Y,Minor Damage,Single Vehicle Collision,JD,tech-support,other-relative,MALE,YES,100/300,unknown,Low Risk,1,26,1,0,-30300,21591.05,7.998924876,1,0.279878673,11,14880,86,1,5936,1382.88,500,1,7440,1,0,81840,7000000,59520,1
Ambulance,Front Collision,N,Major Damage,Single Vehicle Collision,Masters,craft-repair,not-in-family,MALE,NO,100/300,unknown,Medium Risk,0,46,0,0,0,5991.05,7.998543070,1,0.463937705,18,5490,296,1,7987,1141.35,1000,1,5490,1,0,54900,7000000,43920,2
Fire,Front Collision,Y,Total Loss,Single Vehicle Collision,JD,tech-support,husband,MALE,NO,500/1000,YES,High Risk,1,35,2,0,-51300,26551.05,3.999751876,1,0.719953390,17,8060,125,1,6807,1054.83,500,1,16120,1,0,88660,7000000,64480,3
Ambulance,Front Collision,N,Total Loss,Multi-vehicle Collision,JD,tech-support,unmarried,FEMALE,NO,100/300,unknown,Low Risk,0,34,1,0,-57700,-24428.95,5.997334518,1,0.095119616,22,2250,177,3,754,1057.77,2000,0,2250,1,0,18000,0,13500,1
Police,unknown,N,Minor Damage,Vehicle Theft,JD,protective-serv,other-relative,FEMALE,YES,250/500,YES,Low Risk,0,39,1,0,-39200,-34078.95,6.987295826,1,0.128272802,9,1100,238,1,3003,1488.02,2000,0,550,1,0,5500,0,3850,3
Other,Rear Collision,Y,Major Damage,Multi-vehicle Collision,High School,tech-support,own-child,FEMALE,unknown,100/300,unknown,High Risk,1,25,1,51000,-67900,15831.05,7.998809701,1,0.733571320,11,13440,81,3,363,920.3,500,1,6720,1,0,73920,5000000,53760,0
Ambulance,Rear Collision,N,Total Loss,Single Vehicle Collision,High School,adm-clerical,other-relative,FEMALE,YES,500/1000,NO,Low Risk,0,28,0,62700,0,26891.05,3.499811025,1,0.207006921,11,18520,128,1,2649,986.53,1000,1,18520,1,0,101860,0,64820,2
unknown,unknown,N,Minor Damage,Parked Car,Associate,tech-support,own-child,MALE,YES,250/500,YES,Low Risk,0,57,0,25000,0,-34498.95,3.496432212,1,0.086813584,8,980,449,1,5777,1440.68,2000,0,980,1,0,5390,0,3430,1
Police,Side Collision,N,Minor Damage,Single Vehicle Collision,JD,farming-fishing,unmarried,MALE,unknown,250/500,unknown,Low Risk,0,39,1,68500,-57500,1341.05,6.998752451,1,0.231629275,18,5610,252,1,3294,1086.21,1000,1,5610,1,0,50490,0,39270,2
Police,Front Collision,N,Total Loss,Single Vehicle Collision,MD,handlers-cleaners,unmarried,FEMALE,NO,100/300,NO,Low Risk,0,47,0,0,0,921.050000000,3.499684713,1,0.396201038,13,5550,359,1,7753,1367.68,2000,1,11100,1,0,55500,0,38850,3
Police,unknown,N,Minor Damage,Vehicle Theft,High School,other-service,husband,MALE,YES,500/1000,YES,Low Risk,0,32,1,42900,-90200,-32808.95,7.987519501,1,0.037099576,8,1280,19,1,3288,1215.85,1000,0,640,1,0,7040,0,5120,1
Other,Rear Collision,N,Total Loss,Multi-vehicle Collision,MD,farming-fishing,not-in-family,MALE,YES,250/500,unknown,Low Risk,0,26,0,29300,0,-2788.95,35140,1,0.146294236,9,5020,73,3,4332,1191.19,2000,0,0,1,0,40160,4000000,35140,1
Fire,Side Collision,N,Total Loss,Multi-vehicle Collision,High School,handlers-cleaners,husband,MALE,NO,500/1000,YES,Low Risk,0,44,2,0,0,3831.05,5.999138055,1,0.207706818,17,6960,285,2,215,1594.45,1000,1,6960,1,0,55680,0,41760,3
Police,unknown,Y,Trivial Damage,Vehicle Theft,MD,armed-forces,own-child,MALE,NO,250/500,unknown,Medium Risk,1,36,1,0,0,-33688.95,7.984934087,1,0.645129920,3,530,196,1,6948,1463.07,2000,1,530,1,0,5300,0,4240,1
unknown,unknown,N,Trivial Damage,Parked Car,MD,adm-clerical,not-in-family,FEMALE,unknown,250/500,YES,Low Risk,0,43,0,0,0,-34028.95,5.990783410,1,0.043377374,6,650,223,1,4651,1734.09,500,0,650,1,0,5200,0,3900,3
Ambulance,Front Collision,N,Major Damage,Single Vehicle Collision,Masters,armed-forces,own-child,MALE,NO,250/500,YES,Medium Risk,0,48,2,45100,-32800,3651.05,3.499705412,1,0.465977981,17,5940,328,1,3324,1411.43,500,1,11880,1,0,59400,0,41580,1
Police,unknown,N,Minor Damage,Vehicle Theft,College,sales,other-relative,FEMALE,unknown,100/300,unknown,Low Risk,0,43,1,47600,0,-35968.95,6.975088968,1,0.081456670,7,280,285,1,7372,1512.58,2000,0,280,1,0,2520,0,1960,1
Police,unknown,N,Trivial Damage,Vehicle Theft,PhD,craft-repair,not-in-family,MALE,YES,250/500,NO,Low Risk,0,31,2,0,0,-34088.95,3.995837669,1,0.108462308,9,960,30,1,975,1153.35,2000,0,960,1,0,5760,0,3840,1
Fire,Rear Collision,N,Minor Damage,Single Vehicle Collision,PhD,transport-moving,not-in-family,MALE,YES,250/500,unknown,Low Risk,0,49,2,63100,-13800,23431.05,7.998957111,1,0.125381406,3,7670,342,1,6171,1722.95,500,0,7670,1,0,76700,0,61360,0
Police,unknown,N,Trivial Damage,Parked Car,High School,protective-serv,unmarried,FEMALE,NO,250/500,NO,Low Risk,0,39,0,0,0,-33488.95,5.991902834,1,0.114706779,6,740,219,1,2825,1281.07,2000,0,740,1,0,5920,7000000,4440,2
Fire,Rear Collision,N,Major Damage,Multi-vehicle Collision,PhD,machine-op-inspct,wife,MALE,unknown,100/300,YES,Low Risk,0,62,0,0,0,12121.05,6.999021116,1,0.364497866,7,7150,468,3,5343,1011.92,500,1,7150,1,0,64350,0,50050,3
Ambulance,Rear Collision,N,Total Loss,Multi-vehicle Collision,JD,sales,husband,MALE,unknown,250/500,NO,Low Risk,0,39,1,0,0,-25208.95,5.997171146,1,0.108229655,21,4240,241,3,6815,1042.26,2000,0,2120,1,0,19080,0,12720,2
Police,Rear Collision,N,Minor Damage,Single Vehicle Collision,Masters,tech-support,not-in-family,FEMALE,NO,500/1000,NO,Low Risk,0,43,2,66400,-34400,5591.05,7.998529682,1,0.218210225,14,5440,223,1,2103,1235.1,500,1,5440,1,0,54400,0,43520,1
Fire,Rear Collision,Y,Total Loss,Single Vehicle Collision,College,sales,other-relative,FEMALE,NO,100/300,unknown,Medium Risk,1,32,1,0,-39300,9911.05,7.998662431,1,0.666514610,0,5980,128,1,4981,768.91,2000,1,5980,1,0,59800,0,47840,0
Police,Side Collision,N,Major Damage,Multi-vehicle Collision,Masters,handlers-cleaners,husband,MALE,YES,500/1000,unknown,Low Risk,0,29,0,0,0,19671.05,7.998889043,1,0.368677330,14,7200,124,3,7828,1301.72,500,1,7200,1,0,72000,0,57600,3
Police,Side Collision,N,Total Loss,Multi-vehicle Collision,JD,adm-clerical,husband,MALE,NO,250/500,NO,Low Risk,0,48,2,0,0,5451.05,2.999792545,1,0.237396925,13,7230,343,4,1892,1451.54,500,1,14460,1,0,65070,3000000,43380,3
Police,unknown,N,Trivial Damage,Parked Car,Associate,sales,not-in-family,MALE,NO,250/500,NO,Low Risk,0,53,0,25500,-36700,-31768.95,6.992054484,1,0.115761996,8,1760,404,1,35,767.14,500,0,880,1,0,8800,0,6160,1
Police,unknown,N,Minor Damage,Vehicle Theft,High School,handlers-cleaners,other-relative,FEMALE,NO,250/500,NO,Low Risk,0,24,2,0,0,-33848.95,3.996082272,1,0.060257944,7,1020,63,1,7696,1620.89,2000,0,1020,1,0,6120,0,4080,0
unknown,unknown,N,Trivial Damage,Vehicle Theft,High School,priv-house-serv,not-in-family,MALE,unknown,500/1000,unknown,Low Risk,0,37,1,59900,0,-32618.95,8.984771574,1,0.078731110,9,1180,210,1,3075,1048.46,2000,0,590,1,0,7080,0,5310,2
Ambulance,Side Collision,N,Minor Damage,Multi-vehicle Collision,High School,sales,other-relative,MALE,YES,100/300,YES,Low Risk,0,50,2,62200,-31400,-16478.95,4.998834770,1,0.206356344,12,8580,335,3,2908,1538.26,1000,1,4290,1,0,34320,6000000,21450,3
Other,Side Collision,Y,Major Damage,Multi-vehicle Collision,MD,prof-specialty,wife,FEMALE,unknown,500/1000,unknown,Medium Risk,1,40,1,24000,0,-3908.95,3.499639955,1,0.413143939,6,9720,11,3,5040,1217.69,2000,1,9720,1,0,53460,0,34020,0
Other,Side Collision,Y,Total Loss,Single Vehicle Collision,JD,exec-managerial,wife,FEMALE,unknown,100/300,YES,Medium Risk,1,33,1,0,0,23091.05,4.499668166,1,0.648238097,11,6780,142,1,7278,1362.64,2000,1,13560,1,0,81360,5000000,61020,3
Ambulance,Side Collision,Y,Minor Damage,Multi-vehicle Collision,PhD,craft-repair,other-relative,MALE,YES,100/300,unknown,Medium Risk,1,43,1,0,0,21031.05,3.999728648,1,0.630506007,5,7370,272,3,7136,1279.13,1000,1,14740,1,0,81070,0,58960,2
Fire,Front Collision,N,Minor Damage,Single Vehicle Collision,High School,machine-op-inspct,unmarried,FEMALE,NO,100/300,NO,Low Risk,0,26,2,0,0,9411.05,4.499572284,1,0.182016110,14,5260,69,1,3211,924.72,2000,0,10520,1,0,63120,0,47340,2
unknown,unknown,N,Trivial Damage,Vehicle Theft,Masters,transport-moving,not-in-family,MALE,NO,250/500,unknown,Low Risk,0,28,2,0,-39700,-32888.95,6.990291262,1,0.039856638,17,1440,38,1,7259,1019.44,1000,0,720,1,0,7200,0,5040,1
Other,Rear Collision,Y,Total Loss,Single Vehicle Collision,MD,prof-specialty,not-in-family,FEMALE,unknown,500/1000,unknown,Medium Risk,1,46,2,24800,0,13191.05,7.998748240,1,0.643274881,0,12780,328,1,6823,1314.6,500,1,6390,1,0,70290,0,51120,3
Fire,Side Collision,N,Minor Damage,Multi-vehicle Collision,College,priv-house-serv,other-relative,MALE,NO,100/300,NO,Low Risk,0,43,1,0,0,3741.05,4.499514091,1,0.276704485,21,9260,281,3,7877,1515.18,1000,1,9260,1,0,60190,6000000,41670,0
Other,Front Collision,Y,Major Damage,Single Vehicle Collision,College,farming-fishing,other-relative,MALE,YES,250/500,YES,Medium Risk,1,44,1,0,-58600,6711.05,7.998566565,1,0.698983911,18,11160,246,1,4974,1649.18,2000,1,5580,1,0,61380,0,44640,2
Ambulance,Front Collision,N,Minor Damage,Single Vehicle Collision,College,other-service,own-child,FEMALE,NO,250/500,NO,Low Risk,0,49,2,47800,0,-18258.95,3.499377335,1,0.154292393,17,2810,298,1,2282,1451.01,500,0,5620,1,0,28100,0,19670,2
Fire,Side Collision,N,Total Loss,Single Vehicle Collision,High School,sales,husband,FEMALE,NO,500/1000,YES,Low Risk,0,50,0,0,0,-6708.95,3.499607667,1,0.258641503,19,8920,330,1,4421,978.46,1000,1,8920,1,0,49060,0,31220,0
Fire,Side Collision,N,Total Loss,Multi-vehicle Collision,Associate,sales,wife,MALE,NO,250/500,unknown,Low Risk,0,50,1,53000,-72500,6451.05,6.998896073,1,0.322840588,17,6340,362,3,3293,1198.34,500,1,6340,1,0,57060,4000000,44380,1
Fire,Side Collision,N,Major Damage,Multi-vehicle Collision,Associate,tech-support,not-in-family,FEMALE,YES,100/300,unknown,Low Risk,0,38,0,0,0,13991.05,3.999691857,1,0.355475810,23,12980,241,3,9009,1003.23,2000,1,12980,1,0,77880,0,51920,3
Ambulance,Front Collision,N,Total Loss,Single Vehicle Collision,Masters,exec-managerial,unmarried,MALE,YES,500/1000,YES,Low Risk,0,41,0,24400,-60500,13521.05,3.499761921,1,0.200652225,4,7350,245,1,520,1212,2000,1,14700,1,0,73500,0,51450,1
Other,Rear Collision,N,Minor Damage,Multi-vehicle Collision,High School,other-service,own-child,FEMALE,unknown,250/500,YES,Low Risk,0,52,2,0,-37100,30471.05,4.999634530,1,0.159801732,2,6840,371,2,6342,1242.96,1000,0,13680,1,0,88920,7000000,68400,0
Other,Front Collision,Y,Major Damage,Single Vehicle Collision,Associate,prof-specialty,not-in-family,FEMALE,NO,500/1000,unknown,Medium Risk,1,52,0,0,0,-7618.95,6.998383745,1,0.625987602,2,12990,343,1,4774,1053.02,1000,1,4330,1,0,47630,0,30310,2
Fire,Front Collision,N,Total Loss,Multi-vehicle Collision,MD,craft-repair,unmarried,FEMALE,NO,100/300,YES,Medium Risk,0,53,1,0,-64000,7991.05,6.998933089,1,0.409404130,10,6560,377,3,6742,1693.63,500,1,6560,1,0,59040,0,45920,3
Other,Rear Collision,N,Minor Damage,Single Vehicle Collision,MD,farming-fishing,other-relative,FEMALE,NO,250/500,unknown,Low Risk,0,37,0,0,-67800,19911.05,7.998893652,1,0.237766074,2,14460,154,1,1807,2047.59,1000,1,7230,1,0,79530,0,57840,3
Other,Side Collision,N,Total Loss,Single Vehicle Collision,High School,machine-op-inspct,wife,FEMALE,YES,100/300,NO,Low Risk,0,34,0,65600,-68200,5991.05,8.998156116,1,0.159042916,18,4880,166,1,129,1083.72,1000,0,4880,1,0,53680,0,43920,2
Police,Side Collision,N,Minor Damage,Single Vehicle Collision,JD,prof-specialty,own-child,MALE,YES,500/1000,NO,Low Risk,0,46,2,36900,-55000,-13528.95,3.999344370,1,0.081307184,18,3050,298,1,2847,1138.42,1000,0,6100,1,0,33550,6000000,24400,3
Other,Side Collision,N,Total Loss,Multi-vehicle Collision,Masters,machine-op-inspct,husband,FEMALE,YES,250/500,unknown,Low Risk,0,42,2,39900,-60200,17351.05,7.998842425,1,0.234039972,7,6910,235,4,8915,1072.62,500,1,6910,1,0,69100,0,55280,1
Police,Rear Collision,N,Major Damage,Multi-vehicle Collision,MD,handlers-cleaners,own-child,MALE,NO,100/300,unknown,Low Risk,0,35,2,63600,-68700,12821.05,3.499758637,1,0.302305221,19,14500,172,3,3766,1219.04,2000,1,14500,1,0,79750,0,50750,0
Other,Front Collision,Y,Major Damage,Multi-vehicle Collision,JD,farming-fishing,other-relative,MALE,YES,100/300,unknown,High Risk,1,28,0,0,-32500,-408.950000000,3.499673538,1,0.786979555,10,5360,27,3,7100,1371.78,2000,1,10720,1,0,53600,0,37520,2
Fire,Side Collision,N,Minor Damage,Multi-vehicle Collision,Masters,transport-moving,unmarried,MALE,unknown,100/300,NO,Low Risk,0,54,1,0,-24400,19491.05,8.998589563,1,0.199155392,16,12760,428,3,4005,1506.21,2000,0,6380,1,0,76560,0,57420,0
Fire,Front Collision,N,Total Loss,Single Vehicle Collision,JD,craft-repair,unmarried,MALE,NO,100/300,YES,Low Risk,0,32,1,0,0,-5938.95,6.998468606,1,0.146093027,17,4570,99,1,171,1058.21,1000,0,4570,1,0,41130,3000000,31990,1
Fire,Rear Collision,Y,Total Loss,Multi-vehicle Collision,MD,sales,own-child,MALE,NO,500/1000,NO,Medium Risk,1,26,2,40600,0,19271.05,7.998881275,1,0.686823701,2,14300,107,3,6504,932.14,2000,1,7150,1,0,78650,0,57200,3
Other,Side Collision,N,Major Damage,Single Vehicle Collision,Associate,farming-fishing,own-child,FEMALE,unknown,500/1000,unknown,Medium Risk,0,41,1,33300,-10600,13751.05,3.999690426,1,0.430352065,19,6460,272,1,8687,1608.34,2000,1,12920,1,0,71060,0,51680,1
Fire,Front Collision,N,Minor Damage,Single Vehicle Collision,Masters,farming-fishing,own-child,FEMALE,unknown,500/1000,YES,Low Risk,0,37,1,54000,0,-6158.95,8.997451147,1,0.117078368,0,3530,151,1,8220,1728.56,1000,0,3530,1,0,38830,0,31770,1
Fire,Front Collision,N,Major Damage,Single Vehicle Collision,MD,armed-forces,own-child,FEMALE,YES,250/500,unknown,Medium Risk,0,43,0,0,0,4871.05,7.998504952,1,0.410315365,16,5350,249,1,510,1518.46,1000,1,5350,1,0,53500,0,42800,0
Other,Front Collision,Y,Major Damage,Single Vehicle Collision,College,adm-clerical,other-relative,FEMALE,NO,100/300,YES,High Risk,1,38,2,0,-74500,21031.05,7.998914666,1,0.708901783,20,7370,177,1,1123,1540.19,2000,1,7370,1,0,73700,0,58960,0
unknown,unknown,N,Trivial Damage,Parked Car,JD,exec-managerial,other-relative,FEMALE,YES,500/1000,unknown,Low Risk,0,40,2,36900,-53700,-32888.95,7.987321712,1,0.134975102,10,630,190,1,2928,965.21,2000,0,630,1,0,6300,0,5040,1
Ambulance,Rear Collision,N,Total Loss,Multi-vehicle Collision,College,tech-support,own-child,FEMALE,NO,100/300,unknown,Low Risk,0,36,2,53200,-53800,5671.05,3.999633061,1,0.256642918,21,10900,174,3,3402,1278.75,2000,1,10900,1,0,65400,0,43600,2
unknown,unknown,N,Trivial Damage,Vehicle Theft,Associate,armed-forces,other-relative,MALE,NO,250/500,YES,Low Risk,0,28,1,0,-70300,-35688.95,6.978193146,1,0.081010883,3,640,95,1,8825,773.99,1000,0,320,1,0,3200,0,2240,2
Fire,Rear Collision,Y,Major Damage,Single Vehicle Collision,Associate,tech-support,other-relative,FEMALE,YES,500/1000,YES,Medium Risk,1,51,0,60300,-24700,14851.05,3.499767920,1,0.575468681,7,7540,371,1,3383,1532.47,1000,1,15080,1,0,75400,0,52780,3
Fire,Side Collision,N,Minor Damage,Single Vehicle Collision,JD,machine-op-inspct,not-in-family,FEMALE,YES,250/500,YES,Low Risk,0,28,0,0,0,7291.05,6.998916576,1,0.240603369,19,6460,2,1,5719,1340.56,1000,1,6460,1,0,58140,0,45220,2
Ambulance,Rear Collision,Y,Total Loss,Multi-vehicle Collision,JD,other-service,own-child,FEMALE,unknown,100/300,unknown,Medium Risk,1,44,0,0,-41400,30381.05,4.499703577,1,0.661884192,15,15180,269,3,4425,1297.75,500,1,15180,1,0,98670,4000000,68310,1
unknown,unknown,N,Minor Damage,Parked Car,Masters,machine-op-inspct,other-relative,MALE,NO,250/500,unknown,Low Risk,0,27,0,25900,0,-33798.95,6.988155668,1,0.068947444,7,1180,101,1,2883,433.33,1000,0,590,1,0,5900,0,4130,3
Fire,Rear Collision,N,Major Damage,Single Vehicle Collision,High School,armed-forces,other-relative,FEMALE,YES,250/500,unknown,Medium Risk,0,30,1,0,-52600,13351.05,7.998752145,1,0.537595316,19,6410,94,1,4739,1025.54,2000,1,6410,1,0,64100,0,51280,3
Fire,Rear Collision,Y,Total Loss,Multi-vehicle Collision,Associate,transport-moving,unmarried,FEMALE,unknown,250/500,YES,Medium Risk,1,28,0,47500,-32500,2391.05,3.999603214,1,0.650320594,13,5040,117,2,4308,1264.77,500,1,10080,1,0,55440,0,40320,1
Police,Side Collision,Y,Major Damage,Multi-vehicle Collision,MD,sales,other-relative,MALE,NO,250/500,NO,Medium Risk,1,27,1,0,0,20871.05,3.999727910,1,0.605665274,2,7350,111,3,4541,1459.97,500,1,14700,1,0,80850,5000000,58800,2
Police,unknown,N,Trivial Damage,Vehicle Theft,High School,transport-moving,husband,FEMALE,NO,100/300,YES,Low Risk,0,40,1,0,-44600,-31808.95,8.986784141,1,0.047347708,5,680,242,1,6195,1238.65,500,0,680,1,0,7480,0,6120,1
Fire,Side Collision,Y,Major Damage,Single Vehicle Collision,PhD,transport-moving,wife,MALE,NO,250/500,unknown,High Risk,1,61,2,41500,-70200,3791.05,6.998825700,1,0.776368366,21,5960,440,1,8182,1050.76,500,1,5960,1,0,53640,0,41720,3
Fire,Rear Collision,Y,Major Damage,Multi-vehicle Collision,JD,tech-support,wife,FEMALE,NO,500/1000,NO,High Risk,1,23,2,0,0,8071.05,3.999652204,1,0.743472406,21,5750,20,3,5736,1711.72,1000,1,11500,1,0,63250,0,46000,2
Ambulance,Side Collision,N,Major Damage,Multi-vehicle Collision,High School,farming-fishing,own-child,FEMALE,unknown,100/300,NO,Low Risk,0,57,0,0,0,1431.05,3.999593537,1,0.312958898,7,9840,461,3,6235,865.33,500,1,9840,1,0,59040,7000000,39360,1
Other,Side Collision,N,Total Loss,Multi-vehicle Collision,Associate,craft-repair,other-relative,MALE,YES,250/500,YES,Low Risk,0,36,1,0,0,-2578.95,6.998614136,1,0.135338464,16,10100,208,3,5362,1153.49,500,0,5050,1,0,50500,0,35350,0
Police,Side Collision,Y,Major Damage,Single Vehicle Collision,Associate,machine-op-inspct,other-relative,MALE,NO,500/1000,YES,High Risk,1,43,0,0,0,531.050000000,2.999766009,1,0.749539549,13,6410,279,1,7208,1281.25,2000,1,12820,1,0,57690,0,38460,1
Police,unknown,N,Trivial Damage,Vehicle Theft,MD,sales,husband,FEMALE,YES,100/300,YES,Low Risk,0,40,1,0,0,-33308.95,6.989409985,1,0.076779091,2,660,244,1,3153,1342.8,500,0,660,1,0,5940,0,4620,3
Fire,Rear Collision,Y,Major Damage,Multi-vehicle Collision,PhD,exec-managerial,unmarried,FEMALE,YES,250/500,unknown,High Risk,1,30,0,0,0,-758.950000000,6.998681981,1,0.759786447,19,5310,134,3,2658,1443.32,2000,1,5310,1,0,47790,0,37170,2
unknown,unknown,N,Trivial Damage,Parked Car,Masters,priv-house-serv,other-relative,FEMALE,NO,250/500,unknown,Low Risk,0,29,0,0,-47100,-34778.95,8.974358974,1,0.089004354,17,350,122,1,8474,1629.94,1000,0,350,1,0,3850,0,3150,1
Police,Front Collision,Y,Major Damage,Single Vehicle Collision,PhD,other-service,husband,MALE,unknown,100/300,unknown,Medium Risk,1,31,2,0,0,9271.05,7.998644298,1,0.528622173,3,5900,156,1,6713,1134.08,2000,1,5900,1,0,59000,0,47200,0
Ambulance,Rear Collision,Y,Major Damage,Multi-vehicle Collision,College,machine-op-inspct,husband,MALE,unknown,250/500,NO,Medium Risk,1,43,0,0,-33600,11491.05,3.499752142,1,0.536806553,17,7060,232,3,4995,1483.91,500,1,14120,1,0,70600,8000000,49420,1
Police,Side Collision,N,Minor Damage,Multi-vehicle Collision,Masters,armed-forces,other-relative,MALE,unknown,500/1000,unknown,Low Risk,0,40,1,0,-45000,6791.05,3.999642250,1,0.174103860,5,5590,244,3,5631,1304.67,2000,0,11180,1,0,61490,7000000,44720,1
Police,Side Collision,N,Minor Damage,Single Vehicle Collision,MD,protective-serv,wife,FEMALE,YES,500/1000,NO,Low Risk,0,30,1,44400,-51500,3991.05,3.999618357,1,0.255794416,9,5240,84,1,4246,1035.79,2000,1,10480,1,0,57640,0,41920,0
Police,unknown,N,Trivial Damage,Vehicle Theft,High School,craft-repair,own-child,FEMALE,NO,250/500,NO,Low Risk,0,57,1,51500,0,-33158.95,4.495758718,1,0.082635854,9,1060,394,1,5780,1401.2,500,0,1060,1,0,6890,0,4770,0
Fire,Side Collision,Y,Major Damage,Multi-vehicle Collision,JD,machine-op-inspct,wife,MALE,unknown,250/500,unknown,High Risk,1,45,2,34400,-33100,-2408.95,5.998986658,1,0.768582833,9,11840,246,3,5839,1665.45,1000,1,5920,1,0,53280,0,35520,2
Fire,Rear Collision,N,Minor Damage,Multi-vehicle Collision,JD,handlers-cleaners,unmarried,FEMALE,unknown,500/1000,NO,Low Risk,0,29,0,52100,-46900,16881.05,6.999106117,1,0.245912061,22,15660,35,3,1279,653.66,2000,1,7830,1,0,78300,0,54810,0
Ambulance,Rear Collision,N,Major Damage,Multi-vehicle Collision,Associate,protective-serv,other-relative,MALE,NO,100/300,YES,Low Risk,0,37,0,0,-61000,-5658.95,6.998481891,1,0.268316349,15,4610,156,3,1651,1080.13,500,1,4610,1,0,41490,0,32270,3
Fire,Front Collision,N,Total Loss,Multi-vehicle Collision,Associate,machine-op-inspct,wife,FEMALE,YES,100/300,YES,Low Risk,0,36,2,57800,-53300,12231.05,7.998724286,1,0.284632912,14,12540,195,3,4859,1346.18,2000,1,6270,1,0,68970,0,50160,3
Police,Rear Collision,N,Minor Damage,Multi-vehicle Collision,College,handlers-cleaners,husband,MALE,YES,250/500,unknown,Low Risk,0,55,2,55400,0,21781.05,6.999179463,1,0.151707997,6,17060,369,3,652,1589.54,2000,0,8530,1,0,85300,0,59710,0
unknown,unknown,N,Minor Damage,Parked Car,Associate,other-service,wife,FEMALE,NO,100/300,NO,Low Risk,0,40,0,71200,0,-35688.95,7.971530249,1,0.099884137,6,560,271,1,7014,1251.65,1000,0,280,1,0,3080,0,2240,0
Police,Front Collision,Y,Major Damage,Multi-vehicle Collision,MD,craft-repair,other-relative,MALE,unknown,100/300,YES,High Risk,1,47,2,91900,0,11751.05,4.499592428,1,0.724129384,22,11040,332,4,8492,1083.01,2000,1,11040,1,0,71760,0,49680,0
Ambulance,Rear Collision,N,Minor Damage,Multi-vehicle Collision,JD,armed-forces,wife,FEMALE,NO,100/300,unknown,Low Risk,0,26,1,62800,0,-2108.95,2.999748765,1,0.149484394,14,11940,107,3,244,974.59,500,0,11940,1,0,59700,0,35820,0
Fire,Front Collision,N,Minor Damage,Multi-vehicle Collision,Masters,other-service,other-relative,FEMALE,unknown,500/1000,NO,Low Risk,0,39,0,49900,-19800,5351.05,3.999630348,1,0.179931292,16,10820,217,3,8336,1399.85,2000,0,10820,1,0,64920,0,43280,2
Ambulance,Front Collision,N,Major Damage,Multi-vehicle Collision,Associate,machine-op-inspct,own-child,FEMALE,NO,500/1000,unknown,Low Risk,0,43,0,0,-75700,-8738.95,6.998321745,1,0.258694715,10,4170,243,3,3281,1307.74,500,1,4170,1,0,37530,0,29190,1
Ambulance,Side Collision,N,Total Loss,Multi-vehicle Collision,Associate,tech-support,husband,MALE,NO,250/500,YES,Low Risk,0,42,1,53100,-63400,11911.05,6.999016992,1,0.261420450,9,7120,296,3,4355,1219.27,2000,1,7120,1,0,64080,0,49840,2
Other,Rear Collision,Y,Minor Damage,Single Vehicle Collision,PhD,prof-specialty,unmarried,MALE,unknown,100/300,NO,Medium Risk,1,41,1,55600,0,5991.05,7.998543070,1,0.534544048,4,10980,264,1,4498,1411.3,500,1,5490,1,0,60390,0,43920,0
Police,Side Collision,Y,Major Damage,Multi-vehicle Collision,JD,armed-forces,not-in-family,FEMALE,YES,100/300,unknown,Medium Risk,1,33,0,0,0,8871.05,3.999658149,1,0.511215775,6,5850,108,3,9124,694.45,2000,1,11700,1,0,64350,0,46800,1
Police,Side Collision,N,Minor Damage,Multi-vehicle Collision,College,other-service,own-child,FEMALE,YES,100/300,YES,Low Risk,0,38,2,0,0,11701.05,6.999012833,1,0.235901330,15,14180,32,3,1793,1006.77,500,1,7090,1,0,70900,6000000,49630,1
Fire,Side Collision,N,Minor Damage,Multi-vehicle Collision,JD,craft-repair,unmarried,FEMALE,unknown,250/500,NO,Low Risk,0,39,1,0,-83900,-6888.95,3.999484602,1,0.215110115,12,7760,259,3,7067,1422.36,1000,1,7760,1,0,46560,0,31040,3
Police,unknown,Y,Trivial Damage,Vehicle Theft,Associate,craft-repair,wife,FEMALE,unknown,100/300,NO,Medium Risk,1,33,2,37600,-37600,-34918.95,3.495934959,1,0.647433433,3,860,186,1,1782,1348.32,1000,1,860,1,0,4730,0,3010,1
Police,unknown,N,Minor Damage,Vehicle Theft,PhD,transport-moving,not-in-family,FEMALE,YES,250/500,YES,Low Risk,0,40,0,0,0,-33588.95,3.497179694,1,0.074185272,14,1240,201,1,8453,1315.56,2000,0,1240,1,0,6820,0,4340,0
Police,Rear Collision,Y,Major Damage,Single Vehicle Collision,PhD,tech-support,other-relative,MALE,unknown,250/500,unknown,Medium Risk,1,58,0,47400,-27600,4001.05,6.998831581,1,0.649591416,10,11980,436,1,4638,1407.01,2000,1,5990,1,0,59900,5000000,41930,2
Police,Side Collision,N,Major Damage,Multi-vehicle Collision,MD,priv-house-serv,own-child,FEMALE,YES,250/500,unknown,Low Risk,0,36,1,0,-49400,15111.05,3.999698364,1,0.336123054,17,13260,189,3,2848,1388.58,2000,1,13260,1,0,79560,0,53040,3
Other,Front Collision,N,Total Loss,Single Vehicle Collision,High School,adm-clerical,not-in-family,FEMALE,unknown,500/1000,YES,Low Risk,0,33,0,0,-40900,13191.05,7.998748240,1,0.347547028,8,12780,105,1,6798,1310.76,500,1,6390,1,0,70290,0,51120,1
Ambulance,Rear Collision,N,Total Loss,Multi-vehicle Collision,JD,priv-house-serv,not-in-family,MALE,NO,100/300,YES,Medium Risk,0,31,2,26900,0,8551.05,3.999655796,1,0.409154736,14,5810,163,3,4664,1004.63,1000,1,11620,1,0,63910,6000000,46480,0
unknown,unknown,N,Trivial Damage,Vehicle Theft,Associate,transport-moving,not-in-family,FEMALE,NO,100/300,unknown,Low Risk,0,40,1,68700,0,-32808.95,7.987519501,1,0.046423367,6,640,219,1,3014,1134.91,500,0,640,1,0,6400,0,5120,0
Ambulance,Rear Collision,Y,Major Damage,Single Vehicle Collision,JD,handlers-cleaners,husband,FEMALE,YES,250/500,YES,Medium Risk,1,25,1,0,0,14011.05,6.999056731,1,0.576677929,6,7420,88,1,2668,1194,1000,1,7420,1,0,66780,0,51940,2
Police,unknown,N,Minor Damage,Parked Car,College,sales,own-child,FEMALE,unknown,500/1000,NO,Low Risk,0,39,0,0,-33300,-32088.95,3.997262149,1,0.035511883,8,1460,40,1,5058,1248.25,1000,0,1460,1,0,8760,4000000,5840,2
Ambulance,Side Collision,N,Major Damage,Single Vehicle Collision,Associate,machine-op-inspct,wife,MALE,unknown,100/300,YES,Medium Risk,0,42,0,0,0,30551.05,3.999766369,1,0.517807268,13,8560,284,1,7210,1338.54,500,1,17120,1,0,94160,-1000000,68480,1
Ambulance,Front Collision,N,Total Loss,Multi-vehicle Collision,College,protective-serv,other-relative,MALE,NO,250/500,unknown,Low Risk,0,40,0,64200,-32300,-3548.95,2.999738243,1,0.110678624,0,5730,59,3,1227,782.23,2000,0,11460,1,0,51570,0,34380,2
Fire,Rear Collision,Y,Major Damage,Multi-vehicle Collision,High School,handlers-cleaners,husband,FEMALE,NO,250/500,unknown,Medium Risk,1,31,1,0,-15700,-6308.95,2.999715397,1,0.667727819,14,10540,39,3,4383,1366.9,2000,1,10540,1,0,52700,0,31620,0
Fire,Side Collision,N,Minor Damage,Single Vehicle Collision,High School,sales,wife,MALE,unknown,500/1000,YES,Low Risk,0,34,2,0,-48300,32001.05,4.499710443,1,0.233928702,13,15540,147,1,1450,1275.81,1000,1,15540,1,0,101010,0,69930,2
Police,Rear Collision,Y,Minor Damage,Multi-vehicle Collision,High School,exec-managerial,unmarried,MALE,YES,250/500,unknown,Low Risk,1,37,1,0,-51800,4791.05,7.998502153,1,0.378514129,16,5340,156,4,8011,1090.65,500,1,5340,1,0,53400,0,42720,2
Fire,Side Collision,N,Total Loss,Single Vehicle Collision,Associate,prof-specialty,wife,FEMALE,NO,250/500,unknown,Low Risk,0,31,1,0,-54600,10151.05,3.999667249,1,0.309764938,13,12020,123,1,3483,1326,500,1,12020,1,0,72120,0,48080,2
Police,Front Collision,N,Minor Damage,Multi-vehicle Collision,College,protective-serv,wife,MALE,YES,250/500,YES,Low Risk,0,43,2,0,-58100,16041.05,3.499773037,1,0.218555026,15,7710,231,3,3151,972.47,2000,1,15420,1,0,77100,0,53970,2
Police,unknown,N,Trivial Damage,Parked Car,College,handlers-cleaners,wife,FEMALE,unknown,100/300,unknown,Low Risk,0,39,2,0,0,-35228.95,2700,1,0.088505866,3,600,247,1,7750,806.31,500,0,0,1,0,3300,0,2700,3
unknown,unknown,N,Minor Damage,Parked Car,MD,adm-clerical,not-in-family,FEMALE,unknown,500/1000,YES,Low Risk,0,35,1,0,0,-33608.95,7.985212569,1,0.191594733,7,1080,194,1,1079,1416.24,500,0,540,1,0,5940,0,4320,0
Other,Rear Collision,N,Major Damage,Multi-vehicle Collision,High School,transport-moving,other-relative,MALE,unknown,250/500,NO,Medium Risk,0,27,1,27100,0,-2528.95,1.666588202,1,0.437211106,16,7080,119,2,6394,1097.64,2000,1,21240,1,0,63720,0,35400,0
Police,unknown,N,Trivial Damage,Vehicle Theft,Masters,farming-fishing,not-in-family,FEMALE,NO,100/300,NO,Low Risk,0,43,1,0,-39300,-32168.95,8.985959438,1,0.106898391,15,1280,259,1,2039,947.75,500,0,640,1,0,7680,0,5760,3
Police,Side Collision,N,Total Loss,Multi-vehicle Collision,Associate,handlers-cleaners,own-child,MALE,unknown,100/300,YES,Low Risk,0,31,1,20000,-82700,19751.05,2.666543387,1,0.397473190,21,14420,107,3,7368,1018.73,2000,1,21630,1,0,93730,5000000,57680,2
Police,Rear Collision,N,Major Damage,Multi-vehicle Collision,College,sales,other-relative,MALE,unknown,100/300,YES,Low Risk,0,44,0,34000,-55600,14451.05,2.999828189,1,0.356306107,23,17460,48,3,6561,1400.74,2000,1,17460,1,0,87300,0,52380,2
Police,unknown,N,Trivial Damage,Parked Car,JD,transport-moving,wife,MALE,NO,250/500,unknown,Low Risk,0,40,0,0,-35200,-34148.95,5.990491284,1,0.051213482,5,1260,267,1,1933,1155.53,500,0,630,1,0,5670,5000000,3780,2
Other,Rear Collision,N,Minor Damage,Multi-vehicle Collision,High School,priv-house-serv,husband,MALE,NO,250/500,YES,Low Risk,0,47,0,54100,-77600,8131.05,6.998936332,1,0.183433351,15,13160,286,3,4441,1386.93,500,0,6580,1,0,65800,0,46060,0
Other,Front Collision,Y,Major Damage,Single Vehicle Collision,JD,handlers-cleaners,wife,FEMALE,YES,100/300,unknown,Low Risk,1,34,2,82400,-57100,-9368.95,6.998284734,1,0.342244526,14,4080,175,1,7210,915.29,500,1,4080,1,0,36720,0,28560,1
Fire,Side Collision,Y,Major Damage,Single Vehicle Collision,PhD,farming-fishing,own-child,FEMALE,YES,250/500,unknown,High Risk,1,29,1,0,0,471.050000000,3.999583377,1,0.782761752,1,4800,111,1,1448,1239.55,500,1,9600,1,0,52800,2000000,38400,1
Fire,Rear Collision,Y,Total Loss,Multi-vehicle Collision,Associate,protective-serv,unmarried,FEMALE,YES,250/500,NO,Medium Risk,1,37,1,44000,0,9351.05,7.998646591,1,0.589170736,14,5910,151,3,850,1366.42,500,1,5910,1,0,59100,0,47280,2
Other,Rear Collision,N,Total Loss,Multi-vehicle Collision,Associate,machine-op-inspct,unmarried,MALE,YES,500/1000,unknown,Low Risk,0,37,1,0,-53800,18391.05,7.998863798,1,0.246122387,17,14080,156,3,8496,1086.48,1000,1,7040,1,0,77440,6000000,56320,1
Fire,Side Collision,N,Total Loss,Multi-vehicle Collision,Masters,armed-forces,husband,MALE,NO,250/500,NO,Low Risk,0,36,2,0,-39700,-1368.95,7.998249836,1,0.210982375,20,4570,165,3,1566,1247.87,2000,1,4570,1,0,45700,0,36560,2
Other,Rear Collision,Y,Major Damage,Multi-vehicle Collision,PhD,sales,other-relative,FEMALE,YES,100/300,NO,High Risk,1,41,2,81300,0,20791.05,3.999727539,1,0.736645190,10,7340,253,3,631,1312.75,2000,1,14680,1,0,80740,0,58720,2
Ambulance,Front Collision,Y,Major Damage,Multi-vehicle Collision,MD,sales,not-in-family,MALE,unknown,100/300,unknown,Medium Risk,1,26,0,0,-22200,-15128.95,3.999298369,1,0.650287061,3,2850,10,3,2441,765.64,2000,1,5700,1,0,31350,0,22800,3
Other,Side Collision,N,Total Loss,Single Vehicle Collision,Associate,handlers-cleaners,other-relative,FEMALE,unknown,100/300,unknown,Low Risk,0,33,0,0,-38600,-13428.95,3.499500071,1,0.123744474,0,3500,158,1,396,1327.41,2000,0,7000,1,0,35000,0,24500,0
Police,Side Collision,N,Total Loss,Multi-vehicle Collision,PhD,protective-serv,own-child,MALE,NO,500/1000,unknown,Low Risk,0,59,2,39000,0,9671.05,6.998970740,1,0.237172892,10,13600,436,3,1605,1338.55,1000,1,6800,1,0,68000,0,47600,2
Other,Side Collision,N,Minor Damage,Multi-vehicle Collision,Masters,machine-op-inspct,unmarried,FEMALE,unknown,250/500,YES,Low Risk,0,30,2,43900,0,20571.05,4.499653873,1,0.170627498,13,13000,91,3,1665,1316.63,2000,0,13000,1,0,84500,8000000,58500,0
Police,Rear Collision,N,Minor Damage,Single Vehicle Collision,MD,transport-moving,wife,FEMALE,unknown,500/1000,NO,Low Risk,0,42,2,0,-39500,14921.05,3.499768227,1,0.185722243,14,7550,256,1,8322,1286.44,1000,0,15100,1,0,75500,0,52850,1
Other,Side Collision,N,Total Loss,Multi-vehicle Collision,High School,exec-managerial,not-in-family,MALE,unknown,500/1000,NO,Low Risk,0,46,1,0,0,22471.05,3.999735117,1,0.149674575,22,15100,274,3,6553,1372.18,1000,0,15100,1,0,90600,0,60400,3
Ambulance,Side Collision,N,Total Loss,Multi-vehicle Collision,Associate,adm-clerical,wife,FEMALE,unknown,500/1000,YES,Low Risk,0,45,1,39400,-63900,10311.05,4.499580263,1,0.250325166,8,5360,275,3,8444,1447.77,2000,1,10720,1,0,64320,0,48240,1
Police,Rear Collision,N,Minor Damage,Multi-vehicle Collision,High School,transport-moving,not-in-family,FEMALE,unknown,250/500,unknown,Low Risk,0,33,1,0,0,-15738.95,6.997792494,1,0.145729657,1,6340,1,3,7062,903.32,500,0,3170,1,0,31700,0,22190,0
Other,Side Collision,Y,Major Damage,Single Vehicle Collision,Associate,protective-serv,other-relative,MALE,YES,500/1000,YES,High Risk,1,30,0,51600,-73900,11591.05,3.999676924,1,0.717612151,19,12380,85,1,7764,1454.42,1000,1,12380,1,0,74280,0,49520,1
Fire,Front Collision,N,Total Loss,Single Vehicle Collision,High School,sales,wife,FEMALE,YES,100/300,YES,Low Risk,0,37,0,61600,-30200,22461.05,8.998658918,1,0.325947737,17,13420,233,1,8496,1603.42,2000,1,6710,1,0,80520,0,60390,2
Other,Rear Collision,N,Major Damage,Multi-vehicle Collision,JD,adm-clerical,husband,MALE,YES,250/500,YES,Medium Risk,0,30,0,58500,-46800,6591.05,3.499724864,1,0.556546555,13,6360,142,3,4593,1616.58,2000,1,12720,1,0,63600,0,44520,3
Police,Front Collision,N,Total Loss,Single Vehicle Collision,High School,handlers-cleaners,husband,MALE,YES,250/500,unknown,Low Risk,0,44,1,0,0,-11688.95,7.997561719,1,0.099064448,4,3280,266,1,5505,1611.83,500,0,3280,1,0,32800,0,26240,2
Police,Rear Collision,N,Total Loss,Multi-vehicle Collision,Masters,priv-house-serv,other-relative,FEMALE,NO,500/1000,NO,Low Risk,0,50,0,0,0,-8468.95,5.998778253,1,0.147746898,14,9820,350,3,3527,889.13,500,0,4910,1,0,44190,0,29460,2
Other,Rear Collision,Y,Major Damage,Multi-vehicle Collision,College,exec-managerial,not-in-family,MALE,NO,250/500,YES,Medium Risk,1,26,2,0,0,-2648.95,6.998611387,1,0.544218411,4,10080,97,2,8497,1252.08,1000,1,5040,1,0,50400,0,35280,2
Police,Side Collision,N,Total Loss,Multi-vehicle Collision,JD,tech-support,not-in-family,MALE,YES,500/1000,YES,Low Risk,0,55,1,0,-65400,23951.05,6.999208234,1,0.236391196,23,17680,399,3,7969,995.56,2000,1,8840,1,0,88400,0,61880,1
Fire,Front Collision,N,Total Loss,Multi-vehicle Collision,High School,farming-fishing,own-child,FEMALE,unknown,100/300,YES,Low Risk,0,49,0,0,-42100,10471.05,7.998677904,1,0.207401873,21,12100,305,3,2004,1347.92,2000,1,6050,1,0,66550,0,48400,2
Police,Rear Collision,N,Minor Damage,Multi-vehicle Collision,PhD,craft-repair,own-child,MALE,unknown,100/300,YES,Low Risk,0,47,0,0,0,9911.05,3.999665580,1,0.128467575,23,5980,276,3,7878,1724.09,1000,0,11960,1,0,65780,0,47840,0
Other,Side Collision,Y,Major Damage,Multi-vehicle Collision,MD,armed-forces,husband,MALE,YES,250/500,unknown,High Risk,1,40,0,0,0,-248.950000000,7.998301847,1,0.782597591,6,9420,257,3,929,1379.93,500,1,4710,1,0,51810,0,37680,2
Other,Front Collision,Y,Major Damage,Single Vehicle Collision,PhD,protective-serv,own-child,MALE,NO,250/500,NO,High Risk,1,31,1,0,-27900,2551.05,3.999604782,1,0.750681280,21,5060,78,1,5853,1554.64,1000,1,10120,1,0,55660,4000000,40480,0
Fire,Side Collision,N,Major Damage,Single Vehicle Collision,Masters,machine-op-inspct,not-in-family,MALE,unknown,500/1000,unknown,Low Risk,0,28,2,0,0,-8168.95,5.998790566,1,0.242157737,23,9920,129,1,9129,1377.94,1000,1,4960,1,0,44640,0,29760,3
Ambulance,Front Collision,Y,Major Damage,Multi-vehicle Collision,PhD,transport-moving,husband,FEMALE,NO,500/1000,unknown,High Risk,1,46,1,53500,-73600,18551.05,3.999716734,1,0.779627338,3,7060,283,3,5245,1313.33,2000,1,14120,1,0,77660,0,56480,3
unknown,unknown,N,Trivial Damage,Parked Car,JD,tech-support,unmarried,FEMALE,unknown,250/500,NO,Low Risk,0,25,2,67000,-53600,-34168.95,3.995749203,1,0.037042547,8,940,85,1,2357,1259.02,500,0,940,1,0,5640,0,3760,2
unknown,unknown,N,Trivial Damage,Parked Car,MD,prof-specialty,husband,FEMALE,unknown,500/1000,unknown,Low Risk,0,26,2,0,0,-35898.95,3.493975904,1,0.117572073,4,580,101,1,8587,1371.88,1000,0,580,1,0,3190,0,2030,2
Fire,Side Collision,N,Total Loss,Single Vehicle Collision,College,prof-specialty,wife,MALE,YES,100/300,unknown,Low Risk,0,30,0,38900,-48700,8831.05,6.998952253,1,0.313769274,22,0,96,1,4900,1399.27,500,1,6680,1,0,53440,6000000,46760,0
Police,Rear Collision,N,Minor Damage,Single Vehicle Collision,JD,armed-forces,unmarried,FEMALE,YES,500/1000,NO,Low Risk,0,31,0,0,0,12821.05,6.999034616,1,0.264777903,16,7250,121,1,2884,1061.98,1000,1,7250,1,0,65250,6000000,50750,1
Fire,Side Collision,N,Minor Damage,Multi-vehicle Collision,College,armed-forces,unmarried,MALE,NO,250/500,NO,Low Risk,0,39,2,0,-56600,-3488.95,6.998577525,1,0.191663428,14,4920,176,3,1538,1365.46,500,0,4920,1,0,44280,4000000,34440,1
Police,Rear Collision,N,Total Loss,Single Vehicle Collision,Associate,tech-support,wife,MALE,NO,500/1000,YES,Low Risk,0,37,2,0,-53700,16741.05,6.999103828,1,0.284681122,13,7810,159,1,5976,894.4,1000,1,7810,1,0,70290,0,54670,0
Other,Front Collision,N,Minor Damage,Single Vehicle Collision,Associate,priv-house-serv,husband,FEMALE,YES,250/500,unknown,Low Risk,0,30,1,39600,-64300,31751.05,7.999081621,1,0.201221419,20,8710,120,1,4588,956.69,500,1,8710,1,0,87100,0,69680,1
Fire,Front Collision,N,Total Loss,Multi-vehicle Collision,MD,priv-house-serv,unmarried,MALE,unknown,500/1000,unknown,Low Risk,0,35,1,35400,-49200,3291.05,8.998035363,1,0.151013870,0,4580,212,3,9033,1123.89,2000,0,4580,1,0,50380,0,41220,3
Police,Side Collision,Y,Total Loss,Multi-vehicle Collision,JD,sales,wife,FEMALE,NO,100/300,YES,Medium Risk,1,45,2,0,-61000,7431.05,6.998919920,1,0.653029708,23,12960,290,3,6237,1085.03,500,1,6480,1,0,64800,0,45360,2
Other,Rear Collision,N,Minor Damage,Single Vehicle Collision,Associate,craft-repair,wife,FEMALE,NO,100/300,YES,Low Risk,0,42,1,25000,0,6871.05,3.499726584,1,0.229652857,13,12800,299,1,2410,1437.33,2000,1,12800,1,0,70400,0,44800,3
Police,Rear Collision,Y,Major Damage,Single Vehicle Collision,College,armed-forces,own-child,MALE,YES,250/500,unknown,High Risk,1,26,2,0,0,9411.05,4.499572284,1,0.740922590,8,0,66,1,5925,988.29,1000,1,10520,1,0,57860,0,47340,2
unknown,unknown,N,Minor Damage,Vehicle Theft,Masters,protective-serv,other-relative,MALE,NO,500/1000,unknown,Low Risk,0,47,0,0,0,-33608.95,4.495317378,1,0.074733270,3,960,334,1,5000,1238.89,500,0,960,1,0,6240,0,4320,3
Police,Rear Collision,Y,Total Loss,Single Vehicle Collision,Associate,tech-support,unmarried,FEMALE,NO,100/300,unknown,Medium Risk,1,38,2,0,0,921.050000000,3.499684713,1,0.602390512,16,16650,216,1,220,1384.64,1000,1,11100,1,0,66600,5000000,38850,3
Police,Side Collision,N,Minor Damage,Single Vehicle Collision,PhD,transport-moving,unmarried,MALE,YES,100/300,YES,Low Risk,0,28,0,75800,0,9351.05,3.999661619,1,0.131646818,19,11820,86,1,8586,1595.07,2000,0,11820,1,0,70920,0,47280,2
Ambulance,Rear Collision,N,Minor Damage,Single Vehicle Collision,Associate,machine-op-inspct,own-child,MALE,YES,250/500,YES,Low Risk,0,56,2,67400,-43800,-11608.95,3.999392190,1,0.113734247,0,6580,429,1,5891,1127.89,1000,0,6580,1,0,39480,6000000,26320,0
Other,Front Collision,N,Total Loss,Single Vehicle Collision,PhD,handlers-cleaners,husband,FEMALE,YES,500/1000,unknown,Low Risk,0,43,2,46400,-74300,9501.05,8.998292544,1,0.177090984,12,10540,257,1,5809,929.7,2000,0,5270,1,0,63240,6000000,47430,2
Other,Side Collision,N,Total Loss,Multi-vehicle Collision,JD,tech-support,not-in-family,MALE,unknown,100/300,YES,Low Risk,0,34,1,56700,0,11271.05,7.998699398,1,0.306149491,21,12300,15,3,6305,1829.63,1000,1,6150,1,0,67650,0,49200,0
Fire,Front Collision,Y,Major Damage,Single Vehicle Collision,MD,craft-repair,unmarried,FEMALE,NO,100/300,unknown,Medium Risk,1,39,1,68600,-22300,6591.05,2.999797857,1,0.471558732,0,14840,230,1,5559,904.7,1000,1,14840,1,0,74200,7000000,44520,3
Other,Side Collision,N,Minor Damage,Single Vehicle Collision,JD,tech-support,own-child,FEMALE,NO,500/1000,YES,Low Risk,0,43,1,47900,-73400,1011.05,2.999768893,1,0.268220081,22,12980,250,1,572,1243.84,1000,1,12980,1,0,64900,0,38940,3
Ambulance,Rear Collision,Y,Major Damage,Multi-vehicle Collision,Associate,machine-op-inspct,other-relative,FEMALE,NO,500/1000,unknown,Medium Risk,1,44,1,47200,0,-12798.95,6.998050682,1,0.563641613,20,7180,270,3,4231,1030.95,2000,1,3590,1,0,35900,0,25130,0
Fire,Rear Collision,N,Minor Damage,Single Vehicle Collision,High School,craft-repair,unmarried,FEMALE,unknown,100/300,NO,Low Risk,0,26,1,0,-41500,-1388.95,3.499664783,1,0.183483890,0,5220,65,1,3422,1285.03,500,0,10440,1,0,52200,3000000,36540,3
Police,Front Collision,N,Minor Damage,Single Vehicle Collision,Masters,adm-clerical,own-child,MALE,NO,100/300,unknown,Low Risk,0,57,0,67400,-83200,20571.05,4.499653873,1,0.153936427,20,6500,475,1,7287,1216.56,500,0,13000,1,0,78000,0,58500,2
Ambulance,Front Collision,N,Minor Damage,Multi-vehicle Collision,High School,adm-clerical,own-child,FEMALE,unknown,500/1000,YES,Low Risk,0,27,0,56400,-32800,15831.05,7.998809701,1,0.152468618,1,6720,77,3,5784,966.26,2000,0,6720,1,0,67200,0,53760,0
Fire,Rear Collision,N,Total Loss,Single Vehicle Collision,MD,prof-specialty,unmarried,FEMALE,unknown,100/300,NO,Low Risk,0,43,0,56700,-65600,8071.05,7.998608938,1,0.236888410,11,11500,256,1,55,1203.17,500,1,5750,1,0,63250,0,46000,0
Other,Side Collision,N,Major Damage,Multi-vehicle Collision,MD,craft-repair,not-in-family,FEMALE,YES,250/500,YES,Low Risk,0,37,1,65600,0,13641.05,8.998429593,1,0.380264003,14,11460,229,3,6451,1212.12,2000,1,5730,1,0,68760,0,51570,1
Police,Side Collision,N,Minor Damage,Multi-vehicle Collision,College,other-service,other-relative,MALE,unknown,250/500,YES,Low Risk,0,28,0,30400,0,5431.05,3.999631030,1,0.223731590,20,10840,110,3,543,1573.93,1000,1,10840,1,0,65040,0,43360,2
Ambulance,Side Collision,Y,Major Damage,Single Vehicle Collision,College,adm-clerical,wife,MALE,unknown,100/300,unknown,High Risk,1,33,1,0,-13200,10371.05,3.499746395,1,0.732831471,22,20700,177,1,4404,1609.67,1000,1,13800,1,0,82800,0,48300,3
Other,Side Collision,N,Total Loss,Single Vehicle Collision,PhD,priv-house-serv,unmarried,MALE,YES,500/1000,NO,Low Risk,0,44,1,0,0,11431.05,7.998703614,1,0.221091234,12,6170,292,1,6574,1097.57,500,1,6170,1,0,61700,0,49360,0
Ambulance,Rear Collision,Y,Major Damage,Multi-vehicle Collision,Associate,transport-moving,unmarried,FEMALE,YES,250/500,YES,High Risk,1,61,2,0,-42600,16741.05,6.999103828,1,0.715416888,3,15620,451,3,6075,1618.65,2000,1,7810,1,0,78100,2000000,54670,1
Ambulance,Rear Collision,Y,Major Damage,Multi-vehicle Collision,College,priv-house-serv,other-relative,FEMALE,unknown,100/300,YES,High Risk,1,24,2,47400,0,8871.05,4.999465869,1,0.742969157,15,9360,61,3,6913,922.67,500,1,9360,1,0,65520,0,46800,1
unknown,unknown,N,Trivial Damage,Parked Car,MD,prof-specialty,own-child,MALE,NO,100/300,YES,Low Risk,0,30,0,0,0,-34328.95,7.982261641,1,0.065478204,8,450,150,1,3755,1342.02,1000,0,450,1,0,4500,0,3600,2
Other,Side Collision,Y,Major Damage,Multi-vehicle Collision,Associate,sales,own-child,FEMALE,unknown,100/300,NO,Medium Risk,1,41,0,60700,-54300,-1328.95,5.999016555,1,0.543903623,13,0,283,3,805,1195.01,500,1,6100,1,0,42700,0,36600,2
Police,unknown,Y,Minor Damage,Parked Car,High School,adm-clerical,own-child,FEMALE,YES,500/1000,NO,Medium Risk,1,46,2,0,-55300,-33588.95,6.988727858,1,0.594317800,8,620,291,1,3209,994.74,1000,1,620,1,0,5580,0,4340,2
unknown,unknown,Y,Minor Damage,Parked Car,Masters,adm-clerical,wife,FEMALE,NO,100/300,unknown,Medium Risk,1,31,0,30700,0,-35408.95,3.495145631,1,0.675906784,7,360,162,1,3292,1050.24,1000,1,720,1,0,3600,0,2520,0
unknown,unknown,N,Trivial Damage,Vehicle Theft,Masters,exec-managerial,own-child,FEMALE,unknown,250/500,unknown,Low Risk,0,36,2,68500,0,-35688.95,7.971530249,1,0.099942436,9,280,154,1,4066,1313.51,2000,0,280,1,0,2800,7000000,2240,0
Ambulance,Front Collision,N,Minor Damage,Single Vehicle Collision,Associate,adm-clerical,own-child,FEMALE,YES,500/1000,NO,Low Risk,0,47,1,73000,-37900,4071.05,6.998833528,1,0.175497750,15,6000,289,1,5663,1102.29,2000,0,6000,1,0,54000,0,42000,0
Police,Side Collision,Y,Minor Damage,Single Vehicle Collision,JD,craft-repair,wife,FEMALE,unknown,250/500,unknown,Low Risk,1,19,0,0,-60700,-2328.95,3.999550612,1,0.311896951,5,4450,10,1,180,1185.78,1000,1,8900,1,0,48950,0,35600,2
Other,Rear Collision,N,Major Damage,Multi-vehicle Collision,PhD,exec-managerial,other-relative,MALE,unknown,500/1000,YES,Medium Risk,0,47,0,69400,0,8751.05,2.999807210,1,0.400321106,15,15560,309,4,1357,1527.95,500,1,15560,1,0,77800,0,46680,1
Other,Front Collision,N,Major Damage,Multi-vehicle Collision,High School,protective-serv,other-relative,MALE,NO,100/300,YES,Medium Risk,0,57,2,0,-22400,-2888.95,5.998972779,1,0.414146322,22,11680,396,3,8146,1366.39,1000,1,5840,1,0,52560,0,35040,1
Police,Side Collision,N,Total Loss,Multi-vehicle Collision,PhD,farming-fishing,own-child,FEMALE,YES,500/1000,unknown,Low Risk,0,41,1,0,0,-5848.95,3.999501309,1,0.173170131,16,4010,273,2,1809,1403.9,1000,0,8020,1,0,44110,0,32080,2
Other,Front Collision,N,Total Loss,Single Vehicle Collision,PhD,sales,husband,FEMALE,unknown,500/1000,NO,Low Risk,0,30,1,51500,0,16151.05,7.998816743,1,0.254127797,7,13520,129,1,2809,927.23,2000,1,6760,1,0,74360,0,54080,3
unknown,unknown,Y,Minor Damage,Parked Car,JD,armed-forces,wife,FEMALE,unknown,250/500,YES,Medium Risk,1,31,1,59000,0,-33168.95,6.989720999,1,0.686912559,2,680,140,1,6500,1554.86,2000,1,680,1,0,6120,6000000,4760,2
Police,Side Collision,N,Minor Damage,Multi-vehicle Collision,College,transport-moving,unmarried,MALE,YES,500/1000,unknown,Low Risk,0,53,0,45700,0,8781.05,4.499566516,1,0.187123005,17,5190,419,4,6216,736.07,2000,0,10380,1,0,62280,6000000,46710,0
Other,Front Collision,N,Total Loss,Multi-vehicle Collision,Masters,sales,other-relative,FEMALE,YES,250/500,unknown,Low Risk,0,44,1,0,-56800,-20918.95,3.499279984,1,0.079225953,12,4860,315,3,7948,974.16,1000,0,4860,1,0,26730,6000000,17010,0
Ambulance,Rear Collision,N,Major Damage,Single Vehicle Collision,Associate,craft-repair,own-child,FEMALE,NO,500/1000,unknown,Medium Risk,0,29,1,0,-85900,15031.05,7.998791723,1,0.484582250,9,6620,72,1,7468,973.8,500,1,6620,1,0,66200,0,52960,0
Fire,Side Collision,N,Total Loss,Single Vehicle Collision,JD,other-service,not-in-family,MALE,unknown,100/300,unknown,Low Risk,0,26,1,0,-79800,-6078.95,6.998461877,1,0.265025334,16,9100,32,1,106,1260.32,2000,1,4550,1,0,45500,6000000,31850,2
Ambulance,Side Collision,N,Minor Damage,Multi-vehicle Collision,JD,transport-moving,own-child,MALE,unknown,100/300,unknown,Low Risk,0,41,2,0,0,6271.05,9.997738068,1,0.163205546,19,4420,230,3,8457,1464.03,1000,0,4420,1,0,53040,0,44200,0
Other,Front Collision,Y,Major Damage,Multi-vehicle Collision,College,other-service,other-relative,MALE,NO,100/300,unknown,High Risk,1,32,1,0,-54100,-2368.95,6.998622318,1,0.750897062,14,10160,157,3,1899,617.11,2000,1,5080,1,0,50800,0,35560,2
Police,Side Collision,N,Total Loss,Multi-vehicle Collision,Associate,craft-repair,own-child,FEMALE,unknown,250/500,unknown,Low Risk,0,41,1,81800,0,-2568.95,7.998190455,1,0.167100024,18,4420,265,3,6315,1724.46,2000,0,4420,1,0,44200,6000000,35360,3
Police,Front Collision,N,Minor Damage,Single Vehicle Collision,PhD,exec-managerial,other-relative,FEMALE,unknown,500/1000,YES,Low Risk,0,34,1,64800,-24300,7831.05,7.998601643,1,0.266227774,23,11440,47,1,4025,1161.31,500,1,5720,1,0,62920,0,45760,3
Other,Rear Collision,Y,Minor Damage,Multi-vehicle Collision,PhD,exec-managerial,not-in-family,MALE,YES,250/500,unknown,High Risk,1,29,0,36100,-42300,921.050000000,6.998738966,1,0.704861397,15,5550,113,3,2561,1091.73,2000,1,5550,1,0,49950,0,38850,2
Ambulance,Rear Collision,Y,Minor Damage,Single Vehicle Collision,JD,armed-forces,unmarried,MALE,YES,250/500,YES,Medium Risk,1,46,0,0,0,5961.05,6.998883751,1,0.595314288,18,6270,289,1,3925,1209.07,2000,1,6270,1,0,56430,0,43890,1
Police,Front Collision,N,Minor Damage,Single Vehicle Collision,Masters,protective-serv,own-child,FEMALE,YES,250/500,NO,Low Risk,0,41,2,0,0,25841.05,3.499807914,1,0.189175667,16,18220,254,1,382,1241.04,2000,0,18220,1,0,100210,0,63770,2
Fire,Front Collision,N,Minor Damage,Multi-vehicle Collision,High School,prof-specialty,wife,MALE,YES,500/1000,NO,Low Risk,0,30,1,46400,0,291.050000000,6.998718183,1,0.147883478,12,5460,115,3,5275,1757.21,500,0,5460,1,0,49140,0,38220,0
Ambulance,Side Collision,N,Major Damage,Single Vehicle Collision,College,other-service,not-in-family,FEMALE,unknown,250/500,NO,Medium Risk,0,38,0,0,-62500,6631.05,7.998563992,1,0.551350028,16,16710,236,1,8167,802.24,1000,1,5570,1,0,66840,0,44560,1
Other,Front Collision,N,Total Loss,Single Vehicle Collision,Associate,machine-op-inspct,wife,MALE,unknown,500/1000,unknown,Low Risk,0,21,1,0,-45300,10651.05,6.998991500,1,0.178722792,21,6940,7,1,8487,1342.72,1000,0,6940,1,0,62460,0,48580,2
Other,Side Collision,N,Total Loss,Multi-vehicle Collision,JD,machine-op-inspct,wife,MALE,unknown,100/300,YES,Low Risk,0,36,0,0,0,2041.05,3.499693547,1,0.224065123,15,11420,208,3,7071,1209.41,2000,1,11420,1,0,62810,5000000,39970,1
Ambulance,Front Collision,N,Major Damage,Single Vehicle Collision,JD,priv-house-serv,own-child,FEMALE,unknown,500/1000,YES,Low Risk,0,33,1,36700,-73400,2691.05,5.999113868,1,0.389931372,21,6770,126,1,2625,1141.71,1000,1,6770,1,0,54160,2000000,40620,2
Ambulance,Rear Collision,N,Major Damage,Single Vehicle Collision,JD,exec-managerial,unmarried,FEMALE,NO,100/300,YES,Low Risk,0,35,0,0,-51000,-4048.95,6.998554018,1,0.263529758,1,9680,48,1,2450,1090.03,500,1,4840,1,0,48400,0,33880,2
Fire,Side Collision,N,Total Loss,Multi-vehicle Collision,PhD,exec-managerial,other-relative,MALE,NO,250/500,unknown,Low Risk,0,48,0,54900,-36700,2111.05,6.998776438,1,0.198497580,17,5720,297,3,2043,1464.73,1000,0,5720,1,0,51480,3000000,40040,0
Fire,Rear Collision,N,Total Loss,Multi-vehicle Collision,High School,prof-specialty,husband,FEMALE,NO,100/300,NO,Low Risk,0,36,2,0,-36600,-1738.95,3.499661541,1,0.183333505,5,5170,160,3,987,1118.58,1000,0,10340,1,0,51700,0,36190,1
Other,Front Collision,N,Total Loss,Multi-vehicle Collision,MD,exec-managerial,own-child,MALE,unknown,250/500,unknown,Low Risk,0,58,1,0,-42700,11211.05,8.998351950,1,0.270799778,15,10920,406,3,4109,1117.04,2000,1,5460,1,0,65520,0,49140,2
Other,Rear Collision,Y,Major Damage,Multi-vehicle Collision,High School,farming-fishing,own-child,MALE,NO,500/1000,NO,High Risk,1,31,2,40700,-41600,-4538.95,3.499633162,1,0.738726499,2,4770,157,4,8962,1257.83,500,1,9540,1,0,47700,7000000,33390,2
unknown,unknown,N,Minor Damage,Vehicle Theft,PhD,machine-op-inspct,not-in-family,FEMALE,NO,250/500,YES,Low Risk,0,31,2,61400,-57500,-33868.95,6.987951807,1,0.041348479,3,580,146,1,6330,1082.72,2000,0,580,1,0,5220,0,4060,0
Other,Side Collision,N,Major Damage,Single Vehicle Collision,High School,protective-serv,unmarried,MALE,unknown,100/300,NO,Medium Risk,0,57,1,55600,0,17061.05,4.499631781,1,0.401974368,19,6110,409,1,7101,1191.8,1000,1,12220,1,0,73320,6000000,54990,0
Fire,Front Collision,N,Minor Damage,Single Vehicle Collision,Masters,adm-clerical,wife,MALE,YES,100/300,YES,Low Risk,0,46,0,0,-28800,14501.05,6.999065545,1,0.208406096,17,14980,252,1,3442,1242.02,1000,1,7490,1,0,74900,0,52430,2
Police,unknown,N,Trivial Damage,Vehicle Theft,High School,prof-specialty,unmarried,FEMALE,YES,250/500,unknown,Low Risk,0,27,0,0,-47400,-35608.95,7.972508591,1,0.106787191,7,580,6,1,8231,1075.71,500,0,290,1,0,3190,0,2320,1
Ambulance,Rear Collision,N,Minor Damage,Single Vehicle Collision,MD,armed-forces,own-child,MALE,YES,100/300,NO,Low Risk,0,33,1,0,0,19761.05,8.998596163,1,0.192067912,21,12820,103,1,8034,969.88,1000,0,6410,1,0,76920,6000000,57690,0
Police,Front Collision,N,Total Loss,Multi-vehicle Collision,Masters,priv-house-serv,not-in-family,FEMALE,NO,250/500,YES,Low Risk,0,53,1,0,0,18791.05,3.999717932,1,0.220465998,10,7090,369,2,7205,1459.93,2000,1,14180,1,0,77990,0,56720,3
Fire,Front Collision,N,Total Loss,Single Vehicle Collision,MD,transport-moving,own-child,MALE,unknown,500/1000,YES,Low Risk,0,46,1,0,0,3381.05,4.499509857,1,0.201979309,11,9180,261,1,8176,1245.61,1000,1,9180,1,0,59670,0,41310,0
Ambulance,Rear Collision,Y,Major Damage,Multi-vehicle Collision,College,craft-repair,husband,FEMALE,NO,100/300,YES,Low Risk,1,33,2,69200,-36900,-5288.95,7.998039696,1,0.324838187,23,8160,159,3,2776,1462.76,2000,1,4080,1,0,44880,0,32640,0
Ambulance,Side Collision,N,Minor Damage,Single Vehicle Collision,Associate,sales,other-relative,MALE,NO,100/300,unknown,Low Risk,0,51,0,0,0,22311.05,3.999734413,1,0.251593399,14,7530,344,1,8315,1398.46,2000,1,15060,1,0,82830,0,60240,2
Other,Front Collision,Y,Minor Damage,Single Vehicle Collision,College,armed-forces,unmarried,FEMALE,NO,500/1000,NO,High Risk,1,60,1,48800,0,23511.05,3.999739600,1,0.713784293,10,7680,437,1,6235,1269.64,1000,1,15360,1,0,84480,0,61440,3
Fire,Side Collision,N,Total Loss,Multi-vehicle Collision,College,transport-moving,wife,FEMALE,NO,100/300,unknown,Low Risk,0,30,2,0,-66300,17931.05,6.999122917,1,0.154779894,6,15960,65,3,1986,1455.65,500,0,7980,1,0,79800,4000000,55860,3
Police,Rear Collision,N,Minor Damage,Multi-vehicle Collision,MD,adm-clerical,husband,MALE,YES,500/1000,unknown,Low Risk,0,41,0,29300,-64700,-4188.95,3.499636967,1,0.151762963,10,9640,280,3,7377,1140.31,2000,0,9640,1,0,53020,0,33740,3
Police,Side Collision,N,Total Loss,Multi-vehicle Collision,High School,machine-op-inspct,wife,FEMALE,NO,500/1000,unknown,Low Risk,0,45,0,54800,-64100,-20328.95,3.999091116,1,0.090204880,5,2200,269,3,6722,1330.46,500,0,4400,1,0,24200,0,17600,0
Fire,Rear Collision,N,Minor Damage,Single Vehicle Collision,Masters,exec-managerial,unmarried,MALE,YES,250/500,unknown,Low Risk,0,40,1,0,-45300,-10418.95,3.499554764,1,0.255530747,17,7860,275,1,8448,1190.6,2000,1,7860,1,0,43230,0,27510,3
unknown,unknown,N,Trivial Damage,Vehicle Theft,College,exec-managerial,unmarried,FEMALE,NO,250/500,NO,Low Risk,0,45,2,0,0,-35608.95,3.993115318,1,0.038029102,3,290,265,1,5927,972.5,500,0,580,1,0,3190,0,2320,3
unknown,unknown,N,Minor Damage,Parked Car,Associate,adm-clerical,not-in-family,FEMALE,NO,100/300,unknown,Low Risk,0,43,0,0,-50400,-34028.95,5.990783410,1,0.030112970,9,1300,283,1,6396,1161.91,2000,0,650,1,0,5850,0,3900,3
Police,unknown,N,Trivial Damage,Parked Car,High School,machine-op-inspct,not-in-family,FEMALE,YES,250/500,YES,Low Risk,0,29,2,0,-29900,-32968.95,3.996776793,1,0.061731254,6,620,84,1,4327,1117.17,1000,0,1240,1,0,6820,0,4960,0
Fire,Front Collision,N,Minor Damage,Multi-vehicle Collision,College,farming-fishing,not-in-family,FEMALE,NO,250/500,NO,Low Risk,0,44,2,64000,0,8391.05,3.999654607,1,0.198775627,22,11580,247,3,8408,1101.51,2000,0,11580,1,0,69480,0,46320,2
Fire,Front Collision,N,Major Damage,Multi-vehicle Collision,Masters,prof-specialty,own-child,MALE,YES,100/300,unknown,Medium Risk,0,29,1,0,0,32991.05,4.499714485,1,0.437868844,10,7880,56,3,3159,1523.17,1000,1,15760,1,0,94560,0,70920,2
unknown,unknown,N,Minor Damage,Vehicle Theft,Associate,armed-forces,unmarried,MALE,unknown,500/1000,YES,Low Risk,0,39,1,0,0,-31688.95,7.989756722,1,0.077745674,4,780,210,1,6404,984.45,1000,0,780,1,0,7800,0,6240,2
Other,Front Collision,N,Total Loss,Single Vehicle Collision,High School,machine-op-inspct,unmarried,FEMALE,NO,500/1000,NO,Low Risk,0,32,1,63900,-43700,6631.05,3.999640966,1,0.184311358,23,5570,108,1,3048,1257,2000,0,11140,1,0,61270,4000000,44560,3
Police,Rear Collision,N,Total Loss,Single Vehicle Collision,Masters,transport-moving,wife,FEMALE,YES,500/1000,unknown,Low Risk,0,49,0,0,0,15651.05,5.999328183,1,0.217882047,19,8930,328,1,4893,1434.51,500,1,8930,1,0,71440,0,53580,2
Ambulance,Rear Collision,N,Total Loss,Single Vehicle Collision,JD,priv-house-serv,unmarried,FEMALE,YES,250/500,YES,Low Risk,0,37,1,0,0,991.050000000,6.998741234,1,0.229296618,22,11120,186,1,2168,1628,2000,1,5560,1,0,55600,0,38920,2
Police,unknown,N,Trivial Damage,Vehicle Theft,High School,priv-house-serv,unmarried,MALE,NO,500/1000,NO,Low Risk,0,44,1,0,0,-34428.95,6.986027944,1,0.052591564,6,1000,277,1,4968,1412.31,500,0,500,1,0,5000,0,3500,3
Other,Side Collision,N,Minor Damage,Single Vehicle Collision,JD,exec-managerial,own-child,FEMALE,unknown,250/500,NO,Low Risk,0,33,2,56900,-56900,28401.05,4.499694729,1,0.199362410,6,14740,138,1,6611,1362.87,500,0,14740,1,0,95810,5000000,66330,0
Ambulance,Rear Collision,N,Major Damage,Single Vehicle Collision,College,tech-support,husband,FEMALE,unknown,100/300,NO,Medium Risk,0,41,2,0,0,10581.05,3.499747493,1,0.485041838,18,6930,208,1,210,1134.68,1000,1,13860,1,0,69300,0,48510,2
Ambulance,Front Collision,N,Total Loss,Single Vehicle Collision,MD,prof-specialty,other-relative,MALE,NO,250/500,unknown,Medium Risk,0,37,1,0,0,9391.05,2.333218283,1,0.436550146,22,13520,147,1,8139,1306.78,1000,1,20280,1,0,81120,0,47320,0
Other,Front Collision,N,Major Damage,Single Vehicle Collision,High School,handlers-cleaners,husband,MALE,unknown,500/1000,unknown,Low Risk,0,21,0,0,0,25251.05,4.499679510,1,0.310858686,21,14040,8,1,849,1021.9,500,1,14040,1,0,91260,0,63180,0
Fire,Side Collision,N,Minor Damage,Single Vehicle Collision,MD,other-service,wife,FEMALE,unknown,100/300,unknown,Low Risk,0,48,0,0,-54700,4491.05,3.499711245,1,0.148453949,12,6060,297,1,8005,1538.6,1000,0,12120,1,0,60600,0,42420,0
Ambulance,Front Collision,Y,Major Damage,Multi-vehicle Collision,Masters,machine-op-inspct,husband,MALE,YES,500/1000,unknown,High Risk,1,31,0,52800,0,7431.05,3.499729959,1,0.733959238,6,6480,150,3,7401,1354.5,1000,1,12960,1,0,64800,0,45360,3
Police,Side Collision,Y,Major Damage,Multi-vehicle Collision,College,exec-managerial,other-relative,FEMALE,unknown,500/1000,unknown,High Risk,1,34,0,0,0,10711.05,3.999671080,1,0.737396657,0,6080,4,4,4282,1282.93,500,1,12160,1,0,66880,0,48640,0
Ambulance,Front Collision,N,Total Loss,Single Vehicle Collision,Masters,farming-fishing,not-in-family,MALE,unknown,500/1000,NO,Low Risk,0,35,0,44900,-91400,8631.05,7.998625666,1,0.229690986,11,5820,210,1,8410,1346.27,1000,1,5820,1,0,58200,0,46560,2
Police,Side Collision,N,Minor Damage,Single Vehicle Collision,High School,priv-house-serv,own-child,FEMALE,NO,100/300,unknown,Low Risk,0,31,1,63600,0,9181.05,6.998960036,1,0.143812370,19,6730,91,1,5639,1338.4,1000,0,6730,1,0,60570,4000000,47110,0
Ambulance,Rear Collision,Y,Major Damage,Multi-vehicle Collision,Masters,exec-managerial,other-relative,FEMALE,NO,100/300,unknown,Medium Risk,1,36,0,0,-38400,14331.05,5.999311216,1,0.696566689,22,8710,167,3,7655,949.44,1000,1,8710,1,0,69680,0,52260,0
Fire,Front Collision,N,Total Loss,Single Vehicle Collision,Masters,transport-moving,own-child,MALE,NO,500/1000,YES,Low Risk,0,58,2,82200,0,1061.05,3.499685845,1,0.268788906,2,5570,467,1,4368,977.4,2000,1,11140,1,0,55700,0,38990,3
Ambulance,Front Collision,N,Total Loss,Multi-vehicle Collision,JD,transport-moving,other-relative,FEMALE,YES,250/500,YES,Low Risk,0,47,1,0,-67400,13101.05,8.998412978,1,0.226483680,16,5670,264,4,3629,1181.46,2000,1,5670,1,0,62370,10000000,51030,2
Other,Side Collision,N,Total Loss,Multi-vehicle Collision,PhD,priv-house-serv,not-in-family,FEMALE,YES,500/1000,unknown,Low Risk,0,45,0,83200,-53300,6531.05,44460,1,0.275786558,23,9880,270,3,4203,1187.53,500,1,0,1,0,54340,0,44460,0
Police,Front Collision,Y,Major Damage,Single Vehicle Collision,Masters,priv-house-serv,other-relative,FEMALE,NO,100/300,YES,High Risk,1,48,1,0,0,4981.05,6.998858261,1,0.714225246,21,6130,310,1,4612,845.16,1000,1,6130,1,0,55170,0,42910,0
Other,Front Collision,N,Minor Damage,Single Vehicle Collision,College,priv-house-serv,wife,MALE,YES,100/300,unknown,Low Risk,0,34,2,67900,0,3021.05,6.998803623,1,0.142487219,10,11700,143,1,335,1442.27,500,0,5850,1,0,58500,0,40950,3
Fire,Rear Collision,N,Major Damage,Single Vehicle Collision,Associate,priv-house-serv,own-child,MALE,unknown,100/300,unknown,Medium Risk,0,32,0,0,0,8691.05,6.998949107,1,0.448194369,12,6660,146,1,7735,1276.43,2000,1,6660,1,0,59940,0,46620,3
Police,Side Collision,N,Total Loss,Single Vehicle Collision,MD,machine-op-inspct,wife,MALE,NO,250/500,NO,Low Risk,0,28,1,55200,0,20791.05,7.998910230,1,0.164767151,6,7340,102,1,5649,1075.41,500,0,7340,1,0,73400,0,58720,0
Fire,Side Collision,N,Major Damage,Single Vehicle Collision,JD,exec-managerial,other-relative,MALE,unknown,100/300,unknown,Low Risk,0,23,1,54600,0,-5378.95,6.998494947,1,0.282274909,6,4650,61,1,2910,1111.72,500,1,4650,1,0,41850,0,32550,2
Police,unknown,Y,Trivial Damage,Parked Car,PhD,priv-house-serv,not-in-family,FEMALE,NO,500/1000,unknown,High Risk,1,44,2,68500,0,-33448.95,3.497267760,1,0.734811688,7,640,255,1,4051,814.96,2000,1,1280,1,0,6400,6000000,4480,2
Police,unknown,N,Trivial Damage,Vehicle Theft,PhD,other-service,own-child,FEMALE,NO,500/1000,NO,Low Risk,0,40,1,0,0,-35608.95,7.972508591,1,0.051222831,3,580,211,1,8663,1575.86,1000,0,290,1,0,3190,0,2320,1
unknown,unknown,N,Trivial Damage,Parked Car,JD,handlers-cleaners,unmarried,MALE,YES,250/500,YES,Low Risk,0,29,2,0,-66000,-33208.95,7.986463621,1,0.038100817,10,590,61,1,7233,1115.27,1000,0,590,1,0,5900,0,4720,1
Fire,Rear Collision,N,Total Loss,Single Vehicle Collision,Masters,protective-serv,not-in-family,MALE,NO,500/1000,NO,Low Risk,0,31,0,0,0,6661.05,6.998901271,1,0.321054845,14,6370,108,1,3359,1175.7,2000,1,6370,1,0,57330,0,44590,2
Other,Front Collision,N,Total Loss,Multi-vehicle Collision,MD,tech-support,own-child,MALE,NO,100/300,NO,Low Risk,0,50,0,54600,-45500,16711.05,3.999707196,1,0.209533106,17,13660,303,3,4768,793.15,500,1,13660,1,0,81960,0,54640,3
Fire,Side Collision,Y,Major Damage,Single Vehicle Collision,PhD,transport-moving,wife,FEMALE,unknown,250/500,YES,High Risk,1,33,0,0,0,6871.05,2.333211812,1,0.749866739,16,6400,152,1,5556,942.51,500,1,19200,1,0,70400,0,44800,0
unknown,unknown,N,Minor Damage,Parked Car,JD,protective-serv,not-in-family,FEMALE,unknown,500/1000,NO,Low Risk,0,34,2,77900,0,-35318.95,4.492254733,1,0.076632157,3,580,120,1,4833,1056.71,1000,0,580,1,0,3770,0,2610,1
unknown,unknown,N,Minor Damage,Parked Car,Associate,sales,other-relative,FEMALE,unknown,500/1000,NO,Low Risk,0,36,0,23600,-15600,-32748.95,3.497636732,1,0.076064654,7,740,144,1,7780,1255.68,2000,0,1480,1,0,7400,6000000,5180,0
Police,Rear Collision,Y,Total Loss,Single Vehicle Collision,High School,farming-fishing,unmarried,FEMALE,unknown,500/1000,YES,Medium Risk,1,52,1,44000,-71000,4701.05,6.998850763,1,0.608024613,13,6090,414,1,4346,1335.13,500,1,6090,1,0,54810,0,42630,1
Fire,Rear Collision,N,Total Loss,Single Vehicle Collision,JD,priv-house-serv,own-child,FEMALE,YES,250/500,YES,Low Risk,0,37,2,0,-67300,-3348.95,3.499645785,1,0.151621257,20,4940,163,1,3968,1178.95,500,0,9880,1,0,49400,6000000,34580,3
Fire,Front Collision,N,Minor Damage,Single Vehicle Collision,Associate,tech-support,wife,MALE,NO,250/500,YES,Low Risk,0,53,2,0,0,12071.05,7.998720205,1,0.263851118,23,12500,352,1,552,1793.16,500,1,6250,1,0,68750,0,50000,2
Ambulance,Front Collision,N,Total Loss,Single Vehicle Collision,PhD,adm-clerical,other-relative,FEMALE,unknown,100/300,NO,Low Risk,0,32,1,37900,0,5121.05,6.998861974,1,0.206938962,11,12300,27,1,158,1008.38,500,1,6150,1,0,61500,0,43050,0
Ambulance,Rear Collision,N,Major Damage,Multi-vehicle Collision,Masters,other-service,husband,FEMALE,NO,100/300,unknown,Low Risk,0,39,0,0,0,17991.05,3.999713897,1,0.373581899,0,6990,239,4,8964,1396.83,500,1,13980,1,0,76890,0,55920,3
Ambulance,Rear Collision,N,Minor Damage,Single Vehicle Collision,PhD,other-service,husband,FEMALE,unknown,100/300,YES,Low Risk,0,32,0,70300,-50300,-548.950000000,2.999759249,1,0.189665454,2,6230,33,1,2523,1402.78,500,0,12460,1,0,56070,5000000,37380,1
Fire,Side Collision,N,Total Loss,Single Vehicle Collision,College,transport-moving,husband,FEMALE,YES,100/300,NO,Low Risk,0,30,2,42800,-51200,4071.05,42000,1,0.177296277,3,14000,88,1,8239,1437.88,1000,0,0,1,0,56000,0,42000,0
unknown,unknown,N,Trivial Damage,Parked Car,College,priv-house-serv,unmarried,FEMALE,NO,500/1000,YES,Low Risk,0,33,1,12100,0,-34808.95,7.979539642,1,0.024610907,3,780,101,1,8561,1313.64,1000,0,390,1,0,4290,0,3120,0
Other,Rear Collision,N,Total Loss,Multi-vehicle Collision,Associate,transport-moving,husband,FEMALE,NO,250/500,unknown,Low Risk,0,37,2,33000,-43600,9321.05,6.998963117,1,0.274104181,15,6750,20,3,1269,1482.14,500,1,6750,1,0,60750,0,47250,1
Other,Side Collision,N,Minor Damage,Single Vehicle Collision,Associate,machine-op-inspct,not-in-family,FEMALE,NO,250/500,unknown,Low Risk,0,30,2,46500,-42700,1941.05,8.997968856,1,0.271340975,23,4430,126,1,847,1171.75,2000,1,4430,1,0,48730,0,39870,3
Police,Front Collision,N,Minor Damage,Multi-vehicle Collision,Associate,adm-clerical,not-in-family,MALE,NO,500/1000,YES,Low Risk,0,43,2,0,-8500,22621.05,3.499797700,1,0.200406844,9,17300,264,3,390,1353.33,2000,1,17300,1,0,95150,0,60550,0
Police,unknown,N,Minor Damage,Vehicle Theft,Masters,craft-repair,husband,MALE,YES,100/300,unknown,Low Risk,0,24,0,0,0,-31808.95,8.986784141,1,0.040784896,20,680,78,1,8325,1175.51,500,0,680,1,0,7480,0,6120,1
Ambulance,Side Collision,Y,Major Damage,Single Vehicle Collision,Masters,transport-moving,own-child,MALE,YES,100/300,unknown,Medium Risk,1,28,2,38000,-41200,21921.05,8.998646820,1,0.694213807,5,13300,123,1,759,1836.02,2000,1,6650,1,0,79800,0,59850,1
Other,Side Collision,N,Total Loss,Single Vehicle Collision,MD,priv-house-serv,unmarried,FEMALE,unknown,500/1000,YES,Medium Risk,0,51,0,0,-12100,39741.05,4.499739297,1,0.453994621,15,8630,347,1,6655,1480.79,500,1,17260,1,0,103560,9000000,77670,2
Ambulance,Side Collision,N,Minor Damage,Single Vehicle Collision,PhD,other-service,other-relative,FEMALE,unknown,500/1000,YES,Low Risk,0,38,2,51700,0,17721.05,6.999119608,1,0.222708352,13,15900,163,1,6351,1453.92,2000,1,7950,1,0,79500,0,55650,3
Other,Rear Collision,Y,Minor Damage,Single Vehicle Collision,High School,tech-support,other-relative,FEMALE,NO,250/500,NO,Medium Risk,1,44,2,0,0,17511.05,3.999711421,1,0.563783904,16,6930,271,1,2524,1340.71,500,1,13860,1,0,76230,0,55440,2
Ambulance,Side Collision,N,Minor Damage,Single Vehicle Collision,MD,protective-serv,own-child,MALE,NO,100/300,YES,Low Risk,0,54,0,0,-17000,1751.05,3.999596815,1,0.254492255,0,9920,410,1,1632,714.03,2000,1,9920,1,0,59520,0,39680,2
Police,Front Collision,Y,Major Damage,Multi-vehicle Collision,PhD,tech-support,own-child,FEMALE,unknown,100/300,NO,High Risk,1,57,2,38600,-50300,-2108.95,5.998995143,1,0.717988470,10,5970,448,3,3597,1376.16,2000,1,5970,1,0,47760,0,35820,1
Police,Side Collision,N,Total Loss,Multi-vehicle Collision,JD,prof-specialty,wife,MALE,NO,100/300,NO,Low Risk,0,41,2,37900,-72900,23591.05,7.998959823,1,0.191368926,14,15380,218,3,393,914.22,500,0,7690,1,0,84590,0,61520,0
Other,Front Collision,N,Total Loss,Multi-vehicle Collision,PhD,handlers-cleaners,other-relative,MALE,unknown,500/1000,YES,Low Risk,0,38,2,64400,0,10021.05,6.998978251,1,0.178098107,1,6850,43,3,341,1601.47,1000,0,6850,1,0,61650,0,47950,2
Police,Rear Collision,N,Major Damage,Single Vehicle Collision,Associate,handlers-cleaners,unmarried,FEMALE,unknown,500/1000,unknown,Low Risk,0,33,2,45500,-60600,27191.05,7.999017320,1,0.360399695,16,8140,33,1,6365,1096.79,1000,1,8140,1,0,81400,6000000,65120,1
Fire,Side Collision,N,Major Damage,Multi-vehicle Collision,Masters,transport-moving,wife,FEMALE,YES,100/300,NO,Medium Risk,0,34,0,54500,0,4551.05,7.998493692,1,0.519899389,2,10620,126,3,2658,1078.22,2000,1,5310,1,0,58410,0,42480,1
Ambulance,Side Collision,N,Major Damage,Multi-vehicle Collision,College,protective-serv,other-relative,FEMALE,unknown,250/500,unknown,Low Risk,0,56,0,0,0,-6338.95,8.997436628,1,0.221599899,23,3510,411,3,8195,1595.28,1000,1,3510,1,0,38610,0,31590,0
Fire,Front Collision,N,Minor Damage,Multi-vehicle Collision,High School,farming-fishing,not-in-family,FEMALE,NO,100/300,unknown,Low Risk,0,37,2,49600,0,471.050000000,3.999583377,1,0.282094944,19,9600,225,3,5181,1217.84,1000,1,9600,1,0,57600,5000000,38400,2
Fire,Side Collision,N,Minor Damage,Multi-vehicle Collision,PhD,protective-serv,not-in-family,FEMALE,NO,100/300,NO,Low Risk,0,35,2,0,-51900,-2468.95,2.999746214,1,0.161086091,23,5910,35,3,4540,1117.42,2000,0,11820,1,0,53190,0,35460,2
Other,Front Collision,Y,Major Damage,Single Vehicle Collision,JD,craft-repair,husband,FEMALE,NO,100/300,unknown,High Risk,1,57,2,62500,0,2881.05,3.499699854,1,0.705515178,10,5830,460,1,6309,1567.37,2000,1,11660,1,0,58300,0,40810,3
Ambulance,Front Collision,N,Minor Damage,Multi-vehicle Collision,MD,tech-support,unmarried,MALE,NO,500/1000,YES,Low Risk,0,38,1,38000,-50300,19511.05,57440,1,0.281915639,12,7180,195,3,7942,1294.93,2000,1,0,1,0,64620,6000000,57440,2
Ambulance,Side Collision,N,Total Loss,Multi-vehicle Collision,PhD,armed-forces,not-in-family,MALE,YES,250/500,NO,Low Risk,0,51,2,0,-62400,22391.05,3.999734766,1,0.149568284,15,15080,360,3,6783,1152.12,1000,0,15080,1,0,90480,0,60320,0
unknown,unknown,N,Trivial Damage,Vehicle Theft,PhD,farming-fishing,wife,FEMALE,NO,100/300,NO,Low Risk,0,49,1,0,0,-33208.95,3.996613040,1,0.070738588,3,1180,300,1,6958,1441.21,1000,0,1180,1,0,7080,0,4720,0
Police,unknown,Y,Minor Damage,Parked Car,JD,exec-managerial,other-relative,MALE,unknown,500/1000,unknown,Medium Risk,1,42,2,0,-68900,-33208.95,3.996613040,1,0.695735621,19,590,245,1,4602,1575.74,1000,1,1180,1,0,6490,7000000,4720,2
Police,Side Collision,N,Total Loss,Multi-vehicle Collision,Masters,other-service,other-relative,FEMALE,NO,500/1000,NO,Low Risk,0,36,1,34500,-60600,6791.05,7.998569129,1,0.169346370,16,5590,146,3,664,1233.96,2000,0,5590,1,0,55900,0,44720,1
Other,Rear Collision,Y,Major Damage,Single Vehicle Collision,High School,adm-clerical,husband,MALE,YES,250/500,NO,Medium Risk,1,29,0,60400,-67800,13111.05,7.998746278,1,0.674939890,16,6380,67,1,7003,1861.43,1000,1,6380,1,0,63800,0,51040,3
Police,Side Collision,Y,Total Loss,Single Vehicle Collision,MD,farming-fishing,other-relative,MALE,YES,100/300,unknown,Medium Risk,1,56,0,66000,0,5691.05,5.999174804,1,0.613285445,10,7270,380,1,3714,1570.86,1000,1,7270,1,0,58160,0,43620,1
Police,unknown,Y,Minor Damage,Vehicle Theft,Masters,armed-forces,unmarried,MALE,NO,500/1000,NO,High Risk,1,53,1,0,0,-33518.95,3.497224425,1,0.743188398,6,630,389,1,6130,791.47,2000,1,1260,1,0,6300,0,4410,2
Fire,Front Collision,Y,Major Damage,Single Vehicle Collision,MD,sales,other-relative,MALE,NO,250/500,NO,High Risk,1,46,2,43700,0,28641.05,3.499815993,1,0.761851861,18,19020,317,1,5667,1012.78,1000,1,19020,1,0,104610,0,66570,1
Fire,Rear Collision,N,Major Damage,Multi-vehicle Collision,College,exec-managerial,wife,MALE,NO,100/300,NO,Medium Risk,0,44,0,0,0,12871.05,7.998740356,1,0.526152564,20,12700,264,3,1811,1047.06,500,1,6350,1,0,69850,6000000,50800,2
Fire,Rear Collision,N,Minor Damage,Single Vehicle Collision,Masters,priv-house-serv,other-relative,FEMALE,unknown,250/500,NO,Low Risk,0,21,0,0,-41200,6101.05,6.998887299,1,0.207045732,14,12580,20,1,3636,1390.29,1000,1,6290,1,0,62900,0,44030,0
Other,Front Collision,Y,Major Damage,Multi-vehicle Collision,JD,handlers-cleaners,not-in-family,MALE,unknown,500/1000,NO,High Risk,1,30,0,0,-35500,8481.05,6.998944352,1,0.739265187,8,6630,116,3,4811,951.46,500,1,6630,1,0,59670,0,46410,3
Other,Rear Collision,N,Minor Damage,Multi-vehicle Collision,JD,armed-forces,unmarried,MALE,unknown,100/300,YES,Low Risk,0,40,2,49600,-49200,19121.05,6.999141210,1,0.188142185,17,16300,222,2,759,1226.78,1000,0,8150,1,0,81500,0,57050,0
Ambulance,Rear Collision,N,Minor Damage,Single Vehicle Collision,High School,armed-forces,own-child,MALE,unknown,100/300,NO,Low Risk,0,56,2,48900,-40900,-7928.95,5.998800240,1,0.139489798,9,15000,439,1,6473,1280.9,500,0,5000,1,0,50000,0,30000,0
Other,Front Collision,N,Total Loss,Single Vehicle Collision,Associate,adm-clerical,husband,MALE,unknown,100/300,unknown,Low Risk,0,28,2,0,-31700,-7198.95,3.499601412,1,0.172825630,0,8780,66,1,7692,1472.77,2000,0,8780,1,0,48290,0,30730,1
Fire,Rear Collision,N,Total Loss,Single Vehicle Collision,High School,other-service,husband,MALE,unknown,500/1000,NO,Low Risk,0,29,0,0,-76000,10401.05,8.998324334,1,0.208743105,2,5370,128,1,1569,1878.44,1000,1,5370,1,0,59070,0,48330,0
Police,Rear Collision,N,Minor Damage,Multi-vehicle Collision,High School,armed-forces,other-relative,FEMALE,NO,500/1000,unknown,Low Risk,0,24,0,0,0,6381.05,6.998894329,1,0.143780960,23,12660,69,3,8265,1418.5,500,0,6330,1,0,63300,0,44310,0
Other,Side Collision,N,Total Loss,Single Vehicle Collision,College,prof-specialty,own-child,MALE,YES,100/300,NO,Low Risk,0,46,0,0,0,3931.05,3.499707382,1,0.204883529,8,11960,294,1,1727,1532.8,500,1,11960,1,0,65780,0,41860,3
Ambulance,Front Collision,Y,Total Loss,Multi-vehicle Collision,JD,transport-moving,not-in-family,MALE,unknown,250/500,NO,Medium Risk,1,29,0,0,0,14271.05,4.499612102,1,0.625692145,6,11600,19,3,4502,1304.35,500,1,11600,1,0,75400,0,52200,2
unknown,unknown,N,Minor Damage,Vehicle Theft,High School,armed-forces,unmarried,MALE,NO,500/1000,YES,Low Risk,0,33,1,45000,-30400,-36178.95,6.972111554,1,0.081668931,3,250,191,1,2553,1551.61,2000,0,250,1,0,2250,0,1750,1
Ambulance,Front Collision,N,Minor Damage,Multi-vehicle Collision,High School,machine-op-inspct,unmarried,FEMALE,unknown,100/300,YES,Low Risk,0,39,1,64200,0,2661.05,4.499501164,1,0.157546141,14,4510,4,3,6704,1326.98,1000,0,9020,1,0,54120,6000000,40590,3
Other,Side Collision,N,Major Damage,Multi-vehicle Collision,MD,machine-op-inspct,wife,MALE,NO,250/500,NO,Medium Risk,0,49,0,0,-71700,8391.05,3.999654607,1,0.468341127,16,11580,298,3,6151,862.92,500,1,11580,1,0,69480,0,46320,2
Police,Rear Collision,N,Minor Damage,Single Vehicle Collision,Masters,adm-clerical,not-in-family,FEMALE,NO,100/300,unknown,Low Risk,0,43,1,0,0,8421.05,4.499563149,1,0.255395611,12,10300,231,1,1763,1331.69,2000,1,10300,1,0,66950,0,46350,2
Other,Rear Collision,Y,Major Damage,Multi-vehicle Collision,Associate,armed-forces,own-child,FEMALE,unknown,250/500,NO,Medium Risk,1,47,2,0,-56200,6941.05,6.998908127,1,0.559463416,1,12820,338,3,2546,1486.04,2000,1,6410,1,0,64100,0,44870,3
Other,Rear Collision,N,Minor Damage,Single Vehicle Collision,PhD,prof-specialty,unmarried,MALE,unknown,100/300,unknown,Low Risk,0,46,0,0,-49400,15591.05,3.999701069,1,0.152431103,19,13380,261,1,5252,870.55,1000,0,13380,1,0,80280,0,53520,3
Police,unknown,N,Trivial Damage,Vehicle Theft,Associate,machine-op-inspct,husband,MALE,NO,500/1000,unknown,Low Risk,0,44,1,0,-39100,-33768.95,4160,1,0.094111224,7,520,321,1,2486,1344.56,2000,0,0,1,0,4680,6000000,4160,2
Ambulance,Rear Collision,N,Minor Damage,Multi-vehicle Collision,College,tech-support,wife,MALE,NO,500/1000,unknown,Low Risk,0,32,1,61400,-41100,-11448.95,3.999395862,1,0.108829533,6,6620,0,4,1429,1377.04,1000,0,6620,1,0,39720,0,26480,1
Police,Front Collision,Y,Major Damage,Single Vehicle Collision,MD,exec-managerial,not-in-family,MALE,unknown,250/500,unknown,Medium Risk,1,58,0,0,-46900,14091.05,8.998443176,1,0.505893394,11,5780,405,1,994,1237.88,500,1,5780,1,0,63580,0,52020,0
Other,Side Collision,N,Minor Damage,Single Vehicle Collision,PhD,craft-repair,own-child,FEMALE,YES,100/300,YES,Low Risk,0,49,1,0,0,15431.05,7.998800779,1,0.303313252,2,13340,304,1,4866,1525.86,1000,1,6670,1,0,73370,0,53360,1
Police,Side Collision,N,Minor Damage,Single Vehicle Collision,JD,craft-repair,other-relative,FEMALE,YES,500/1000,unknown,Low Risk,0,29,2,52200,0,17301.05,2.333234760,1,0.188585483,15,7890,1,1,3144,854.58,500,0,23670,1,0,86790,0,55230,3
Police,Side Collision,N,Major Damage,Single Vehicle Collision,Masters,tech-support,husband,MALE,unknown,250/500,NO,Low Risk,0,39,0,0,-53700,-3068.95,6.998594660,1,0.296782395,0,9960,26,1,8420,770.76,1000,1,4980,1,0,49800,0,34860,2
Other,Side Collision,N,Major Damage,Single Vehicle Collision,Associate,armed-forces,husband,FEMALE,NO,100/300,YES,Medium Risk,0,38,1,0,-37500,18391.05,3.999715929,1,0.453523395,12,7040,202,1,2202,1132.74,2000,1,14080,1,0,77440,0,56320,1
Other,Front Collision,N,Total Loss,Single Vehicle Collision,PhD,handlers-cleaners,own-child,FEMALE,unknown,500/1000,unknown,Low Risk,0,48,1,0,-42700,-3608.95,34320,1,0.101383117,1,8580,289,1,7073,1173.37,500,0,0,1,0,42900,8000000,34320,0
Fire,Rear Collision,Y,Major Damage,Multi-vehicle Collision,JD,farming-fishing,wife,FEMALE,NO,100/300,YES,High Risk,1,26,1,0,-53800,-2048.95,5.998996823,1,0.748388848,16,11960,61,2,1294,1188.28,2000,1,5980,1,0,53820,6000000,35880,0
Police,Rear Collision,N,Minor Damage,Single Vehicle Collision,MD,sales,other-relative,MALE,NO,100/300,NO,Low Risk,0,46,2,0,0,291.050000000,5.999058233,1,0.214424917,2,12740,334,1,728,876.88,1000,1,6370,1,0,57330,6000000,38220,1
Police,Rear Collision,N,Minor Damage,Multi-vehicle Collision,PhD,tech-support,other-relative,FEMALE,unknown,500/1000,NO,Low Risk,0,24,2,51400,0,3581.05,6.998819761,1,0.267113942,13,5930,12,3,7383,1143.95,1000,1,5930,1,0,53370,0,41510,1
Police,Front Collision,N,Minor Damage,Single Vehicle Collision,High School,prof-specialty,husband,MALE,YES,100/300,NO,Low Risk,0,29,2,74200,-68100,791.050000000,2.666483025,1,0.091339762,0,9680,86,1,153,1409.06,2000,0,14520,1,0,62920,0,38720,2
Fire,Front Collision,N,Total Loss,Multi-vehicle Collision,High School,machine-op-inspct,unmarried,FEMALE,NO,500/1000,unknown,Low Risk,0,24,0,0,0,5191.05,3.499715932,1,0.242453658,0,6160,83,3,3337,1070.63,1000,1,12320,1,0,61600,0,43120,1
Police,Rear Collision,N,Total Loss,Multi-vehicle Collision,College,sales,unmarried,MALE,NO,500/1000,YES,Low Risk,0,30,2,55300,-58400,17691.05,4.499635952,1,0.233307400,16,6180,126,3,5963,916.13,2000,1,12360,1,0,74160,0,55620,0
Police,Rear Collision,N,Total Loss,Single Vehicle Collision,High School,priv-house-serv,husband,MALE,unknown,250/500,NO,Low Risk,0,38,2,38600,-52900,24371.05,6.999213572,1,0.185285113,8,8900,209,1,1829,1191.5,500,0,8900,1,0,80100,0,62300,0
Police,unknown,N,Trivial Damage,Parked Car,JD,sales,husband,FEMALE,NO,500/1000,unknown,Low Risk,0,48,2,0,-46200,-33008.95,5.992691839,1,0.063523292,9,820,283,1,4427,1474.66,1000,0,820,1,0,6560,0,4920,3
Ambulance,Rear Collision,N,Total Loss,Single Vehicle Collision,JD,other-service,not-in-family,MALE,YES,250/500,unknown,Low Risk,0,34,2,0,0,3231.05,6.998809726,1,0.306466613,11,11760,194,1,3897,1193.45,1000,1,5880,1,0,58800,0,41160,1
Ambulance,Side Collision,Y,Minor Damage,Multi-vehicle Collision,College,transport-moving,not-in-family,FEMALE,NO,250/500,unknown,Medium Risk,1,38,0,0,0,-2108.95,5.998995143,1,0.594967763,6,11940,184,3,7448,1437.53,1000,1,5970,1,0,53730,0,35820,2
Ambulance,Rear Collision,N,Total Loss,Single Vehicle Collision,College,other-service,husband,FEMALE,NO,100/300,NO,Low Risk,0,60,0,0,0,7521.05,4.499554500,1,0.334100188,18,5050,479,1,6395,1304.83,2000,1,10100,1,0,60600,0,45450,0
Other,Side Collision,N,Total Loss,Single Vehicle Collision,JD,tech-support,other-relative,FEMALE,YES,250/500,unknown,Low Risk,0,48,0,0,-42400,-11928.95,7.997539219,1,0.071160692,11,6500,284,1,8765,1168.8,1000,0,3250,1,0,35750,0,26000,3
Ambulance,Front Collision,N,Total Loss,Single Vehicle Collision,College,adm-clerical,wife,FEMALE,YES,100/300,unknown,Low Risk,0,27,1,43000,-42500,-5798.95,4.499369836,1,0.230536058,17,3570,65,1,4858,1164.97,1000,1,7140,1,0,42840,0,32130,2
Fire,Front Collision,Y,Major Damage,Multi-vehicle Collision,High School,armed-forces,own-child,MALE,NO,250/500,unknown,Medium Risk,1,39,1,87800,-51200,20711.05,3.999727167,1,0.670640120,21,14660,222,3,1126,1232.72,1000,1,14660,1,0,87960,0,58640,0
Ambulance,Rear Collision,N,Minor Damage,Multi-vehicle Collision,JD,protective-serv,other-relative,MALE,NO,250/500,NO,Low Risk,0,41,1,0,-78600,311.050000000,7.998326710,1,0.187656898,0,4780,196,3,4941,1800.76,2000,0,4780,1,0,47800,0,38240,0
Police,unknown,N,Trivial Damage,Vehicle Theft,Associate,tech-support,unmarried,FEMALE,unknown,500/1000,NO,Low Risk,0,43,0,46300,-33000,-35368.95,3.993759750,1,0.035320945,9,640,253,1,8580,1187.01,500,0,640,1,0,3840,7000000,2560,1
Fire,Front Collision,N,Total Loss,Single Vehicle Collision,JD,transport-moving,own-child,MALE,unknown,100/300,NO,Low Risk,0,43,0,0,-51600,18071.05,7.998857306,1,0.220443144,1,14000,280,1,938,1559.34,1000,1,7000,1,0,77000,0,56000,2
Ambulance,Rear Collision,N,Total Loss,Single Vehicle Collision,PhD,farming-fishing,not-in-family,FEMALE,unknown,250/500,YES,Low Risk,0,26,1,31500,0,18141.05,3.499781537,1,0.203018304,22,16020,5,1,182,1137.02,2000,1,16020,1,0,88110,0,56070,3
Fire,Rear Collision,N,Minor Damage,Multi-vehicle Collision,College,farming-fishing,other-relative,MALE,YES,100/300,NO,Low Risk,0,42,0,33500,-49500,1131.05,8.997926745,1,0.246498382,20,4340,220,4,7494,1281.72,1000,1,4340,1,0,47740,0,39060,2
Fire,Rear Collision,N,Total Loss,Multi-vehicle Collision,MD,craft-repair,own-child,FEMALE,YES,100/300,YES,Low Risk,0,30,2,72400,-77000,4951.05,3.999626900,1,0.309475252,9,5360,85,3,4821,796.35,1000,1,10720,1,0,58960,0,42880,1
Police,unknown,N,Minor Damage,Parked Car,Associate,tech-support,own-child,FEMALE,unknown,250/500,NO,Low Risk,0,46,1,0,-45800,-36488.95,5.975103734,1,0.061959785,5,480,266,1,9066,1270.02,500,0,240,1,0,2160,0,1440,2
Police,unknown,N,Trivial Damage,Vehicle Theft,JD,prof-specialty,own-child,FEMALE,unknown,100/300,YES,Low Risk,0,26,1,46700,0,-32628.95,4.995287465,1,0.083174389,12,530,41,1,3259,1383.13,1000,0,1060,1,0,6890,0,5300,1
Ambulance,Side Collision,N,Major Damage,Multi-vehicle Collision,High School,prof-specialty,husband,FEMALE,YES,100/300,NO,Low Risk,0,45,2,58300,0,19431.05,3.999721079,1,0.380076329,6,7170,316,3,416,1290.74,2000,1,14340,1,0,78870,5000000,57360,0
Police,unknown,N,Trivial Damage,Vehicle Theft,Masters,sales,other-relative,FEMALE,NO,100/300,NO,Low Risk,0,47,1,55100,0,-35828.95,6.976744186,1,0.042765478,8,300,285,1,8499,1216.68,1000,0,300,1,0,2700,0,2100,1
Ambulance,Front Collision,N,Total Loss,Single Vehicle Collision,Associate,machine-op-inspct,not-in-family,FEMALE,NO,100/300,unknown,Low Risk,0,54,0,41400,0,25371.05,9.998420471,1,0.355115043,14,6330,379,1,4798,1251.16,500,1,6330,1,0,75960,0,63300,1
Police,Front Collision,Y,Major Damage,Single Vehicle Collision,High School,sales,other-relative,FEMALE,unknown,250/500,YES,High Risk,1,34,1,33500,-58900,17031.05,3.999708900,1,0.706901835,10,6870,15,1,3575,1586.41,2000,1,13740,1,0,75570,0,54960,3
Police,Front Collision,N,Minor Damage,Single Vehicle Collision,Masters,sales,unmarried,FEMALE,YES,500/1000,unknown,Low Risk,0,48,2,0,0,22231.05,3.999734060,1,0.208664802,12,15040,354,1,4288,1526.11,2000,1,15040,1,0,90240,5000000,60160,3
Ambulance,Front Collision,N,Major Damage,Single Vehicle Collision,College,prof-specialty,not-in-family,FEMALE,NO,100/300,unknown,Medium Risk,0,53,0,0,0,20951.05,7.998913191,1,0.430318687,12,14720,342,1,3360,1028.44,1000,1,7360,1,0,80960,0,58880,0
Other,Front Collision,N,Total Loss,Multi-vehicle Collision,PhD,craft-repair,own-child,MALE,YES,100/300,NO,Low Risk,0,38,1,23300,0,21381.05,4.499658599,1,0.183258921,12,6590,169,3,3670,1555.94,1000,0,13180,1,0,79080,0,59310,3
unknown,unknown,N,Minor Damage,Vehicle Theft,JD,adm-clerical,not-in-family,MALE,NO,500/1000,NO,Low Risk,0,49,0,98800,-65300,-32968.95,7.987117552,1,0.046502786,13,1240,339,1,7643,1570.77,2000,0,620,1,0,6820,0,4960,3
Fire,Rear Collision,N,Total Loss,Multi-vehicle Collision,PhD,armed-forces,wife,FEMALE,YES,100/300,NO,Low Risk,0,42,1,65000,-49200,7591.05,3.999648537,1,0.356579050,17,5690,259,3,6929,1170.53,2000,1,11380,1,0,62590,0,45520,2
Other,Side Collision,Y,Major Damage,Single Vehicle Collision,College,sales,wife,FEMALE,YES,250/500,NO,Medium Risk,1,23,1,0,-71900,1371.05,5.999084109,1,0.595429270,14,6550,65,1,5513,1099.95,1000,1,6550,1,0,52400,0,39300,0
Ambulance,Front Collision,N,Major Damage,Multi-vehicle Collision,MD,tech-support,husband,MALE,YES,250/500,unknown,Medium Risk,0,46,1,0,-90600,8311.05,3.999654009,1,0.447819503,3,5780,254,3,3831,1472.43,2000,1,11560,1,0,63580,0,46240,3
Police,Side Collision,N,Minor Damage,Multi-vehicle Collision,Associate,priv-house-serv,other-relative,FEMALE,NO,250/500,YES,Low Risk,0,55,2,0,-56200,11191.05,7.998697281,1,0.218543628,18,6140,440,3,807,1275.62,500,1,6140,1,0,61400,0,49120,1
unknown,unknown,Y,Minor Damage,Parked Car,High School,adm-clerical,own-child,MALE,NO,250/500,YES,Medium Risk,1,63,1,47600,0,-34638.95,6.985138004,1,0.600665929,5,940,478,1,2063,1292.3,1000,1,470,1,0,4700,0,3290,3
Fire,Front Collision,N,Total Loss,Single Vehicle Collision,College,prof-specialty,other-relative,FEMALE,YES,250/500,NO,Low Risk,0,44,0,45400,-39400,9251.05,3.499740375,1,0.323724636,19,13480,230,1,5349,1009.37,2000,1,13480,1,0,74140,0,47180,2
Other,Front Collision,N,Major Damage,Single Vehicle Collision,PhD,other-service,wife,FEMALE,NO,500/1000,unknown,Medium Risk,0,30,2,27700,-72400,24441.05,4.499675348,1,0.594281497,0,6930,138,1,4745,1093.07,500,1,13860,1,0,83160,4000000,62370,2
Police,unknown,N,Trivial Damage,Parked Car,JD,farming-fishing,other-relative,FEMALE,YES,250/500,unknown,Low Risk,0,41,0,51400,-6300,-29628.95,9.987966306,1,0.063407536,22,1660,239,1,464,1325.44,1000,0,830,1,0,10790,7000000,8300,2
Police,Rear Collision,N,Major Damage,Multi-vehicle Collision,MD,prof-specialty,husband,FEMALE,NO,100/300,YES,Low Risk,0,31,1,0,0,-7338.95,3.499599588,1,0.343000943,21,8740,93,3,2591,1017.18,2000,1,8740,1,0,48070,0,30590,3
Ambulance,Rear Collision,N,Minor Damage,Multi-vehicle Collision,Masters,protective-serv,not-in-family,FEMALE,YES,100/300,YES,Low Risk,0,25,0,49300,0,-3908.95,2.999735473,1,0.187203621,4,5670,37,3,4344,1221.17,1000,0,11340,1,0,51030,0,34020,0
Fire,Front Collision,Y,Minor Damage,Single Vehicle Collision,MD,prof-specialty,husband,MALE,unknown,100/300,YES,High Risk,1,40,0,0,0,-58.950000000,6.998706339,1,0.700286507,10,0,254,1,7533,1927.87,500,1,5410,1,0,43280,0,37870,1
Fire,Front Collision,N,Major Damage,Single Vehicle Collision,Associate,sales,own-child,FEMALE,NO,250/500,unknown,Medium Risk,0,29,1,65700,0,15551.05,6.999083890,1,0.407337617,5,15280,131,1,579,978.27,1000,1,7640,1,0,76400,0,53480,3
Ambulance,Side Collision,N,Total Loss,Single Vehicle Collision,MD,prof-specialty,wife,MALE,unknown,100/300,unknown,Low Risk,0,43,0,48100,0,10091.05,3.499744917,1,0.353321310,13,13720,230,1,4574,1221.14,2000,1,13720,1,0,75460,0,48020,2
Other,Side Collision,Y,Major Damage,Multi-vehicle Collision,MD,armed-forces,unmarried,MALE,YES,100/300,YES,High Risk,1,50,2,0,0,10371.05,6.998985654,1,0.719173526,18,13800,313,3,3869,1255.62,2000,1,6900,1,0,69000,0,48300,1
Police,unknown,N,Minor Damage,Vehicle Theft,JD,tech-support,other-relative,MALE,NO,250/500,unknown,Low Risk,0,38,1,0,0,-31448.95,8.987517337,1,0.041883653,6,1440,210,1,5869,999.52,500,0,720,1,0,8640,0,6480,2
Ambulance,Rear Collision,N,Minor Damage,Multi-vehicle Collision,PhD,armed-forces,own-child,MALE,unknown,250/500,unknown,Low Risk,0,29,2,30000,-53000,4841.05,3.499713608,1,0.181355006,0,12220,101,3,181,1380.89,500,0,12220,1,0,67210,0,42770,1
Ambulance,Side Collision,N,Total Loss,Multi-vehicle Collision,High School,transport-moving,unmarried,MALE,NO,500/1000,unknown,Low Risk,0,37,0,52300,-55600,-3928.95,7.998118090,1,0.126662651,5,4250,153,3,3354,1010.77,500,0,4250,1,0,42500,0,34000,3
Fire,Rear Collision,N,Minor Damage,Single Vehicle Collision,Associate,armed-forces,wife,MALE,NO,100/300,YES,Low Risk,0,53,0,0,-34600,26871.05,8.998750174,1,0.237894359,8,14400,337,1,5386,1205.86,500,1,7200,1,0,86400,0,64800,1
Police,unknown,Y,Minor Damage,Vehicle Theft,Masters,handlers-cleaners,not-in-family,MALE,unknown,500/1000,YES,Low Risk,1,51,2,0,-32900,-34988.95,3.495838288,1,0.212170520,5,840,360,1,4813,1526.61,1000,1,840,1,0,4620,0,2940,2
Police,unknown,N,Trivial Damage,Parked Car,High School,tech-support,unmarried,FEMALE,NO,100/300,YES,Low Risk,0,53,2,0,0,-32888.95,3.996827914,1,0.084624758,9,630,428,1,286,1496.44,1000,0,1260,1,0,6930,0,5040,2
Other,Side Collision,N,Minor Damage,Multi-vehicle Collision,JD,sales,not-in-family,FEMALE,YES,100/300,YES,Low Risk,0,40,1,0,0,-12908.95,2.999640331,1,0.105734876,10,8340,204,3,8746,1256.2,500,0,8340,1,0,41700,0,25020,2
Other,Rear Collision,Y,Major Damage,Single Vehicle Collision,Masters,transport-moving,wife,MALE,NO,100/300,YES,High Risk,1,51,2,0,0,11281.05,3.499751085,1,0.756815597,16,14060,364,1,8292,1268.35,500,1,14060,1,0,77330,0,49210,1
Police,unknown,N,Trivial Damage,Vehicle Theft,College,other-service,own-child,MALE,YES,500/1000,unknown,Low Risk,0,35,2,0,0,-34328.95,7.982261641,1,0.153968065,8,900,185,1,5446,1421.59,2000,0,450,1,0,4950,0,3600,3
Police,unknown,N,Minor Damage,Vehicle Theft,PhD,craft-repair,own-child,MALE,YES,500/1000,NO,Low Risk,0,26,0,0,-36500,-34488.95,3.995354239,1,0.064114113,5,860,63,1,7064,1500.04,500,0,860,1,0,5160,6000000,3440,2
Fire,Side Collision,Y,Total Loss,Multi-vehicle Collision,College,exec-managerial,not-in-family,FEMALE,unknown,100/300,NO,Medium Risk,1,35,2,0,-19500,-18818.95,6.997436836,1,0.639843177,11,2730,210,3,303,1433.24,500,1,2730,1,0,24570,0,19110,1
Ambulance,Rear Collision,N,Minor Damage,Multi-vehicle Collision,PhD,craft-repair,not-in-family,FEMALE,unknown,100/300,unknown,Low Risk,0,38,1,46500,0,1111.05,3.999590206,1,0.252004204,15,4880,194,3,1443,1231.25,2000,1,9760,1,0,53680,0,39040,0
Police,Side Collision,N,Total Loss,Multi-vehicle Collision,Masters,farming-fishing,own-child,MALE,YES,500/1000,YES,Low Risk,0,49,1,22700,0,-2828.95,8.997692899,1,0.150290901,23,3900,294,3,6949,1135.43,500,0,3900,1,0,42900,0,35100,1
Fire,Front Collision,Y,Minor Damage,Single Vehicle Collision,MD,protective-serv,wife,MALE,NO,250/500,NO,Low Risk,1,41,0,38600,-42800,20941.05,6.999167757,1,0.236263787,23,16820,272,1,8703,945.73,2000,1,8410,1,0,84100,5000000,58870,0
Fire,Front Collision,N,Total Loss,Single Vehicle Collision,College,adm-clerical,own-child,FEMALE,unknown,100/300,unknown,Low Risk,0,27,1,0,-55800,9951.05,6.998976758,1,0.242204246,23,6840,27,1,4625,1118.76,2000,1,6840,1,0,61560,0,47880,3
Police,Rear Collision,N,Minor Damage,Single Vehicle Collision,Associate,other-service,not-in-family,FEMALE,unknown,500/1000,YES,Low Risk,0,39,0,0,-31700,-4748.95,5.998915205,1,0.265850165,10,5530,251,1,5753,1231.98,2000,1,5530,1,0,44240,0,33180,0
Ambulance,Rear Collision,N,Minor Damage,Multi-vehicle Collision,JD,protective-serv,own-child,FEMALE,YES,500/1000,unknown,Low Risk,0,33,2,58100,-49000,2461.05,6.998787039,1,0.146392622,12,11540,180,4,2128,1005.47,2000,0,5770,1,0,57700,0,40390,3
Other,Side Collision,N,Minor Damage,Single Vehicle Collision,PhD,exec-managerial,not-in-family,FEMALE,YES,100/300,NO,Low Risk,0,50,2,68400,-66800,36861.05,4.499729258,1,0.138285093,4,16620,392,1,8546,1108.97,2000,0,16620,1,0,108030,0,74790,2
Fire,Rear Collision,N,Minor Damage,Single Vehicle Collision,High School,exec-managerial,unmarried,FEMALE,YES,100/300,NO,Low Risk,0,30,2,0,-65700,81.050000000,6.998711103,1,0.182926426,16,10860,143,1,8446,1392.39,500,0,5430,1,0,54300,5000000,38010,0
Ambulance,Front Collision,Y,Major Damage,Multi-vehicle Collision,High School,craft-repair,wife,MALE,unknown,100/300,unknown,Medium Risk,1,54,1,34700,-81000,-16408.95,3.999256644,1,0.693149874,18,5380,371,3,996,1317.97,2000,1,5380,1,0,32280,0,21520,2
Other,Rear Collision,N,Total Loss,Multi-vehicle Collision,JD,machine-op-inspct,other-relative,MALE,NO,250/500,YES,Low Risk,0,42,1,0,-53800,21291.05,6.999172675,1,0.156863117,15,16920,292,3,2874,1588.22,1000,0,8460,1,0,84600,0,59220,1
Other,Front Collision,N,Total Loss,Single Vehicle Collision,College,craft-repair,own-child,MALE,YES,250/500,NO,Low Risk,0,35,1,0,-49900,17831.05,7.998852388,1,0.175528961,8,6970,165,1,785,900.02,500,0,6970,1,0,69700,6000000,55760,3
Ambulance,Rear Collision,N,Total Loss,Multi-vehicle Collision,JD,prof-specialty,unmarried,MALE,NO,100/300,NO,Low Risk,0,33,0,0,0,-12448.95,3.499519297,1,0.121760378,4,3640,158,3,413,1744.64,1000,0,7280,1,0,36400,3000000,25480,1
Police,Side Collision,N,Minor Damage,Multi-vehicle Collision,JD,adm-clerical,own-child,FEMALE,YES,250/500,NO,Low Risk,0,39,0,0,-54900,-9788.95,5.998720955,1,0.076160099,20,4690,241,3,3587,1260.56,1000,0,4690,1,0,37520,0,28140,2
Ambulance,Side Collision,N,Major Damage,Multi-vehicle Collision,Masters,other-service,wife,FEMALE,unknown,500/1000,NO,Medium Risk,0,33,2,69500,-47700,12401.05,3.499756623,1,0.402830742,1,14380,103,3,7429,1021.14,2000,1,14380,1,0,79090,0,50330,3
Other,Rear Collision,Y,Major Damage,Single Vehicle Collision,JD,farming-fishing,not-in-family,MALE,YES,250/500,NO,High Risk,1,54,0,48000,-79600,7251.05,2.999800810,1,0.741111777,19,7530,402,1,4214,1285.09,2000,1,15060,1,0,67770,0,45180,2
Other,Side Collision,Y,Total Loss,Single Vehicle Collision,JD,tech-support,wife,MALE,NO,100/300,NO,Medium Risk,1,32,1,0,0,-4748.95,6.998523518,1,0.625886310,11,9480,102,1,155,1537.07,500,1,4740,1,0,47400,3000000,33180,0
Other,Front Collision,N,Total Loss,Single Vehicle Collision,PhD,other-service,husband,MALE,unknown,100/300,YES,Low Risk,0,40,0,50000,-56900,11841.05,3.499753885,1,0.289169391,13,7110,182,1,1163,1022.42,1000,1,14220,1,0,71100,0,49770,2
Police,Front Collision,N,Minor Damage,Single Vehicle Collision,MD,other-service,wife,MALE,NO,100/300,unknown,Low Risk,0,46,2,51100,-75100,10651.05,6.998991500,1,0.169176082,2,13880,282,1,8585,1558.86,2000,0,6940,1,0,69400,0,48580,2
Other,Rear Collision,Y,Major Damage,Multi-vehicle Collision,High School,transport-moving,not-in-family,MALE,unknown,500/1000,YES,High Risk,1,39,2,71400,0,2071.05,3.999600040,1,0.704183034,9,5000,222,3,3975,1757.87,500,1,10000,1,0,55000,0,40000,1
Police,Rear Collision,N,Total Loss,Multi-vehicle Collision,PhD,machine-op-inspct,not-in-family,MALE,YES,250/500,YES,Low Risk,0,52,1,50400,0,-2558.95,4.499427554,1,0.157391564,15,7860,415,2,-20,973.5,1000,0,7860,1,0,51090,0,35370,3
Fire,Side Collision,Y,Major Damage,Single Vehicle Collision,PhD,machine-op-inspct,unmarried,MALE,NO,500/1000,unknown,High Risk,1,34,2,0,0,591.050000000,1.999896163,1,0.802152213,23,6420,51,1,414,1430.8,500,1,19260,1,0,64200,0,38520,3
Other,Front Collision,N,Total Loss,Single Vehicle Collision,High School,sales,own-child,MALE,YES,500/1000,NO,Low Risk,0,45,2,0,-40200,4911.05,3.499714076,1,0.220137880,16,12240,255,1,8849,1192.27,500,1,12240,1,0,67320,0,42840,0
Other,Side Collision,N,Major Damage,Multi-vehicle Collision,Associate,protective-serv,husband,MALE,unknown,250/500,YES,Low Risk,0,31,2,37700,0,17431.05,3.999711004,1,0.371039486,21,6920,143,4,231,1163.83,500,1,13840,1,0,76120,0,55360,0
Ambulance,Front Collision,N,Minor Damage,Multi-vehicle Collision,JD,farming-fishing,other-relative,FEMALE,NO,500/1000,YES,Low Risk,0,28,2,0,-38500,20931.05,4.499655990,1,0.190037790,21,13080,130,2,8460,1003.15,1000,0,13080,1,0,85020,0,58860,1
Fire,Rear Collision,N,Minor Damage,Multi-vehicle Collision,Masters,protective-serv,unmarried,MALE,unknown,250/500,NO,Low Risk,0,41,0,0,-57000,5401.05,3.499717309,1,0.124902187,3,12380,242,3,8899,1153.54,2000,0,12380,1,0,68090,6000000,43330,1
Police,unknown,N,Trivial Damage,Parked Car,High School,priv-house-serv,wife,FEMALE,NO,100/300,unknown,Low Risk,0,27,1,0,0,-33238.95,6.989567809,1,0.078174148,4,670,96,1,2166,1631.1,1000,0,670,1,0,6030,0,4690,2
unknown,unknown,N,Minor Damage,Vehicle Theft,MD,machine-op-inspct,wife,MALE,NO,500/1000,unknown,Low Risk,0,35,1,0,-55800,-34358.95,6.986301370,1,0.146226928,17,1020,180,1,3495,1252.48,1000,0,510,1,0,5100,0,3570,3
Police,unknown,N,Trivial Damage,Vehicle Theft,College,sales,own-child,MALE,YES,100/300,YES,Low Risk,0,30,1,40100,0,-34358.95,6.986301370,1,0.053845261,7,510,150,1,7609,1677.26,1000,0,510,1,0,4590,0,3570,3
Other,Front Collision,Y,Major Damage,Multi-vehicle Collision,JD,exec-managerial,not-in-family,FEMALE,NO,250/500,unknown,Medium Risk,1,59,1,51700,0,12751.05,3.499758304,1,0.517243874,14,7240,463,2,7498,979.73,1000,1,14480,1,0,72400,0,50680,2
Fire,Front Collision,N,Major Damage,Single Vehicle Collision,Masters,other-service,not-in-family,MALE,NO,250/500,NO,Low Risk,0,64,2,0,0,11701.05,6.999012833,1,0.363948763,13,14180,472,1,910,989.24,500,1,7090,1,0,70900,0,49630,3
Other,Side Collision,N,Total Loss,Multi-vehicle Collision,Associate,priv-house-serv,husband,FEMALE,YES,500/1000,unknown,Low Risk,0,25,2,0,0,14151.05,7.998771310,1,0.204486542,23,6510,75,2,1143,1389.86,1000,1,6510,1,0,65100,0,52080,3
Ambulance,Side Collision,N,Total Loss,Multi-vehicle Collision,College,handlers-cleaners,husband,FEMALE,YES,100/300,unknown,Low Risk,0,40,2,0,0,12051.05,3.499754919,1,0.210808383,23,0,193,3,3655,1233.85,500,1,14280,1,0,64260,0,49980,1
Ambulance,Rear Collision,Y,Major Damage,Single Vehicle Collision,Associate,armed-forces,not-in-family,FEMALE,unknown,500/1000,unknown,High Risk,1,43,2,0,0,12961.05,2.333226354,1,0.762325041,16,7270,43,1,6282,1320.39,500,1,21810,1,0,79970,0,50890,1
Police,Rear Collision,N,Total Loss,Single Vehicle Collision,College,machine-op-inspct,not-in-family,FEMALE,unknown,100/300,NO,Low Risk,0,41,2,36600,0,6101.05,6.998887299,1,0.226731459,17,6290,253,1,3918,1435.09,1000,1,6290,1,0,56610,0,44030,0
Fire,Side Collision,Y,Major Damage,Single Vehicle Collision,JD,craft-repair,wife,FEMALE,unknown,500/1000,YES,High Risk,1,30,1,58600,0,31281.05,8.998829801,1,0.760904901,9,7690,152,1,1912,1448.54,500,1,7690,1,0,84590,0,69210,1
Fire,Side Collision,N,Major Damage,Multi-vehicle Collision,High School,sales,wife,MALE,YES,250/500,NO,Medium Risk,0,38,2,0,-43800,6591.05,2.999797857,1,0.483871809,13,7420,160,3,1938,1733.56,500,1,14840,1,0,66780,0,44520,1
Police,Rear Collision,N,Major Damage,Single Vehicle Collision,JD,farming-fishing,own-child,MALE,YES,100/300,YES,Medium Risk,0,36,1,0,-28800,14071.05,7.998769420,1,0.425280115,13,0,56,1,1899,1533.07,500,1,6500,1,0,58500,0,52000,2
Police,unknown,N,Trivial Damage,Parked Car,College,prof-specialty,other-relative,FEMALE,NO,100/300,unknown,Low Risk,0,41,2,45500,-62500,-33928.95,7.984031936,1,0.045656764,3,500,286,1,4915,1106.77,500,0,500,1,0,5000,0,4000,0
Police,unknown,Y,Trivial Damage,Parked Car,JD,priv-house-serv,unmarried,FEMALE,unknown,100/300,unknown,High Risk,1,29,2,0,0,-34428.95,3.496503497,1,0.733818385,3,500,3,1,8102,995.7,500,1,1000,1,0,5000,5000000,3500,1
Ambulance,Front Collision,N,Major Damage,Multi-vehicle Collision,High School,sales,other-relative,FEMALE,YES,250/500,unknown,Low Risk,0,41,1,71300,-70300,-1628.95,2.999752087,1,0.357330398,16,6050,286,3,5872,1298.85,1000,1,12100,1,0,54450,6000000,36300,3
Police,Front Collision,N,Major Damage,Multi-vehicle Collision,Masters,handlers-cleaners,other-relative,FEMALE,unknown,250/500,NO,Low Risk,0,38,1,0,0,10231.05,6.998982706,1,0.399735956,12,6880,239,3,8944,1276.73,1000,1,6880,1,0,61920,5000000,48160,3
Ambulance,Side Collision,Y,Minor Damage,Single Vehicle Collision,High School,exec-managerial,other-relative,MALE,NO,250/500,unknown,Medium Risk,1,29,1,0,-61400,-2968.95,7.998169755,1,0.682412677,4,4370,64,1,1178,1202.28,2000,1,4370,1,0,43700,0,34960,2
Other,Front Collision,N,Minor Damage,Single Vehicle Collision,Masters,machine-op-inspct,wife,MALE,unknown,100/300,unknown,Low Risk,0,31,2,0,-26400,11911.05,6.999016992,1,0.151049970,3,7120,98,1,9123,671.92,500,0,7120,1,0,64080,0,49840,0
Other,Rear Collision,Y,Total Loss,Single Vehicle Collision,JD,sales,own-child,MALE,unknown,250/500,NO,Medium Risk,1,35,2,59300,-31400,-2928.95,3.499650035,1,0.573077282,0,10000,16,1,8848,1358.03,1000,1,10000,1,0,55000,0,35000,1
Police,unknown,N,Trivial Damage,Vehicle Theft,Masters,adm-clerical,own-child,FEMALE,unknown,250/500,NO,Low Risk,0,27,2,46000,0,-34078.95,6.987295826,1,0.066752432,19,0,70,1,3833,1008.79,1000,0,550,1,0,4400,4000000,3850,3
Police,Side Collision,N,Minor Damage,Multi-vehicle Collision,JD,armed-forces,other-relative,MALE,YES,100/300,unknown,Low Risk,0,27,0,0,0,15801.05,4.499623147,1,0.185683926,15,5970,75,2,7750,1141.1,1000,0,11940,1,0,71640,0,53730,1
Other,Rear Collision,N,Minor Damage,Single Vehicle Collision,High School,machine-op-inspct,not-in-family,MALE,NO,100/300,NO,Low Risk,0,44,1,0,0,10091.05,6.998979741,1,0.187408241,6,6860,246,1,7241,1397,1000,0,6860,1,0,61740,0,48020,0
Ambulance,Side Collision,N,Total Loss,Single Vehicle Collision,Associate,priv-house-serv,own-child,FEMALE,unknown,500/1000,unknown,Low Risk,0,27,0,0,-66200,8071.05,7.998608938,1,0.140006299,3,5750,110,1,2012,1664.66,1000,0,5750,1,0,57500,0,46000,3
Police,unknown,N,Minor Damage,Parked Car,Masters,exec-managerial,wife,FEMALE,unknown,250/500,YES,Low Risk,0,39,0,0,-63900,-31838.95,3.497989661,1,0.091637064,17,870,236,1,6633,1151.39,1000,0,1740,1,0,8700,4000000,6090,0
Police,Front Collision,N,Total Loss,Multi-vehicle Collision,MD,adm-clerical,wife,FEMALE,unknown,100/300,NO,Low Risk,0,46,2,0,0,16041.05,6.999092206,1,0.179989219,4,15420,267,4,3802,1546.01,2000,0,7710,1,0,77100,0,53970,1
Police,Front Collision,N,Minor Damage,Single Vehicle Collision,Masters,priv-house-serv,wife,MALE,YES,250/500,NO,Low Risk,0,57,2,0,0,8271.05,6.998939555,1,0.202078156,14,6600,463,1,8599,1063.67,500,1,6600,1,0,59400,0,46200,0
Fire,Rear Collision,N,Minor Damage,Multi-vehicle Collision,Masters,machine-op-inspct,husband,MALE,NO,100/300,NO,Low Risk,0,46,1,0,0,1991.05,7.998397115,1,0.295468933,3,9980,303,3,3681,709.14,1000,1,4990,1,0,54890,0,39920,0
Other,Front Collision,N,Minor Damage,Multi-vehicle Collision,MD,exec-managerial,unmarried,MALE,unknown,250/500,unknown,Low Risk,0,30,2,55600,-59700,15911.05,3.999702845,1,0.314553363,4,6730,137,3,1158,1039.55,500,1,13460,1,0,74030,0,53840,1
Other,Rear Collision,N,Total Loss,Single Vehicle Collision,Associate,adm-clerical,not-in-family,FEMALE,YES,250/500,unknown,Low Risk,0,42,1,0,0,1201.05,3.499686969,1,0.366960418,13,11180,56,1,6807,1339.39,500,1,11180,1,0,61490,0,39130,2
Police,Front Collision,N,Minor Damage,Multi-vehicle Collision,High School,handlers-cleaners,not-in-family,MALE,YES,250/500,NO,Low Risk,0,27,0,57900,-90100,21741.05,4.499660659,1,0.140513821,23,6630,75,3,8204,1202.75,1000,0,13260,1,0,79560,0,59670,2
Police,unknown,N,Minor Damage,Parked Car,MD,sales,wife,MALE,NO,100/300,unknown,Low Risk,0,33,0,0,-65200,-34008.95,7.983706721,1,0.104027924,3,490,131,1,8877,1081.17,2000,0,490,1,0,4900,0,3920,1
Other,Side Collision,N,Total Loss,Multi-vehicle Collision,High School,tech-support,other-relative,MALE,NO,250/500,unknown,Low Risk,0,34,1,45600,-61400,11561.05,3.499752493,1,0.251265641,0,14140,153,3,7670,991.39,500,1,14140,1,0,77770,0,49490,0
Fire,Side Collision,Y,Major Damage,Multi-vehicle Collision,JD,transport-moving,unmarried,FEMALE,unknown,500/1000,unknown,High Risk,1,43,2,75800,0,14361.05,3.499765745,1,0.768498400,14,7470,255,2,2837,984.02,500,1,14940,1,0,74700,0,52290,2
Police,Front Collision,N,Minor Damage,Multi-vehicle Collision,MD,tech-support,husband,MALE,unknown,100/300,NO,Low Risk,0,26,2,66300,0,-5448.95,7.998030042,1,0.225851888,14,4060,103,2,272,1354.83,500,1,4060,1,0,40600,0,32480,2
Ambulance,Rear Collision,N,Total Loss,Single Vehicle Collision,JD,farming-fishing,husband,MALE,unknown,100/300,unknown,Low Risk,0,28,1,0,-32600,-12778.95,2.499751516,1,0.333425487,22,10060,97,1,1797,830.31,1000,1,10060,1,0,45270,0,25150,0
Ambulance,Front Collision,N,Minor Damage,Multi-vehicle Collision,Associate,machine-op-inspct,own-child,FEMALE,unknown,100/300,NO,Low Risk,0,36,0,0,0,-3688.95,3.999532765,1,0.092357450,17,4280,214,3,5354,987.42,2000,0,8560,1,0,47080,7000000,34240,3
Police,Side Collision,Y,Minor Damage,Single Vehicle Collision,MD,machine-op-inspct,husband,FEMALE,NO,500/1000,unknown,Medium Risk,1,57,0,0,0,-5368.95,7.998034881,1,0.581172985,14,4070,438,1,8503,1119.29,500,1,4070,1,0,40700,0,32560,0
Police,Side Collision,N,Minor Damage,Single Vehicle Collision,Masters,transport-moving,own-child,FEMALE,YES,100/300,unknown,Low Risk,0,27,2,0,0,-12728.95,7.997461123,1,0.086550171,2,6300,87,1,4059,1048.39,500,0,3150,1,0,34650,0,25200,1
Police,unknown,N,Trivial Damage,Parked Car,MD,protective-serv,wife,MALE,unknown,500/1000,unknown,Low Risk,0,28,2,0,0,-35528.95,5.985037406,1,0.077671256,4,400,27,1,8240,1074.47,1000,0,400,1,0,3200,0,2400,0
Fire,Rear Collision,Y,Major Damage,Single Vehicle Collision,High School,machine-op-inspct,unmarried,MALE,NO,500/1000,unknown,High Risk,1,42,1,0,-74200,19511.05,3.999721468,1,0.717440027,2,7180,206,1,7755,1230.76,1000,1,14360,1,0,78980,0,57440,1
unknown,unknown,N,Minor Damage,Parked Car,Associate,sales,not-in-family,MALE,NO,500/1000,YES,Low Risk,0,31,1,58200,0,-33448.95,3.996431757,1,0.046682627,10,560,127,1,4571,1255.02,500,0,1120,1,0,6160,0,4480,0
Ambulance,Front Collision,N,Major Damage,Single Vehicle Collision,MD,machine-op-inspct,own-child,FEMALE,NO,100/300,YES,Medium Risk,0,60,1,43600,-67800,24071.05,7.998967875,1,0.589312091,11,15500,422,1,1553,1555.52,1000,1,7750,1,0,85250,0,62000,1
Fire,Side Collision,N,Major Damage,Multi-vehicle Collision,Masters,sales,not-in-family,MALE,NO,100/300,YES,Medium Risk,0,50,1,0,0,16701.05,8.998517542,1,0.416286007,1,12140,303,4,6532,836.11,2000,1,6070,1,0,72840,5000000,54630,2
Police,unknown,N,Trivial Damage,Parked Car,Associate,exec-managerial,husband,MALE,NO,100/300,unknown,Low Risk,0,40,0,43700,0,-34078.95,3.496821072,1,0.083250984,20,1100,228,1,6532,1450.98,500,0,1100,1,0,6050,0,3850,2
Fire,Front Collision,Y,Major Damage,Single Vehicle Collision,JD,protective-serv,wife,FEMALE,YES,250/500,NO,High Risk,1,39,2,44200,-37000,25991.05,7.998998874,1,0.739394077,10,15980,239,1,8904,625.08,2000,1,7990,1,0,87890,0,63920,3
Other,Side Collision,Y,Total Loss,Multi-vehicle Collision,High School,craft-repair,wife,FEMALE,YES,100/300,unknown,Medium Risk,1,47,0,0,-56400,6071.05,7.998545719,1,0.542874539,20,11000,330,2,277,1133.27,2000,1,5500,1,0,60500,0,44000,2
Fire,Front Collision,N,Minor Damage,Multi-vehicle Collision,MD,machine-op-inspct,other-relative,FEMALE,NO,500/1000,unknown,Low Risk,0,35,2,0,0,18211.05,3.499781809,1,0.194497204,10,16040,128,3,3815,1366.6,500,0,16040,1,0,88220,0,56140,1
Other,Rear Collision,N,Total Loss,Multi-vehicle Collision,Associate,prof-specialty,husband,FEMALE,NO,500/1000,NO,Low Risk,0,37,1,0,-48400,1111.05,7.998360992,1,0.241880453,2,9760,147,2,2006,1439.9,1000,1,4880,1,0,53680,6000000,39040,2
Fire,Front Collision,N,Minor Damage,Single Vehicle Collision,Masters,transport-moving,not-in-family,MALE,NO,500/1000,NO,Low Risk,0,45,0,0,-54600,5111.05,7.998513287,1,0.384712162,19,5380,287,1,2746,1230.69,1000,1,5380,1,0,53800,0,43040,2
Police,Rear Collision,Y,Major Damage,Single Vehicle Collision,MD,craft-repair,husband,FEMALE,NO,100/300,YES,High Risk,1,29,1,0,-48500,2841.05,4.499503366,1,0.749600627,10,4530,142,1,1831,1307.68,2000,1,9060,1,0,54360,0,40770,2
Police,Side Collision,N,Major Damage,Single Vehicle Collision,Masters,handlers-cleaners,husband,FEMALE,YES,500/1000,YES,Low Risk,0,35,0,0,0,1591.05,7.998380895,1,0.375096416,14,9880,162,1,5394,1124.69,2000,1,4940,1,0,54340,0,39520,3
unknown,unknown,Y,Trivial Damage,Parked Car,High School,craft-repair,wife,FEMALE,YES,100/300,unknown,Medium Risk,1,35,0,0,-42900,-35848.95,7.969348659,1,0.639267716,5,520,140,1,2497,1520.78,1000,1,260,1,0,2860,0,2080,2
Police,unknown,N,Minor Damage,Vehicle Theft,High School,craft-repair,own-child,MALE,YES,100/300,YES,Low Risk,0,28,2,0,0,-33658.95,3.497133497,1,0.088838253,8,0,106,1,9022,1609.11,2000,0,1220,1,0,5490,0,4270,1
Police,unknown,N,Trivial Damage,Vehicle Theft,Masters,craft-repair,unmarried,MALE,unknown,500/1000,NO,Low Risk,0,45,0,0,0,-32568.95,3.997017151,1,0.088977625,4,670,292,1,8739,1358.91,1000,0,1340,1,0,7370,0,5360,2
Ambulance,Side Collision,Y,Major Damage,Multi-vehicle Collision,PhD,priv-house-serv,husband,FEMALE,NO,500/1000,unknown,Medium Risk,1,34,1,0,0,2711.05,7.998425507,1,0.696710670,4,5080,34,3,8335,1295.87,500,1,5080,1,0,50800,0,40640,0
Fire,Side Collision,N,Minor Damage,Multi-vehicle Collision,Associate,adm-clerical,not-in-family,MALE,unknown,250/500,unknown,Low Risk,0,48,1,45300,0,-6788.95,5.998844153,1,0.229319956,20,5190,290,2,660,1161.03,500,1,5190,1,0,41520,5000000,31140,1
Police,Side Collision,N,Total Loss,Single Vehicle Collision,Masters,armed-forces,husband,FEMALE,YES,500/1000,unknown,Low Risk,0,38,2,53800,-78300,27271.05,3.999754616,1,0.351202829,18,8150,182,1,2099,1441.06,2000,1,16300,1,0,89650,0,65200,3
Police,Rear Collision,N,Total Loss,Multi-vehicle Collision,JD,other-service,unmarried,FEMALE,NO,100/300,NO,Low Risk,0,55,0,44400,-71500,1761.05,39690,1,0.180405728,0,0,362,3,2269,1097.99,1000,0,0,1,0,39690,0,39690,3
Ambulance,Rear Collision,N,Major Damage,Single Vehicle Collision,High School,exec-managerial,husband,FEMALE,NO,500/1000,unknown,Low Risk,0,32,2,79900,0,13011.05,8.998410175,1,0.329680388,1,5660,143,1,5307,1464.42,1000,1,5660,1,0,62260,0,50940,0
Police,Side Collision,Y,Major Damage,Single Vehicle Collision,Masters,prof-specialty,not-in-family,FEMALE,YES,250/500,NO,High Risk,1,38,0,20200,0,-168.950000000,7.998305444,1,0.753763718,17,9440,183,1,227,1543.68,500,1,4720,1,0,51920,0,37760,1
Other,Front Collision,N,Minor Damage,Single Vehicle Collision,College,armed-forces,wife,MALE,unknown,250/500,unknown,Low Risk,0,40,2,0,-74400,951.050000000,7.998354248,1,0.244815635,23,9720,254,1,7251,1390.89,500,1,4860,1,0,53460,5000000,38880,2
Fire,Rear Collision,N,Total Loss,Multi-vehicle Collision,MD,adm-clerical,not-in-family,FEMALE,YES,100/300,YES,Low Risk,0,43,2,0,-71200,7751.05,7.998599195,1,0.231952825,4,5710,249,3,8919,1148.58,2000,1,5710,1,0,57100,0,45680,1
Ambulance,Front Collision,N,Total Loss,Multi-vehicle Collision,High School,exec-managerial,unmarried,MALE,unknown,250/500,NO,Low Risk,0,36,2,50700,-57600,18391.05,7.998863798,1,0.186544424,0,14080,169,3,5904,1616.26,500,0,7040,1,0,77440,0,56320,3
Ambulance,Side Collision,N,Minor Damage,Single Vehicle Collision,College,craft-repair,husband,MALE,NO,500/1000,NO,Low Risk,0,40,1,0,0,9881.05,3.499743796,1,0.280034141,11,6830,235,1,7047,1398.94,500,1,13660,1,0,68300,0,47810,2
unknown,unknown,N,Trivial Damage,Parked Car,Associate,other-service,other-relative,MALE,unknown,500/1000,unknown,Low Risk,0,32,0,57800,-53700,-34248.95,3.995656895,1,0.055976805,4,460,112,1,5531,1238.92,1000,0,920,1,0,5060,0,3680,2
Ambulance,Side Collision,Y,Total Loss,Multi-vehicle Collision,MD,tech-support,not-in-family,MALE,unknown,100/300,unknown,Low Risk,1,32,0,50800,-66200,1671.05,2.999772744,1,0.343029283,0,6600,16,3,4566,968.46,1000,1,13200,1,0,59400,0,39600,2
Ambulance,Side Collision,Y,Major Damage,Multi-vehicle Collision,High School,transport-moving,other-relative,FEMALE,unknown,100/300,NO,High Risk,1,31,0,0,-28300,16461.05,3.499774789,1,0.777156804,2,0,128,3,7839,1045.12,500,1,15540,1,0,69930,0,54390,2
Police,Front Collision,N,Minor Damage,Multi-vehicle Collision,College,handlers-cleaners,husband,FEMALE,NO,100/300,YES,Low Risk,0,27,1,0,-74800,16461.05,3.499774789,1,0.247682626,11,7770,103,3,2623,1537.33,1000,1,15540,1,0,77700,0,54390,1
Other,Front Collision,Y,Major Damage,Multi-vehicle Collision,College,prof-specialty,wife,MALE,unknown,500/1000,NO,High Risk,1,54,2,58500,-44000,5821.05,3.499720022,1,0.781363803,23,12500,356,3,2526,912.3,500,1,12500,1,0,68750,0,43750,1
Police,Side Collision,N,Minor Damage,Multi-vehicle Collision,High School,adm-clerical,husband,FEMALE,YES,100/300,NO,Low Risk,0,29,1,0,0,20031.05,3.499788660,1,0.160974666,17,16560,109,3,3065,1007.28,2000,0,16560,1,0,91080,6000000,57960,3
Other,Side Collision,N,Minor Damage,Single Vehicle Collision,High School,craft-repair,other-relative,FEMALE,YES,500/1000,NO,Low Risk,0,20,1,0,-54700,-1658.95,4.499441757,1,0.128145639,22,4030,2,1,4347,1189.98,1000,0,8060,1,0,48360,4000000,36270,3
Other,Side Collision,N,Major Damage,Single Vehicle Collision,Associate,handlers-cleaners,other-relative,MALE,YES,250/500,YES,Low Risk,0,34,1,0,-55100,38071.05,7.999157983,1,0.354406520,18,9500,198,1,4290,1576.41,1000,1,9500,1,0,95000,0,76000,1
Police,unknown,N,Trivial Damage,Vehicle Theft,Associate,machine-op-inspct,other-relative,MALE,NO,100/300,unknown,Low Risk,0,32,1,82100,0,-35198.95,6.982097187,1,0.037815240,8,780,107,1,4677,1172.82,500,0,390,1,0,3900,4000000,2730,3
Other,Front Collision,Y,Minor Damage,Multi-vehicle Collision,High School,transport-moving,other-relative,MALE,NO,500/1000,unknown,Medium Risk,1,39,0,0,-33300,3651.05,6.998821747,1,0.656013320,15,11880,252,3,4011,1312.22,500,1,5940,1,0,59400,9000000,41580,3
Fire,Rear Collision,N,Minor Damage,Single Vehicle Collision,Associate,machine-op-inspct,other-relative,FEMALE,unknown,500/1000,unknown,Low Risk,0,43,2,42900,-61500,8901.05,6.998953819,1,0.282396123,20,6690,303,1,5838,671.01,1000,1,6690,1,0,60210,7000000,46830,0
Ambulance,Front Collision,N,Minor Damage,Single Vehicle Collision,JD,sales,other-relative,MALE,YES,250/500,unknown,Low Risk,0,32,0,52600,-30400,-7408.95,6.998394864,1,0.087617807,4,8720,101,1,4735,895.14,500,0,4360,1,0,43600,0,30520,3
Police,Front Collision,N,Total Loss,Multi-vehicle Collision,College,adm-clerical,unmarried,MALE,NO,100/300,NO,Low Risk,0,57,0,42700,-64900,6031.05,3.499721360,1,0.333553150,10,6280,446,3,8102,1373.21,2000,1,12560,1,0,62800,0,43960,0
Ambulance,Side Collision,N,Major Damage,Single Vehicle Collision,College,farming-fishing,husband,MALE,unknown,250/500,YES,Medium Risk,0,48,1,0,0,3721.05,6.998823727,1,0.643360598,10,11900,330,1,6091,1625.65,1000,1,5950,1,0,59500,0,41650,3
Police,Front Collision,N,Total Loss,Multi-vehicle Collision,PhD,armed-forces,not-in-family,FEMALE,unknown,250/500,YES,Low Risk,0,37,1,42200,-33800,3651.05,6.998821747,1,0.266837852,22,5940,211,3,1485,1295.63,2000,1,5940,1,0,53460,4000000,41580,0
Ambulance,Side Collision,N,Total Loss,Multi-vehicle Collision,High School,adm-clerical,wife,FEMALE,NO,100/300,NO,Low Risk,0,33,0,41300,-42000,-11398.95,3.499538319,1,0.119637878,15,7580,172,3,1048,1459.96,1000,0,7580,1,0,41690,6000000,26530,1
Ambulance,Side Collision,N,Minor Damage,Single Vehicle Collision,Masters,prof-specialty,wife,FEMALE,YES,100/300,unknown,Low Risk,0,46,0,0,-51000,6241.05,3.499722684,1,0.173918640,13,6310,316,1,1343,1219.94,500,0,12620,1,0,63100,7000000,44170,1
Ambulance,Front Collision,Y,Total Loss,Single Vehicle Collision,Associate,priv-house-serv,other-relative,MALE,unknown,500/1000,NO,Medium Risk,1,60,2,73500,-43300,9231.05,4.499570652,1,0.658028395,23,5240,435,1,3006,1064.49,500,1,10480,1,0,62880,5000000,47160,1
Fire,Side Collision,Y,Major Damage,Multi-vehicle Collision,Masters,sales,not-in-family,FEMALE,YES,100/300,unknown,High Risk,1,51,2,0,-38700,8471.05,3.999655202,1,0.718994079,18,17400,344,3,2411,959.83,1000,1,11600,1,0,75400,0,46400,2
Ambulance,Rear Collision,N,Total Loss,Single Vehicle Collision,JD,machine-op-inspct,husband,MALE,NO,250/500,YES,Low Risk,0,40,1,0,-49300,-4328.95,3.999523866,1,0.236946440,7,4200,204,1,7851,1767.02,2000,1,8400,1,0,46200,0,33600,1
Ambulance,Rear Collision,N,Major Damage,Single Vehicle Collision,Masters,machine-op-inspct,not-in-family,MALE,YES,500/1000,NO,Medium Risk,0,47,2,0,-39800,8871.05,7.998632712,1,0.475922844,21,5850,278,1,2478,1285.01,500,1,5850,1,0,58500,0,46800,2
Other,Rear Collision,N,Major Damage,Multi-vehicle Collision,JD,transport-moving,husband,MALE,NO,500/1000,NO,Medium Risk,0,57,1,0,0,6231.05,3.999637714,1,0.610216408,15,11040,434,3,5321,1422.95,2000,1,11040,1,0,66240,0,44160,3
Ambulance,Rear Collision,N,Total Loss,Multi-vehicle Collision,MD,craft-repair,wife,FEMALE,unknown,100/300,unknown,Low Risk,0,36,1,0,0,11151.05,5.999266593,1,0.246283708,17,8180,209,3,1827,1223.39,2000,1,8180,1,0,65440,0,49080,3
Fire,Front Collision,N,Minor Damage,Single Vehicle Collision,Masters,sales,other-relative,MALE,unknown,500/1000,NO,Low Risk,0,43,0,37800,0,4871.05,3.999626203,1,0.144278194,2,10700,250,1,9064,1539.06,2000,0,10700,1,0,64200,0,42800,3
Ambulance,Rear Collision,N,Minor Damage,Multi-vehicle Collision,Masters,other-service,not-in-family,FEMALE,NO,100/300,YES,Low Risk,0,25,1,0,0,-13688.95,5.998515219,1,0.129556379,1,4040,61,3,6216,988.06,2000,0,4040,1,0,32320,0,24240,0
Police,Rear Collision,N,Major Damage,Single Vehicle Collision,College,farming-fishing,wife,FEMALE,unknown,500/1000,unknown,Low Risk,0,28,0,0,-18600,-11888.95,6.998118785,1,0.298847857,3,3720,80,1,46,1740.57,1000,1,3720,1,0,33480,0,26040,1
unknown,unknown,N,Trivial Damage,Vehicle Theft,College,adm-clerical,wife,MALE,YES,250/500,NO,Low Risk,0,38,1,40900,0,-35048.95,2.996878252,1,0.096566053,0,480,25,1,7019,1540.91,1000,0,960,1,0,4320,7000000,2880,1
Police,unknown,N,Trivial Damage,Vehicle Theft,High School,tech-support,other-relative,MALE,unknown,250/500,NO,Low Risk,0,29,0,0,-77800,-34988.95,6.983372922,1,0.124571058,4,840,4,1,4653,1381.88,500,0,420,1,0,4200,5000000,2940,2
Ambulance,Front Collision,N,Minor Damage,Multi-vehicle Collision,MD,adm-clerical,own-child,MALE,NO,100/300,YES,Low Risk,0,29,2,0,-45700,4231.05,7.998482261,1,0.150265958,11,10540,32,3,4569,1446.98,500,0,5270,1,0,57970,0,42160,0
unknown,unknown,N,Trivial Damage,Parked Car,JD,other-service,husband,MALE,unknown,500/1000,YES,Low Risk,0,31,1,55400,-40400,-34568.95,3.496357960,1,0.071870632,4,0,125,1,783,1220.86,500,0,960,1,0,4320,0,3360,2
Fire,Front Collision,N,Minor Damage,Multi-vehicle Collision,High School,machine-op-inspct,wife,FEMALE,unknown,500/1000,unknown,Low Risk,0,45,0,44500,-61400,10581.05,6.998990045,1,0.193138759,11,13860,276,3,5403,948.1,500,0,6930,1,0,69300,0,48510,2
Police,Side Collision,N,Minor Damage,Multi-vehicle Collision,Masters,farming-fishing,own-child,FEMALE,NO,100/300,NO,Low Risk,0,30,2,57500,-93600,-13568.95,5.998522531,1,0.117443741,4,4060,148,3,4660,1471.24,500,0,4060,1,0,32480,0,24360,2
Police,Front Collision,N,Total Loss,Single Vehicle Collision,MD,machine-op-inspct,not-in-family,MALE,YES,100/300,unknown,Low Risk,0,38,2,0,-64500,9111.05,6.998958488,1,0.242427165,20,6720,222,1,2441,1157.97,2000,1,6720,1,0,60480,0,47040,2
Police,unknown,N,Trivial Damage,Parked Car,Associate,armed-forces,unmarried,MALE,NO,250/500,YES,Low Risk,0,38,0,0,0,-36168.95,3.990929705,1,0.164703350,22,440,32,1,7594,566.11,2000,0,440,1,0,2640,5000000,1760,0
Police,unknown,N,Trivial Damage,Parked Car,JD,other-service,other-relative,MALE,NO,500/1000,NO,Low Risk,0,27,0,0,-66500,-33528.95,3.996366939,1,0.056584510,4,550,78,1,8375,1060.88,500,0,1100,1,0,6050,0,4400,3
Ambulance,Rear Collision,Y,Total Loss,Multi-vehicle Collision,High School,handlers-cleaners,wife,MALE,NO,250/500,NO,Medium Risk,1,43,0,0,-44800,-3768.95,7.998126902,1,0.598328435,21,4270,238,4,6855,1524.45,1000,1,4270,1,0,42700,4000000,34160,0
Ambulance,Front Collision,Y,Major Damage,Single Vehicle Collision,College,prof-specialty,wife,MALE,NO,250/500,YES,Medium Risk,1,47,1,63900,-53300,-8648.95,3.999453627,1,0.677871574,20,3660,313,1,675,1556.17,1000,1,7320,1,0,40260,0,29280,3
Fire,Rear Collision,N,Major Damage,Single Vehicle Collision,Masters,priv-house-serv,wife,MALE,unknown,500/1000,NO,Low Risk,0,50,2,26700,-47200,-2928.95,3.499650035,1,0.333650262,7,5000,334,1,1889,1216.24,500,1,10000,1,0,50000,0,35000,0
unknown,unknown,N,Trivial Damage,Parked Car,High School,tech-support,husband,FEMALE,NO,250/500,NO,Low Risk,0,35,0,0,0,-35048.95,8.971962617,1,0.084385050,4,640,190,1,2280,1484.72,500,0,320,1,0,3840,5000000,2880,1
Police,Rear Collision,N,Minor Damage,Multi-vehicle Collision,JD,transport-moving,not-in-family,MALE,unknown,250/500,unknown,Low Risk,0,41,0,52500,-51300,23721.05,2.999854022,1,0.175730163,17,13700,194,3,8026,1203.81,500,0,20550,1,0,95900,0,61650,2
Ambulance,Side Collision,N,Minor Damage,Multi-vehicle Collision,High School,exec-managerial,other-relative,MALE,YES,250/500,YES,Low Risk,0,47,1,0,-61400,-488.950000000,2.999759635,1,0.225040291,20,6240,290,3,2369,1393.34,1000,1,12480,1,0,56160,0,37440,3
Police,Side Collision,N,Major Damage,Single Vehicle Collision,PhD,armed-forces,not-in-family,MALE,unknown,100/300,NO,Medium Risk,0,42,2,50700,-36300,7911.05,3.999650990,1,0.405652940,10,5730,26,1,1627,1484.48,1000,1,11460,1,0,63030,0,45840,3
Police,Front Collision,N,Minor Damage,Single Vehicle Collision,PhD,handlers-cleaners,own-child,FEMALE,NO,250/500,YES,Low Risk,0,41,2,42200,-48000,8231.05,3.999653410,1,0.171426139,8,5770,254,1,6956,1581.27,500,0,11540,1,0,63470,5000000,46160,2
Police,Front Collision,Y,Major Damage,Single Vehicle Collision,High School,tech-support,other-relative,FEMALE,NO,250/500,unknown,Medium Risk,1,38,0,0,-53100,-5608.95,7.998020292,1,0.612351119,6,8080,199,1,8532,1281.25,1000,1,4040,1,0,44440,0,32320,2
Police,unknown,N,Minor Damage,Parked Car,JD,prof-specialty,husband,MALE,NO,250/500,YES,Low Risk,0,35,1,48500,-67400,-33728.95,3.497085762,1,0.040119438,4,1200,137,1,1791,1667.83,500,0,1200,1,0,6600,0,4200,1
Ambulance,Side Collision,N,Minor Damage,Multi-vehicle Collision,PhD,machine-op-inspct,husband,MALE,YES,250/500,NO,Low Risk,0,36,2,14100,-44500,19971.05,5.999378303,1,0.115677944,17,9650,134,3,8960,1497.41,1000,0,9650,1,0,77200,0,57900,0
Other,Rear Collision,N,Total Loss,Multi-vehicle Collision,High School,protective-serv,husband,FEMALE,YES,100/300,unknown,Medium Risk,0,30,0,0,0,7671.05,3.999649154,1,0.419710431,15,0,73,3,2117,803.36,500,1,11400,1,0,57000,0,45600,0
Police,unknown,N,Trivial Damage,Vehicle Theft,Masters,farming-fishing,wife,FEMALE,NO,250/500,NO,Low Risk,0,45,2,46700,-72500,-35828.95,6.976744186,1,0.062662205,9,300,289,1,5601,1221.41,2000,0,300,1,0,2700,0,2100,1
Police,Rear Collision,N,Total Loss,Single Vehicle Collision,College,transport-moving,unmarried,MALE,YES,250/500,unknown,Low Risk,0,36,2,32800,-50600,-3528.95,3.999534938,1,0.246128142,17,4300,176,1,7258,1865.83,500,1,8600,1,0,47300,5000000,34400,1
Other,Rear Collision,N,Major Damage,Single Vehicle Collision,Associate,tech-support,unmarried,FEMALE,unknown,250/500,unknown,Medium Risk,0,37,2,0,-35900,2151.05,3.999600838,1,0.513267764,13,5010,145,1,8422,1434.27,2000,1,10020,1,0,55110,0,40080,3
Police,unknown,N,Trivial Damage,Vehicle Theft,Associate,other-service,husband,FEMALE,NO,500/1000,YES,Low Risk,0,31,1,44500,-55900,-34568.95,6.985446985,1,0.054823241,5,480,164,1,1456,1114.68,500,0,480,1,0,4320,0,3360,0
Police,Front Collision,Y,Total Loss,Multi-vehicle Collision,Masters,transport-moving,husband,FEMALE,unknown,250/500,YES,Medium Risk,1,38,2,39300,-60300,13641.05,8.998429593,1,0.565206137,23,11460,186,3,3236,1218.56,2000,1,5730,1,0,68760,0,51570,2
Other,Front Collision,Y,Major Damage,Multi-vehicle Collision,MD,tech-support,husband,FEMALE,unknown,250/500,NO,High Risk,1,31,2,0,0,14151.05,6.999059266,1,0.790934297,1,14880,85,2,3985,1234.69,2000,1,7440,1,0,74400,9000000,52080,1
Fire,Rear Collision,Y,Major Damage,Multi-vehicle Collision,Associate,exec-managerial,other-relative,FEMALE,NO,250/500,NO,High Risk,1,33,2,45700,0,-9688.95,7.997734353,1,0.720128697,17,3530,162,4,8801,964.92,500,1,3530,1,0,35300,0,28240,1
unknown,unknown,N,Minor Damage,Parked Car,High School,tech-support,wife,MALE,unknown,500/1000,YES,Low Risk,0,57,1,0,-49400,-36248.95,3.492723493,1,0.113371660,3,480,396,1,6687,1351.72,500,0,480,1,0,2640,0,1680,3
Ambulance,Rear Collision,Y,Total Loss,Multi-vehicle Collision,High School,sales,unmarried,MALE,NO,250/500,unknown,High Risk,1,41,1,62200,0,8371.05,4.999460102,1,0.707172753,17,4630,270,3,7501,817.28,1000,1,9260,1,0,60190,0,46300,1
Fire,Rear Collision,Y,Major Damage,Multi-vehicle Collision,Masters,machine-op-inspct,own-child,FEMALE,NO,500/1000,YES,Medium Risk,1,39,1,0,-42600,-7688.95,3.999470969,1,0.423104415,23,3780,168,3,7561,1389.59,1000,1,7560,1,0,41580,0,30240,3
Ambulance,Side Collision,Y,Minor Damage,Single Vehicle Collision,JD,tech-support,unmarried,FEMALE,NO,250/500,YES,Medium Risk,1,45,0,54700,-47900,8871.05,46800,1,0.673623611,13,11700,274,1,4250,1353.53,1000,1,0,1,0,58500,0,46800,0
Fire,Rear Collision,N,Minor Damage,Single Vehicle Collision,Masters,handlers-cleaners,not-in-family,FEMALE,YES,500/1000,YES,Low Risk,0,43,2,0,0,21561.05,8.998638633,1,0.260506582,17,13220,263,1,6760,1294.04,1000,1,6610,1,0,79320,0,59490,3
Ambulance,Rear Collision,Y,Minor Damage,Single Vehicle Collision,High School,farming-fishing,husband,FEMALE,unknown,100/300,YES,Medium Risk,1,33,0,0,0,29661.05,8.998801757,1,0.620161647,2,7510,152,1,3569,840.81,1000,1,7510,1,0,82610,0,67590,2
Ambulance,Rear Collision,Y,Total Loss,Multi-vehicle Collision,MD,priv-house-serv,husband,FEMALE,unknown,100/300,NO,Medium Risk,1,41,1,43700,-66300,7921.05,2.333214595,1,0.651239275,23,13100,46,3,1543,998.19,2000,1,19650,1,0,78600,0,45850,3
Ambulance,Front Collision,Y,Minor Damage,Single Vehicle Collision,College,handlers-cleaners,husband,MALE,unknown,100/300,NO,Medium Risk,1,46,1,0,-70400,2041.05,6.998774295,1,0.634485252,17,5710,276,1,890,1090.32,2000,1,5710,1,0,51390,0,39970,2
Ambulance,Side Collision,Y,Major Damage,Single Vehicle Collision,Associate,other-service,other-relative,MALE,NO,500/1000,NO,Medium Risk,1,44,1,0,0,18231.05,7.998860561,1,0.543147762,3,7020,234,1,4641,1780.67,500,1,7020,1,0,70200,0,56160,0
unknown,unknown,N,Minor Damage,Parked Car,JD,protective-serv,own-child,MALE,NO,250/500,NO,Low Risk,0,30,2,0,-51100,-34988.95,1.998640381,1,0.044229436,16,490,64,1,8542,1681.01,2000,0,1470,1,0,4900,0,2940,1
Other,Side Collision,Y,Major Damage,Multi-vehicle Collision,MD,protective-serv,own-child,FEMALE,NO,250/500,unknown,High Risk,1,62,1,82600,-49500,11931.05,4.499593899,1,0.740108263,13,5540,456,3,2054,1395.77,1000,1,11080,1,0,66480,0,49860,3
Fire,Rear Collision,Y,Major Damage,Single Vehicle Collision,High School,transport-moving,own-child,MALE,NO,500/1000,NO,High Risk,1,23,2,57500,0,-1288.95,3.999563366,1,0.711846184,8,4580,58,1,8271,1471.44,2000,1,9160,1,0,50380,5000000,36640,1
Fire,Front Collision,N,Major Damage,Single Vehicle Collision,Masters,handlers-cleaners,wife,FEMALE,unknown,500/1000,YES,Low Risk,0,61,0,0,-59500,6621.05,4.499545500,1,0.331685842,23,9900,475,1,3842,1265.72,500,1,9900,1,0,64350,0,44550,2
Ambulance,Rear Collision,Y,Major Damage,Multi-vehicle Collision,College,prof-specialty,other-relative,MALE,YES,250/500,YES,High Risk,1,29,2,47500,-58700,851.050000000,3.499684144,1,0.805811566,15,5540,96,3,2940,1274.7,1000,1,11080,1,0,55400,5000000,38780,3
Other,Front Collision,N,Total Loss,Single Vehicle Collision,MD,prof-specialty,wife,MALE,YES,100/300,NO,Low Risk,0,28,2,0,0,-2998.95,3.499649334,1,0.228563439,3,4990,99,1,2739,1330.39,500,1,9980,1,0,49900,0,34930,2
Ambulance,Side Collision,N,Minor Damage,Multi-vehicle Collision,Masters,priv-house-serv,other-relative,MALE,YES,500/1000,NO,Low Risk,0,28,0,78000,0,11991.05,3.999679513,1,0.163513935,4,12480,38,3,7495,1122.95,500,0,12480,1,0,74880,4000000,49920,3
Other,Front Collision,N,Minor Damage,Single Vehicle Collision,Masters,exec-managerial,husband,FEMALE,YES,250/500,YES,Low Risk,0,44,0,0,0,35331.05,4.499723604,1,0.194783411,8,16280,259,1,6854,1655.79,2000,0,16280,1,0,105820,0,73260,0
Police,unknown,N,Trivial Damage,Vehicle Theft,Associate,prof-specialty,own-child,MALE,YES,250/500,NO,Low Risk,0,43,1,0,-36000,-32728.95,7.987711214,1,0.036917351,21,1300,241,1,8106,935.77,1000,0,650,1,0,7150,0,5200,0
Ambulance,Front Collision,N,Total Loss,Single Vehicle Collision,Associate,craft-repair,own-child,MALE,NO,500/1000,YES,Low Risk,0,58,0,66100,-31400,-4448.95,2.999731207,1,0.159946116,23,11160,437,1,1632,1192.04,2000,0,11160,1,0,55800,0,33480,0
unknown,unknown,N,Trivial Damage,Parked Car,Masters,sales,other-relative,MALE,YES,100/300,unknown,Low Risk,0,34,1,0,-41200,-34218.95,3.496701225,1,0.040693010,8,1060,130,1,2119,990.11,500,0,1060,1,0,5830,0,3710,3
Ambulance,Side Collision,Y,Major Damage,Single Vehicle Collision,Associate,handlers-cleaners,unmarried,FEMALE,NO,100/300,YES,Medium Risk,1,41,2,0,-46400,13611.05,2.999825389,1,0.688732960,21,17180,269,1,6745,1422.21,2000,1,17180,1,0,85900,0,51540,1
Police,unknown,N,Minor Damage,Parked Car,Associate,prof-specialty,other-relative,MALE,NO,500/1000,NO,Low Risk,0,29,2,72100,0,-33188.95,2.998102467,1,0.036312706,5,790,103,1,7478,914.85,500,0,1580,1,0,7110,0,4740,3
Fire,Side Collision,N,Total Loss,Multi-vehicle Collision,PhD,prof-specialty,other-relative,MALE,YES,250/500,NO,Low Risk,0,43,0,48200,0,-11048.95,7.997619756,1,0.092303688,12,6720,284,3,8419,1123.84,500,0,3360,1,0,36960,0,26880,0
Police,Rear Collision,N,Minor Damage,Multi-vehicle Collision,College,tech-support,own-child,FEMALE,YES,250/500,unknown,Low Risk,0,39,2,0,0,13591.05,7.998757957,1,0.163461246,7,6440,189,3,6364,838.02,2000,0,6440,1,0,64400,0,51520,0
unknown,unknown,N,Minor Damage,Parked Car,PhD,adm-clerical,unmarried,MALE,YES,250/500,NO,Low Risk,0,43,1,49000,0,-36488.95,1440,1,0.070207326,0,480,267,1,4734,1300.68,500,0,0,1,0,1920,0,1440,3
Police,Rear Collision,Y,Major Damage,Single Vehicle Collision,JD,farming-fishing,not-in-family,MALE,YES,500/1000,YES,Medium Risk,1,22,0,0,0,24711.05,7.998978419,1,0.696861800,14,15660,39,1,8052,1173.21,500,1,7830,1,0,86130,0,62640,1
Fire,Side Collision,Y,Major Damage,Single Vehicle Collision,College,protective-serv,other-relative,FEMALE,unknown,250/500,unknown,High Risk,1,32,2,0,0,21831.05,7.998929193,1,0.732235823,13,14940,140,1,6675,985.97,1000,1,7470,1,0,82170,5000000,59760,3
Fire,Front Collision,Y,Major Damage,Single Vehicle Collision,College,farming-fishing,own-child,FEMALE,YES,100/300,unknown,Low Risk,1,41,1,17300,-60400,-2718.95,6.998608627,1,0.369305873,1,10060,243,1,6517,1129.23,1000,1,5030,1,0,50300,0,35210,0
Police,Side Collision,N,Major Damage,Single Vehicle Collision,MD,prof-specialty,husband,FEMALE,NO,250/500,NO,Low Risk,0,31,0,28600,0,-6988.95,3.499604117,1,0.275155878,23,4420,116,1,2263,1194.83,500,1,8840,1,0,44200,0,30940,0
Ambulance,Side Collision,N,Major Damage,Single Vehicle Collision,High School,transport-moving,other-relative,FEMALE,YES,100/300,unknown,Medium Risk,0,43,2,51300,0,16611.05,8.998515097,1,0.548363720,1,6060,219,1,4585,1114.29,1000,1,6060,1,0,66660,0,54540,2
Ambulance,Front Collision,N,Total Loss,Single Vehicle Collision,Associate,prof-specialty,husband,FEMALE,NO,250/500,YES,Low Risk,0,26,2,10000,0,19031.05,3.999719121,1,0.250549187,9,7120,96,1,3412,1509.04,2000,1,14240,1,0,78320,0,56960,3
Fire,Rear Collision,N,Total Loss,Single Vehicle Collision,PhD,craft-repair,wife,FEMALE,NO,250/500,unknown,Low Risk,0,34,0,0,-60000,34791.05,4.499721552,1,0.214311343,3,16160,149,1,3447,664.86,500,1,16160,1,0,105040,0,72720,1
Fire,Side Collision,N,Minor Damage,Single Vehicle Collision,JD,adm-clerical,husband,MALE,unknown,250/500,NO,Low Risk,0,43,2,0,0,2631.05,7.998422402,1,0.248052714,0,5070,246,1,754,1267.4,1000,1,5070,1,0,50700,6000000,40560,1
Fire,Front Collision,N,Total Loss,Multi-vehicle Collision,MD,exec-managerial,unmarried,FEMALE,NO,100/300,NO,Low Risk,0,45,1,51500,0,-3788.95,5.998945704,1,0.159252696,13,11380,293,3,8331,1119.23,1000,0,5690,1,0,51210,0,34140,1
Fire,Rear Collision,N,Total Loss,Multi-vehicle Collision,JD,other-service,unmarried,MALE,unknown,100/300,NO,Low Risk,0,48,2,0,0,-3368.95,3.999537091,1,0.189878626,18,8640,339,3,3410,1698.51,500,0,8640,1,0,51840,0,34560,1
Ambulance,Front Collision,N,Total Loss,Multi-vehicle Collision,High School,exec-managerial,husband,FEMALE,YES,500/1000,unknown,Low Risk,0,33,2,61600,0,4311.05,7.998485135,1,0.225353690,17,5280,160,3,2172,1422.78,1000,1,5280,1,0,52800,0,42240,3
Fire,Front Collision,N,Minor Damage,Single Vehicle Collision,College,prof-specialty,own-child,FEMALE,YES,500/1000,unknown,Low Risk,0,42,0,0,-51400,-5728.95,2.333164263,1,0.115038735,11,9200,224,1,3614,1212.75,500,0,13800,1,0,55200,0,32200,0
unknown,unknown,N,Minor Damage,Vehicle Theft,Associate,sales,not-in-family,MALE,NO,100/300,YES,Low Risk,0,34,0,55300,-37900,-31628.95,4.496788009,1,0.024464497,0,1400,194,1,7554,1423.34,1000,0,1400,1,0,9100,0,6300,3
Other,Rear Collision,N,Minor Damage,Multi-vehicle Collision,MD,craft-repair,husband,FEMALE,unknown,250/500,unknown,Low Risk,0,51,1,0,-61000,9391.05,6.998964650,1,0.155978823,14,13520,385,3,8979,976.37,1000,0,6760,1,0,67600,0,47320,3
Other,Rear Collision,N,Minor Damage,Single Vehicle Collision,College,adm-clerical,not-in-family,MALE,NO,250/500,NO,Low Risk,0,33,1,67300,0,-10728.95,3.999411851,1,0.093154910,4,6800,100,1,3602,1124.59,500,0,6800,1,0,40800,6000000,27200,2
Other,Side Collision,Y,Major Damage,Multi-vehicle Collision,PhD,machine-op-inspct,not-in-family,MALE,YES,250/500,NO,Medium Risk,1,50,2,79600,0,20571.05,4.499653873,1,0.470052548,2,13000,371,3,7658,1569.33,1000,1,13000,1,0,84500,0,58500,1
Other,Front Collision,Y,Major Damage,Multi-vehicle Collision,PhD,exec-managerial,husband,MALE,YES,500/1000,YES,High Risk,1,39,2,0,-43600,14151.05,7.998771310,1,0.812815478,9,13020,175,3,7256,1359.36,500,1,6510,1,0,71610,5000000,52080,2
Other,Rear Collision,Y,Major Damage,Multi-vehicle Collision,MD,sales,own-child,MALE,NO,250/500,unknown,Medium Risk,1,55,0,0,0,4491.05,3.499711245,1,0.695149578,21,6060,373,4,2821,1607.36,500,1,12120,1,0,60600,0,42420,2
Fire,Rear Collision,Y,Major Damage,Multi-vehicle Collision,Masters,exec-managerial,unmarried,MALE,NO,100/300,NO,High Risk,1,41,2,0,-44400,16231.05,2.666535375,1,0.761166887,0,6770,258,3,5106,1042.25,500,1,20310,1,0,81240,0,54160,3
Fire,Side Collision,N,Total Loss,Multi-vehicle Collision,PhD,armed-forces,not-in-family,FEMALE,NO,250/500,YES,Low Risk,0,39,0,38200,0,-17418.95,3.499402832,1,0.134460284,17,2930,255,3,4930,1453.95,500,0,5860,1,0,29300,0,20510,3
Fire,Side Collision,N,Total Loss,Multi-vehicle Collision,MD,sales,own-child,FEMALE,YES,500/1000,NO,Low Risk,0,31,1,0,0,17671.05,3.999712251,1,0.189732633,21,6950,37,3,2351,1969.63,500,0,13900,1,0,76450,0,55600,1
Fire,Side Collision,N,Major Damage,Multi-vehicle Collision,College,machine-op-inspct,husband,FEMALE,unknown,100/300,YES,Low Risk,0,44,0,49900,-62700,-3348.95,6.998583283,1,0.379698638,20,9880,322,3,3710,1156.19,1000,1,4940,1,0,49400,0,34580,3
Ambulance,Side Collision,N,Total Loss,Single Vehicle Collision,MD,tech-support,wife,FEMALE,unknown,100/300,NO,Low Risk,0,38,0,0,-45100,19681.05,3.499787376,1,0.205862370,5,16460,204,1,5204,1124.47,2000,1,16460,1,0,90530,0,57610,1
Police,unknown,N,Minor Damage,Vehicle Theft,Associate,priv-house-serv,not-in-family,FEMALE,NO,500/1000,NO,Low Risk,0,31,2,39900,-44000,-32088.95,7.989056088,1,0.073455489,7,1460,76,1,2880,1493.5,500,0,730,1,0,8030,5000000,5840,1
Fire,Side Collision,N,Minor Damage,Single Vehicle Collision,PhD,handlers-cleaners,not-in-family,FEMALE,YES,100/300,NO,Low Risk,0,40,0,34200,-32300,13191.05,7.998748240,1,0.264877596,6,6390,193,1,3683,1155.38,500,1,6390,1,0,63900,0,51120,0
Fire,Rear Collision,N,Minor Damage,Multi-vehicle Collision,PhD,machine-op-inspct,unmarried,MALE,NO,250/500,YES,Low Risk,0,55,0,57100,0,-8948.95,5.998758021,1,0.144987832,2,4830,405,4,5718,878.19,500,0,4830,1,0,38640,0,28980,2
Other,Rear Collision,N,Total Loss,Multi-vehicle Collision,JD,sales,not-in-family,MALE,YES,100/300,unknown,Low Risk,0,58,1,0,-40000,-10268.95,5.998698764,1,0.110467357,19,9220,435,3,6265,1145.85,2000,0,4610,1,0,41490,0,27660,1
Fire,Side Collision,N,Minor Damage,Multi-vehicle Collision,MD,protective-serv,unmarried,FEMALE,unknown,100/300,YES,Low Risk,0,35,2,68500,-42100,19591.05,7.998887498,1,0.147186289,21,14380,54,3,1612,1261.28,500,0,7190,1,0,79090,0,57520,0
Police,Side Collision,N,Major Damage,Multi-vehicle Collision,High School,machine-op-inspct,wife,MALE,unknown,100/300,unknown,Medium Risk,0,35,0,0,0,23601.05,6.999203731,1,0.447192238,3,17580,144,3,7823,1427.46,500,1,8790,1,0,87900,0,61530,0
Ambulance,Rear Collision,N,Total Loss,Single Vehicle Collision,Masters,prof-specialty,husband,MALE,YES,500/1000,unknown,Low Risk,0,32,2,58900,-29100,4791.05,7.998502153,1,0.249427615,22,5340,92,1,6217,1592.41,500,1,5340,1,0,53400,0,42720,3
Fire,Rear Collision,N,Total Loss,Single Vehicle Collision,College,machine-op-inspct,unmarried,MALE,NO,250/500,YES,Low Risk,0,36,2,51000,0,-4818.95,3.499630060,1,0.266983213,22,9460,173,1,2731,1274.63,1000,1,9460,1,0,52030,0,33110,3
Ambulance,Front Collision,N,Minor Damage,Single Vehicle Collision,High School,prof-specialty,wife,MALE,NO,250/500,NO,Low Risk,0,60,0,67600,-65300,21751.05,7.998927758,1,0.285320923,16,14920,436,1,8309,1362.31,500,1,7460,1,0,82060,0,59680,2
Ambulance,Front Collision,N,Minor Damage,Single Vehicle Collision,Associate,protective-serv,not-in-family,FEMALE,unknown,250/500,unknown,Low Risk,0,35,0,83600,0,-5688.95,3.999503784,1,0.196582982,0,8060,155,1,7832,919.37,1000,0,8060,1,0,48360,0,32240,3
Other,Side Collision,N,Minor Damage,Multi-vehicle Collision,Masters,armed-forces,unmarried,FEMALE,unknown,250/500,unknown,Low Risk,0,31,2,72600,0,-3068.95,2.999741847,1,0.177467489,1,5810,78,3,8734,1377.23,1000,0,11620,1,0,52290,0,34860,1
Police,Rear Collision,Y,Major Damage,Multi-vehicle Collision,College,protective-serv,wife,MALE,unknown,100/300,YES,High Risk,1,57,0,51500,-52100,5471.05,3.499717765,1,0.731523078,19,12400,440,3,2881,995.55,1000,1,12400,1,0,68200,5000000,43400,3
Other,Rear Collision,Y,Major Damage,Multi-vehicle Collision,PhD,craft-repair,wife,MALE,NO,100/300,unknown,High Risk,1,43,2,0,0,2571.05,5.999111243,1,0.792168156,0,13500,264,3,1725,1508.12,500,1,6750,1,0,60750,6000000,40500,1
Fire,Front Collision,Y,Major Damage,Multi-vehicle Collision,College,adm-clerical,wife,FEMALE,YES,500/1000,unknown,High Risk,1,30,0,21100,-60800,3791.05,3.499706400,1,0.725230799,2,11920,66,3,4232,484.67,500,1,11920,1,0,65560,0,41720,2
Police,Rear Collision,N,Minor Damage,Multi-vehicle Collision,High School,handlers-cleaners,husband,FEMALE,NO,500/1000,YES,Low Risk,0,50,1,21200,0,6801.05,3.499726156,1,0.157870747,5,12780,366,3,8946,1561.41,1000,0,12780,1,0,70290,0,44730,3
Ambulance,Rear Collision,N,Total Loss,Single Vehicle Collision,JD,adm-clerical,own-child,FEMALE,YES,100/300,unknown,Low Risk,0,37,2,46300,0,-2928.95,6.998600280,1,0.164911206,6,5000,188,1,7420,1457.21,500,0,5000,1,0,45000,0,35000,0
Fire,Rear Collision,N,Total Loss,Multi-vehicle Collision,JD,prof-specialty,other-relative,FEMALE,unknown,500/1000,YES,Low Risk,0,39,2,0,-47100,5331.05,6.998867497,1,0.222393946,21,12360,224,3,959,1128.71,1000,1,6180,1,0,61800,0,43260,1
Ambulance,Front Collision,N,Major Damage,Multi-vehicle Collision,MD,transport-moving,husband,FEMALE,NO,100/300,YES,Medium Risk,0,46,0,52900,0,9031.05,3.999659314,1,0.543896295,11,5870,253,3,3223,1358.2,500,1,11740,1,0,64570,0,46960,0
Other,Rear Collision,N,Minor Damage,Single Vehicle Collision,High School,adm-clerical,unmarried,FEMALE,YES,100/300,YES,Low Risk,0,61,2,49900,-62100,11421.05,3.499751791,1,0.197575834,3,7050,446,1,5754,1232.79,1000,0,14100,1,0,70500,0,49350,0
Police,Side Collision,N,Total Loss,Multi-vehicle Collision,JD,armed-forces,other-relative,MALE,YES,100/300,unknown,Low Risk,0,37,2,70600,-48500,-3188.95,5.998963910,1,0.113525436,4,17370,169,3,4805,936.19,1000,0,5790,1,0,57900,0,34740,1
Fire,Front Collision,N,Minor Damage,Multi-vehicle Collision,JD,prof-specialty,own-child,FEMALE,NO,250/500,NO,Low Risk,0,46,1,0,-52600,4151.05,3.999619808,1,0.188463830,2,5260,255,3,2970,1302.34,500,0,10520,1,0,57860,0,42080,0
Fire,Side Collision,N,Minor Damage,Single Vehicle Collision,PhD,transport-moving,husband,MALE,NO,100/300,unknown,Low Risk,0,39,1,67800,0,-12728.95,5.998571769,1,0.133756354,22,8400,209,1,6600,1264.99,500,0,4200,1,0,37800,0,25200,1
Ambulance,Front Collision,N,Total Loss,Single Vehicle Collision,MD,tech-support,own-child,FEMALE,YES,500/1000,unknown,Low Risk,0,37,1,38700,-33100,12711.05,7.998736377,1,0.294728233,8,6330,210,1,957,1467.76,500,1,6330,1,0,63300,0,50640,3
Ambulance,Rear Collision,N,Total Loss,Multi-vehicle Collision,College,farming-fishing,own-child,FEMALE,YES,250/500,YES,Low Risk,0,33,0,0,0,-6988.95,6.998416648,1,0.128278864,14,8840,174,3,284,1124.43,2000,0,4420,1,0,44200,0,30940,1
Police,Side Collision,N,Minor Damage,Multi-vehicle Collision,High School,machine-op-inspct,husband,MALE,YES,250/500,NO,Low Risk,0,28,1,67200,-59400,-13288.95,6.998011928,1,0.042459650,14,3520,70,4,4127,1319.81,1000,0,3520,1,0,31680,0,24640,0
Police,unknown,N,Trivial Damage,Parked Car,MD,tech-support,not-in-family,FEMALE,unknown,100/300,YES,Low Risk,0,32,1,49100,-45100,-37858.95,3.333333333,1,0.168231645,5,10,89,1,6,1482.53,2000,0,20,1,0,100,0,70,2
Fire,Front Collision,N,Minor Damage,Single Vehicle Collision,High School,protective-serv,other-relative,FEMALE,NO,100/300,NO,Low Risk,0,61,2,53000,0,5891.05,6.998881968,1,0.229614857,18,6260,458,1,8115,1328.18,1000,1,6260,1,0,56340,0,43820,1
Police,Rear Collision,N,Total Loss,Multi-vehicle Collision,JD,sales,own-child,FEMALE,YES,100/300,unknown,Low Risk,0,40,0,0,0,19131.05,8.998580666,1,0.247184316,20,6340,239,3,3726,1463.95,500,1,6340,1,0,69740,0,57060,0
Police,Front Collision,N,Total Loss,Multi-vehicle Collision,PhD,priv-house-serv,not-in-family,MALE,YES,100/300,YES,Low Risk,0,38,2,60200,0,2391.05,2.666490311,1,0.178215960,0,5040,161,3,4019,1133.85,2000,0,15120,1,0,60480,0,40320,2
Police,Rear Collision,N,Minor Damage,Multi-vehicle Collision,High School,tech-support,wife,FEMALE,NO,500/1000,unknown,Low Risk,0,61,2,0,-15700,22731.05,4.499666197,1,0.159828937,1,6740,446,3,3292,1037.32,1000,0,13480,1,0,80880,0,60660,1
Fire,Front Collision,N,Total Loss,Single Vehicle Collision,Masters,handlers-cleaners,not-in-family,FEMALE,YES,250/500,unknown,Low Risk,0,61,1,42800,-68200,-2008.95,7.998218660,1,0.142226670,10,8980,476,1,7945,1562.8,1000,0,4490,1,0,49390,0,35920,2
Ambulance,Front Collision,N,Minor Damage,Single Vehicle Collision,MD,armed-forces,other-relative,FEMALE,unknown,100/300,NO,Low Risk,0,29,0,62400,-52300,8311.05,3.999654009,1,0.174426666,12,11560,70,1,2948,1425.79,1000,0,11560,1,0,69360,0,46240,3
unknown,unknown,N,Minor Damage,Vehicle Theft,Associate,tech-support,other-relative,FEMALE,unknown,500/1000,NO,Low Risk,0,41,0,67100,0,-35548.95,3.494860499,1,0.032635329,6,680,233,1,6352,1615.14,2000,0,680,1,0,3740,0,2380,1
unknown,unknown,N,Trivial Damage,Parked Car,PhD,other-service,husband,MALE,NO,250/500,NO,Low Risk,0,33,0,0,-48700,-34248.95,3.995656895,1,0.034873420,1,460,122,1,8655,1236.5,500,0,920,1,0,5060,0,3680,1
Police,Front Collision,Y,Total Loss,Multi-vehicle Collision,MD,machine-op-inspct,wife,FEMALE,YES,500/1000,NO,Medium Risk,1,48,0,59900,-34800,-11848.95,3.999386597,1,0.641269661,21,3260,335,3,7106,1017.97,2000,1,6520,1,0,35860,0,26080,0
Ambulance,Front Collision,Y,Major Damage,Multi-vehicle Collision,Associate,machine-op-inspct,husband,MALE,unknown,100/300,YES,High Risk,1,40,2,46100,-46900,571.050000000,9.997403272,1,0.768340935,3,7700,257,3,5491,1306,2000,1,3850,1,0,50050,0,38500,1
Fire,Rear Collision,N,Minor Damage,Multi-vehicle Collision,College,priv-house-serv,unmarried,MALE,NO,500/1000,YES,Low Risk,0,27,0,50400,-61500,5031.05,7.998510519,1,0.145049125,14,10740,85,4,6768,1174.14,2000,0,5370,1,0,59070,0,42960,0
Fire,Front Collision,N,Minor Damage,Multi-vehicle Collision,College,adm-clerical,husband,MALE,unknown,500/1000,NO,Low Risk,0,30,1,0,-31700,-15808.95,6.997785511,1,0.097557157,19,3160,133,3,3420,1231.01,1000,0,3160,1,0,28440,0,22120,2
Fire,Front Collision,Y,Major Damage,Single Vehicle Collision,College,tech-support,wife,FEMALE,YES,250/500,YES,Medium Risk,1,34,2,57100,0,-8948.95,3.499577346,1,0.683480945,7,8280,119,1,1105,1299.18,500,1,8280,1,0,45540,0,28980,1
Fire,Rear Collision,N,Minor Damage,Single Vehicle Collision,JD,sales,not-in-family,FEMALE,YES,100/300,unknown,Low Risk,0,34,0,0,-57600,-10838.95,6.998191682,1,0.085606822,0,7740,169,1,6753,1469.75,500,0,3870,1,0,38700,0,27090,0
unknown,unknown,N,Trivial Damage,Parked Car,Masters,tech-support,other-relative,MALE,YES,250/500,YES,Low Risk,0,39,2,83900,-52100,-33688.95,7.984934087,1,0.047364879,6,1060,225,1,6892,1390.72,500,0,530,1,0,5830,0,4240,1
Other,Rear Collision,Y,Total Loss,Single Vehicle Collision,Associate,prof-specialty,husband,FEMALE,unknown,500/1000,YES,Medium Risk,1,32,0,0,0,5001.05,4.499528351,1,0.693748407,0,4770,84,1,5080,1694.09,500,1,9540,1,0,57240,7000000,42930,2
Police,Rear Collision,N,Total Loss,Multi-vehicle Collision,High School,armed-forces,husband,MALE,NO,100/300,YES,Low Risk,0,39,0,0,-36800,-4328.95,3.999523866,1,0.163005208,9,4200,169,3,4840,1140.15,2000,0,8400,1,0,46200,0,33600,3
Ambulance,Side Collision,N,Total Loss,Single Vehicle Collision,Masters,farming-fishing,wife,FEMALE,NO,100/300,YES,Low Risk,0,32,0,29300,0,8231.05,7.998613758,1,0.209886081,23,5770,124,1,3113,1310.71,1000,1,5770,1,0,57700,0,46160,1
Fire,Front Collision,N,Minor Damage,Multi-vehicle Collision,College,transport-moving,not-in-family,MALE,NO,250/500,NO,Low Risk,0,48,2,46300,-41700,4191.05,4.499519282,1,0.346466105,13,4680,320,3,636,1730.49,2000,1,9360,1,0,56160,7000000,42120,0
Fire,Side Collision,N,Total Loss,Multi-vehicle Collision,MD,adm-clerical,unmarried,MALE,YES,250/500,unknown,Low Risk,0,47,0,0,-59500,-4628.95,5.998919114,1,0.126479288,0,5550,297,3,1874,1616.65,500,0,5550,1,0,44400,7000000,33300,3
Ambulance,Rear Collision,Y,Major Damage,Single Vehicle Collision,Masters,machine-op-inspct,own-child,MALE,unknown,100/300,unknown,High Risk,1,56,2,49500,-81100,29511.05,7.999051121,1,0.761023764,7,16860,421,1,9097,1935.85,500,1,8430,1,0,92730,4000000,67440,3
Fire,Side Collision,N,Minor Damage,Single Vehicle Collision,PhD,craft-repair,not-in-family,FEMALE,YES,250/500,YES,Low Risk,0,33,0,37900,0,-16438.95,3.499430060,1,0.077468827,23,3070,136,1,4650,855.14,1000,0,6140,1,0,30700,0,21490,1
Fire,Side Collision,N,Major Damage,Single Vehicle Collision,High School,armed-forces,unmarried,FEMALE,unknown,250/500,NO,Low Risk,0,24,2,46800,0,1691.05,6.998763469,1,0.365631136,7,11320,46,1,5825,1568.47,2000,1,5660,1,0,56600,4000000,39620,0
unknown,unknown,N,Trivial Damage,Parked Car,MD,armed-forces,own-child,FEMALE,unknown,500/1000,YES,Low Risk,0,24,0,0,-27700,-35288.95,3.993948563,1,0.084128019,20,660,34,1,1324,1550.53,2000,0,660,1,0,3960,0,2640,1
Police,Rear Collision,N,Minor Damage,Single Vehicle Collision,College,transport-moving,unmarried,MALE,unknown,250/500,YES,Low Risk,0,30,0,48900,0,-13568.95,3.499497199,1,0.120324638,22,3480,95,1,7265,1370.92,2000,0,6960,1,0,34800,0,24360,3
Other,Rear Collision,N,Minor Damage,Multi-vehicle Collision,JD,armed-forces,not-in-family,FEMALE,YES,250/500,unknown,Low Risk,0,36,2,43200,0,25671.05,7.998993837,1,0.161951600,10,7950,140,3,8682,1363.59,500,0,7950,1,0,79500,0,63600,0
Police,Front Collision,N,Total Loss,Single Vehicle Collision,College,prof-specialty,other-relative,FEMALE,NO,250/500,unknown,Low Risk,0,34,2,0,0,6871.05,7.998571684,1,0.265229854,10,5600,200,1,4782,828.42,1000,1,5600,1,0,56000,3000000,44800,2
Ambulance,Rear Collision,Y,Minor Damage,Single Vehicle Collision,Masters,machine-op-inspct,not-in-family,FEMALE,YES,250/500,YES,Medium Risk,1,29,1,64800,-44200,19051.05,56980,1,0.668860350,17,16280,123,1,892,1209.63,500,1,0,1,0,73260,0,56980,0
unknown,unknown,N,Trivial Damage,Parked Car,MD,craft-repair,unmarried,MALE,YES,250/500,YES,Low Risk,0,46,2,35000,0,-34328.95,7.982261641,1,0.135366378,3,900,267,1,3830,1111.17,2000,0,450,1,0,4950,0,3600,3
Ambulance,Rear Collision,N,Minor Damage,Single Vehicle Collision,Masters,machine-op-inspct,own-child,MALE,NO,500/1000,NO,Low Risk,0,42,0,32500,0,-4328.95,3.499635455,1,0.130257998,10,4800,290,1,365,989.97,500,0,9600,1,0,48000,0,33600,1
Fire,Side Collision,N,Major Damage,Single Vehicle Collision,College,prof-specialty,wife,MALE,YES,250/500,YES,Low Risk,0,37,0,0,0,-1388.95,6.998659261,1,0.351184395,1,10440,45,1,1109,1114.23,1000,1,5220,1,0,52200,0,36540,1
Ambulance,Rear Collision,N,Minor Damage,Multi-vehicle Collision,JD,protective-serv,unmarried,FEMALE,unknown,250/500,NO,Low Risk,0,38,2,80900,-111100,11271.05,3.999674823,1,0.183786153,1,12300,186,3,2380,1347.31,2000,0,12300,1,0,73800,0,49200,3
Fire,Side Collision,N,Total Loss,Single Vehicle Collision,JD,protective-serv,other-relative,FEMALE,NO,250/500,unknown,Low Risk,0,34,1,0,-69600,16811.05,6.999104974,1,0.214476961,7,15640,135,1,6107,1687.53,2000,1,7820,1,0,78200,0,54740,2
Ambulance,Rear Collision,Y,Major Damage,Single Vehicle Collision,Associate,other-service,husband,MALE,NO,250/500,unknown,High Risk,1,33,2,0,0,-5728.95,3.499619607,1,0.734991800,19,13800,110,1,7225,1183.48,1000,1,9200,1,0,55200,0,32200,3
Other,Side Collision,N,Total Loss,Multi-vehicle Collision,PhD,handlers-cleaners,own-child,FEMALE,YES,500/1000,NO,Low Risk,0,43,0,0,-58300,6451.05,6.998896073,1,0.204529912,3,6340,259,3,8358,1537.13,2000,1,6340,1,0,57060,0,44380,2
unknown,unknown,N,Minor Damage,Vehicle Theft,Masters,protective-serv,husband,FEMALE,YES,250/500,NO,Low Risk,0,30,0,0,-34700,-34288.95,6.986564299,1,0.071875482,3,520,114,1,2786,1173.25,1000,0,520,1,0,4680,0,3640,3
Ambulance,Front Collision,Y,Minor Damage,Single Vehicle Collision,Masters,transport-moving,not-in-family,FEMALE,YES,250/500,NO,Medium Risk,1,56,2,0,-63700,4551.05,7.998493692,1,0.630520545,23,5310,404,1,1744,1361.16,1000,1,5310,1,0,53100,4000000,42480,0
unknown,unknown,N,Minor Damage,Vehicle Theft,MD,prof-specialty,husband,FEMALE,NO,500/1000,unknown,Low Risk,0,48,1,26900,-55300,-35368.95,7.975077882,1,0.039530424,7,640,282,1,8737,1422.56,2000,0,320,1,0,3520,7000000,2560,2
Ambulance,Front Collision,N,Total Loss,Multi-vehicle Collision,Masters,tech-support,own-child,FEMALE,YES,500/1000,NO,Low Risk,0,25,0,63100,-54100,5811.05,2.999794253,1,0.153009828,0,14580,57,3,6936,1143.06,2000,0,14580,1,0,72900,0,43740,1
Police,Rear Collision,N,Total Loss,Single Vehicle Collision,PhD,craft-repair,unmarried,FEMALE,NO,250/500,unknown,Low Risk,0,38,0,0,0,11561.05,3.499752493,1,0.268087968,10,7070,215,1,1798,1405.71,500,1,14140,1,0,70700,0,49490,1
Other,Side Collision,N,Minor Damage,Multi-vehicle Collision,College,adm-clerical,wife,FEMALE,unknown,100/300,unknown,Low Risk,0,30,0,100500,0,5831.05,3.999634403,1,0.158023114,4,5470,140,4,240,1354.2,500,0,10940,1,0,60170,0,43760,0
Other,Rear Collision,Y,Major Damage,Single Vehicle Collision,High School,exec-managerial,husband,MALE,unknown,100/300,unknown,Medium Risk,1,42,1,69500,-40700,16471.05,7.998823702,1,0.500367782,16,13600,250,1,3691,1055.6,500,1,6800,1,0,74800,0,54400,1
Police,unknown,N,Trivial Damage,Vehicle Theft,College,prof-specialty,wife,MALE,unknown,250/500,YES,Low Risk,0,41,2,25800,0,-35058.95,6.982968370,1,0.044650997,3,820,286,1,5241,999.43,1000,0,410,1,0,4100,0,2870,0
Other,Side Collision,N,Minor Damage,Single Vehicle Collision,High School,prof-specialty,husband,MALE,unknown,250/500,YES,Low Risk,0,47,0,0,0,6791.05,3.999642250,1,0.282183912,5,5590,356,1,3471,1155.97,2000,1,11180,1,0,61490,0,44720,3
unknown,unknown,N,Trivial Damage,Vehicle Theft,High School,other-service,own-child,MALE,unknown,250/500,unknown,Low Risk,0,29,0,0,0,-32888.95,3.497571131,1,0.029761104,14,720,65,1,8938,1726.91,1000,0,1440,1,0,7200,0,5040,0
Fire,Side Collision,N,Minor Damage,Multi-vehicle Collision,PhD,machine-op-inspct,not-in-family,FEMALE,unknown,500/1000,unknown,Low Risk,0,34,0,59500,0,-5128.95,7.998049256,1,0.240291074,7,8200,187,3,4349,1232.57,500,1,4100,1,0,45100,0,32800,0
Police,Front Collision,N,Minor Damage,Single Vehicle Collision,JD,craft-repair,not-in-family,MALE,YES,250/500,unknown,Low Risk,0,53,2,36800,0,10551.05,7.998680086,1,0.228480683,16,12120,386,1,2629,1078.65,500,1,6060,1,0,66660,0,48480,3
Police,Front Collision,Y,Major Damage,Single Vehicle Collision,PhD,prof-specialty,not-in-family,FEMALE,YES,500/1000,NO,High Risk,1,41,2,0,-64500,15551.05,6.999083890,1,0.705059760,6,15280,197,1,6771,1324.78,1000,1,7640,1,0,76400,0,53480,2
Ambulance,Rear Collision,N,Total Loss,Single Vehicle Collision,MD,craft-repair,not-in-family,FEMALE,NO,250/500,YES,Low Risk,0,37,1,0,0,-828.950000000,3.499669842,1,0.302265583,10,10600,166,1,7350,1518.54,500,1,10600,1,0,58300,0,37100,1
Police,Front Collision,N,Total Loss,Single Vehicle Collision,JD,transport-moving,husband,FEMALE,unknown,100/300,unknown,Low Risk,0,49,1,34900,0,3751.05,3.999616160,1,0.264125857,19,5210,293,1,6976,1239.06,2000,1,10420,1,0,57310,0,41680,1
Fire,Front Collision,N,Minor Damage,Single Vehicle Collision,PhD,priv-house-serv,own-child,FEMALE,unknown,500/1000,unknown,Low Risk,0,32,0,0,0,3371.05,6.998813760,1,0.225635764,10,5900,179,1,6618,1246.68,2000,1,5900,1,0,53100,0,41300,1
Ambulance,Side Collision,N,Total Loss,Multi-vehicle Collision,MD,priv-house-serv,husband,FEMALE,unknown,250/500,NO,Low Risk,0,24,1,0,0,14361.05,6.999063044,1,0.220000863,6,14940,76,3,1353,1622.67,1000,1,7470,1,0,74700,0,52290,1
Fire,Rear Collision,N,Major Damage,Multi-vehicle Collision,Associate,prof-specialty,own-child,FEMALE,NO,250/500,NO,Medium Risk,0,28,2,0,0,4421.05,6.998843166,1,0.505369889,12,12100,105,3,6982,1082.36,500,1,6050,1,0,60500,0,42350,2
Other,Side Collision,Y,Total Loss,Multi-vehicle Collision,Masters,protective-serv,unmarried,MALE,NO,250/500,YES,High Risk,1,26,2,0,-72100,23831.05,3.999740949,1,0.714487645,10,7720,97,3,6293,1270.55,1000,1,15440,1,0,84920,0,61760,3
Police,Side Collision,N,Total Loss,Single Vehicle Collision,MD,adm-clerical,own-child,FEMALE,NO,500/1000,NO,Low Risk,0,36,2,55100,0,6471.05,3.999639672,1,0.226532336,0,5550,148,1,6946,1236.32,1000,1,11100,1,0,61050,5000000,44400,0
Police,Rear Collision,Y,Major Damage,Multi-vehicle Collision,JD,exec-managerial,other-relative,MALE,unknown,250/500,YES,High Risk,1,26,2,49700,0,12311.05,7.998726317,1,0.770781883,12,12560,77,3,2434,785.82,2000,1,6280,1,0,69080,0,50240,0
unknown,unknown,N,Minor Damage,Vehicle Theft,JD,prof-specialty,own-child,FEMALE,YES,250/500,YES,Low Risk,0,46,1,52200,-44500,-34508.95,8.976377953,1,0.060595861,10,760,295,1,1868,1265.84,500,0,380,1,0,4560,0,3420,3
Police,Rear Collision,N,Total Loss,Multi-vehicle Collision,JD,machine-op-inspct,other-relative,FEMALE,unknown,250/500,NO,Low Risk,0,28,0,0,0,7271.05,3.999646049,1,0.307554675,3,11300,126,4,8397,1508.9,500,1,11300,1,0,67800,0,45200,1
Police,unknown,N,Minor Damage,Vehicle Theft,PhD,other-service,wife,MALE,YES,250/500,YES,Low Risk,0,32,1,43100,-31900,-34008.95,6.987522282,1,0.048905995,21,1120,132,1,6262,1106.84,2000,0,560,1,0,5600,0,3920,1
unknown,unknown,N,Minor Damage,Vehicle Theft,JD,other-service,wife,MALE,unknown,500/1000,unknown,Low Risk,0,55,0,0,-53200,-31628.95,3.498056635,1,0.056587484,6,900,370,1,787,1389.13,2000,0,1800,1,0,9000,7000000,6300,2
Police,Rear Collision,N,Total Loss,Single Vehicle Collision,JD,transport-moving,other-relative,FEMALE,YES,100/300,NO,Low Risk,0,43,0,52100,0,18951.05,7.998874982,1,0.192520363,0,21330,257,1,8318,974.84,1000,0,7110,1,0,85320,0,56880,1
unknown,unknown,Y,Trivial Damage,Vehicle Theft,PhD,machine-op-inspct,other-relative,FEMALE,YES,100/300,NO,Medium Risk,1,24,0,51700,-33300,-33608.95,3.996299722,1,0.643137277,6,540,9,1,4634,1304.46,2000,1,1080,1,0,5940,0,4320,3
Fire,Side Collision,Y,Major Damage,Multi-vehicle Collision,PhD,armed-forces,husband,FEMALE,unknown,250/500,YES,Medium Risk,1,34,1,0,0,-568.950000000,7.998287305,1,0.692902565,20,9340,185,3,1773,1257.36,500,1,4670,1,0,51370,0,37360,1
Police,Rear Collision,N,Major Damage,Single Vehicle Collision,Associate,protective-serv,own-child,MALE,YES,250/500,NO,Low Risk,0,43,2,0,-48800,-1808.95,6.998643674,1,0.352893943,4,10320,234,1,9106,1257.04,500,1,5160,1,0,51600,0,36120,2
unknown,unknown,N,Trivial Damage,Parked Car,High School,farming-fishing,own-child,FEMALE,unknown,100/300,NO,Low Risk,0,44,0,45800,0,-33728.95,6.988352745,1,0.080255891,9,600,253,1,2834,719.52,2000,0,600,1,0,5400,0,4200,3
Fire,Rear Collision,N,Minor Damage,Multi-vehicle Collision,JD,craft-repair,unmarried,MALE,YES,500/1000,unknown,Low Risk,0,39,1,0,0,81.050000000,6.998711103,1,0.184262796,20,5430,233,3,5119,1524.18,2000,0,5430,1,0,48870,0,38010,0
Police,unknown,N,Minor Damage,Vehicle Theft,JD,tech-support,husband,FEMALE,unknown,500/1000,NO,Low Risk,0,44,2,0,0,-34058.95,4.494773519,1,0.109070793,7,860,274,1,3101,1395.58,500,0,860,1,0,5590,0,3870,1
Other,Front Collision,Y,Major Damage,Multi-vehicle Collision,Masters,protective-serv,wife,MALE,unknown,500/1000,unknown,Medium Risk,1,48,0,0,-71400,10161.05,48090,1,0.658824990,18,6870,297,3,207,1243.68,1000,1,0,1,0,54960,0,48090,2
Police,Side Collision,N,Minor Damage,Multi-vehicle Collision,Associate,prof-specialty,own-child,FEMALE,unknown,500/1000,NO,Low Risk,0,47,1,59600,0,-10068.95,6.998241648,1,0.068315657,0,7960,273,3,1215,1189.04,1000,0,3980,1,0,39800,0,27860,3
Ambulance,Side Collision,Y,Major Damage,Multi-vehicle Collision,Masters,armed-forces,own-child,FEMALE,unknown,500/1000,unknown,High Risk,1,37,0,0,0,5751.05,6.998878385,1,0.715713140,11,6240,147,3,651,1375.29,2000,1,6240,1,0,56160,0,43680,1
Fire,Side Collision,N,Total Loss,Single Vehicle Collision,Associate,priv-house-serv,not-in-family,MALE,unknown,100/300,NO,Low Risk,0,42,0,63100,-79400,-1038.95,3.499667963,1,0.132717993,13,5270,285,1,8710,1389.13,500,0,10540,1,0,52700,0,36890,3
Fire,Side Collision,N,Minor Damage,Multi-vehicle Collision,Associate,sales,not-in-family,FEMALE,unknown,500/1000,YES,Low Risk,0,43,1,0,0,15411.05,6.999081485,1,0.254392922,19,7620,289,3,4404,1387.51,1000,1,7620,1,0,68580,0,53340,3
Ambulance,Side Collision,Y,Major Damage,Single Vehicle Collision,MD,craft-repair,own-child,MALE,YES,100/300,YES,High Risk,1,60,1,0,-54400,20481.05,2.999845925,1,0.721506794,23,12980,427,1,3366,1178.61,1000,1,19470,1,0,90860,7000000,58410,2
Police,unknown,N,Trivial Damage,Parked Car,Associate,priv-house-serv,wife,MALE,NO,250/500,NO,Low Risk,0,53,0,0,0,-33368.95,7.985989492,1,0.076427598,23,570,380,1,1371,1166.62,2000,0,570,1,0,5700,6000000,4560,3
Police,Side Collision,N,Total Loss,Multi-vehicle Collision,Associate,prof-specialty,not-in-family,MALE,YES,100/300,YES,Low Risk,0,21,2,0,-75000,39741.05,8.998957247,1,0.158196587,19,8630,13,3,3015,1556.31,1000,0,8630,1,0,94930,0,77670,0
Ambulance,Side Collision,Y,Major Damage,Single Vehicle Collision,MD,farming-fishing,not-in-family,MALE,NO,250/500,NO,Medium Risk,1,43,1,75800,0,-5168.95,3.499626108,1,0.421571499,19,4680,282,1,3095,1452.27,500,1,9360,1,0,46800,0,32760,2
Fire,Side Collision,N,Total Loss,Multi-vehicle Collision,MD,exec-managerial,wife,FEMALE,NO,500/1000,NO,Low Risk,0,47,2,66900,-51800,4311.05,5.999147848,1,0.270603542,17,7040,312,3,4649,1212.07,1000,1,7040,1,0,56320,0,42240,3
Fire,Front Collision,N,Minor Damage,Single Vehicle Collision,Associate,handlers-cleaners,husband,MALE,YES,100/300,NO,Low Risk,0,46,1,0,-41400,22791.05,3.999736513,1,0.282040998,18,7590,266,1,2169,1578.54,2000,1,15180,1,0,83490,0,60720,3
Police,Side Collision,N,Total Loss,Multi-vehicle Collision,College,machine-op-inspct,wife,FEMALE,unknown,500/1000,NO,Low Risk,0,36,2,0,-63500,8391.05,7.998618546,1,0.235347312,17,5790,30,3,5038,1488.26,500,1,5790,1,0,57900,0,46320,2
Fire,Rear Collision,N,Total Loss,Multi-vehicle Collision,High School,armed-forces,own-child,MALE,YES,250/500,unknown,Low Risk,0,36,1,0,0,501.050000000,6.998725187,1,0.179294311,11,5490,198,3,5092,1096.39,1000,0,5490,1,0,49410,0,38430,3
Fire,Side Collision,N,Minor Damage,Multi-vehicle Collision,Associate,tech-support,own-child,MALE,NO,500/1000,unknown,Low Risk,0,45,0,54400,0,15031.05,7.998791723,1,0.162396314,22,6620,290,3,7744,1215.36,2000,0,6620,1,0,66200,0,52960,1
Fire,Front Collision,N,Minor Damage,Single Vehicle Collision,MD,priv-house-serv,husband,MALE,NO,100/300,NO,Low Risk,0,46,0,35000,0,4791.05,3.999625503,1,0.167008992,7,10680,260,1,9133,1482.57,2000,0,10680,1,0,64080,0,42720,1
Other,Side Collision,N,Minor Damage,Multi-vehicle Collision,College,tech-support,other-relative,FEMALE,YES,250/500,unknown,Low Risk,0,43,2,0,0,-8178.95,6.998353329,1,0.164606787,17,8500,233,3,5385,954.18,1000,0,4250,1,0,42500,0,29750,3
Other,Side Collision,N,Total Loss,Multi-vehicle Collision,PhD,exec-managerial,own-child,MALE,unknown,500/1000,NO,Low Risk,0,30,2,0,-40800,-2328.95,7.998202651,1,0.308585066,16,8900,130,3,890,1193.4,2000,1,4450,1,0,48950,0,35600,3
Other,Rear Collision,N,Minor Damage,Multi-vehicle Collision,MD,adm-clerical,own-child,FEMALE,YES,100/300,NO,Low Risk,0,42,1,0,-45300,-478.950000000,3.499672928,1,0.170509204,13,10700,230,3,3734,1023.11,1000,0,10700,1,0,58850,0,37450,2
Other,Side Collision,N,Minor Damage,Multi-vehicle Collision,Masters,other-service,husband,FEMALE,YES,500/1000,YES,Low Risk,0,40,0,73200,0,27991.05,7.999029244,1,0.265604122,17,8240,212,3,4402,1524.45,1000,1,8240,1,0,82400,0,65920,2
Ambulance,Rear Collision,N,Minor Damage,Single Vehicle Collision,College,other-service,other-relative,FEMALE,unknown,500/1000,YES,Low Risk,0,44,2,0,-48800,2751.05,5.999115175,1,0.311896867,3,6780,299,1,2270,1653.32,1000,1,6780,1,0,54240,0,40680,0
Other,Front Collision,N,Minor Damage,Multi-vehicle Collision,Associate,armed-forces,other-relative,FEMALE,unknown,250/500,unknown,Low Risk,0,26,0,52700,0,21431.05,7.998921978,1,0.272471071,15,7420,91,3,5606,1022.46,1000,1,7420,1,0,74200,0,59360,2
Fire,Front Collision,N,Total Loss,Single Vehicle Collision,Associate,priv-house-serv,unmarried,FEMALE,unknown,100/300,YES,Low Risk,0,53,2,21500,0,-1038.95,6.998671979,1,0.204819456,16,5270,398,1,8806,1396.43,2000,1,5270,1,0,47430,0,36890,1
Fire,Rear Collision,Y,Major Damage,Single Vehicle Collision,Associate,priv-house-serv,other-relative,FEMALE,YES,250/500,unknown,High Risk,1,43,1,61100,-64500,9811.05,6.998973758,1,0.720427969,18,13640,218,1,6897,1521.55,500,1,6820,1,0,68200,0,47740,3
Fire,Front Collision,N,Minor Damage,Single Vehicle Collision,JD,armed-forces,husband,FEMALE,NO,100/300,NO,Low Risk,0,33,1,0,0,11771.05,6.999014223,1,0.185216362,18,7100,152,1,4989,1034.27,1000,0,7100,1,0,63900,0,49700,0
Ambulance,Rear Collision,N,Total Loss,Multi-vehicle Collision,JD,protective-serv,not-in-family,FEMALE,YES,100/300,NO,Low Risk,0,39,0,60300,-58900,3581.05,6.998819761,1,0.234418294,22,11860,212,2,1795,1255.35,1000,1,5930,1,0,59300,0,41510,3
Other,Front Collision,Y,Minor Damage,Multi-vehicle Collision,College,priv-house-serv,other-relative,FEMALE,YES,500/1000,NO,Medium Risk,1,44,1,0,-61600,8901.05,3.499738435,1,0.554413438,15,6690,242,3,4207,1396.89,2000,1,13380,1,0,66900,6000000,46830,2
Police,Rear Collision,Y,Major Damage,Multi-vehicle Collision,JD,farming-fishing,husband,MALE,unknown,500/1000,YES,High Risk,1,27,1,0,-51000,-8248.95,3.999460989,1,0.735298608,16,3710,80,3,148,795.31,500,1,7420,1,0,40810,0,29680,3
Fire,Front Collision,N,Total Loss,Single Vehicle Collision,JD,exec-managerial,not-in-family,FEMALE,unknown,100/300,unknown,Low Risk,0,43,1,54500,-72100,14851.05,6.999071741,1,0.174873458,18,15080,260,1,2080,982.22,500,0,7540,1,0,75400,0,52780,0
unknown,unknown,N,Minor Damage,Parked Car,JD,prof-specialty,husband,FEMALE,YES,500/1000,NO,Low Risk,0,34,2,70900,-61100,-34988.95,3.495838288,1,0.031593893,8,420,133,1,7414,1074.07,500,0,840,1,0,4200,0,2940,0
Ambulance,Side Collision,Y,Major Damage,Multi-vehicle Collision,Associate,machine-op-inspct,wife,FEMALE,YES,100/300,YES,High Risk,1,45,0,38500,0,3021.05,6.998803623,1,0.724137150,23,5850,290,3,8577,1311.3,1000,1,5850,1,0,52650,0,40950,0
Ambulance,Rear Collision,N,Major Damage,Single Vehicle Collision,PhD,armed-forces,own-child,FEMALE,YES,250/500,unknown,Low Risk,0,49,0,0,-46000,-11048.95,3.499544330,1,0.257054502,18,7680,322,1,4865,1277.12,2000,1,7680,1,0,42240,0,26880,2
Other,Side Collision,N,Minor Damage,Single Vehicle Collision,JD,sales,husband,FEMALE,YES,500/1000,YES,Low Risk,0,39,1,35200,0,8341.05,6.998941159,1,0.241659441,10,6610,228,1,852,1388.62,500,1,6610,1,0,59490,0,46270,0
Ambulance,Side Collision,Y,Major Damage,Single Vehicle Collision,MD,tech-support,unmarried,MALE,NO,100/300,NO,High Risk,1,37,0,0,0,-2568.95,7.998190455,1,0.700454795,12,4420,195,1,8602,1406.52,1000,1,4420,1,0,44200,8000000,35360,2
Police,unknown,N,Trivial Damage,Vehicle Theft,Masters,protective-serv,unmarried,FEMALE,unknown,100/300,YES,Low Risk,0,39,1,0,-49300,-32538.95,3.497728748,1,0.036267607,5,770,247,1,8511,1558.29,500,0,1540,1,0,7700,0,5390,2
Other,Front Collision,N,Total Loss,Multi-vehicle Collision,MD,priv-house-serv,other-relative,MALE,unknown,500/1000,unknown,Low Risk,0,57,2,46300,0,3031.05,3.999609413,1,0.262357951,21,10240,405,3,5490,1132.47,1000,1,10240,1,0,61440,4000000,40960,3
Fire,Rear Collision,Y,Major Damage,Multi-vehicle Collision,PhD,handlers-cleaners,not-in-family,FEMALE,NO,250/500,YES,Medium Risk,1,37,1,73700,0,151.050000000,3.499678338,1,0.478245223,17,5440,144,3,835,1896.91,2000,1,10880,1,0,54400,0,38080,3
Other,Front Collision,N,Total Loss,Single Vehicle Collision,MD,priv-house-serv,other-relative,MALE,unknown,500/1000,YES,Low Risk,0,47,2,0,0,1111.05,3.999590206,1,0.205983301,4,9760,338,1,7123,1143.46,500,1,9760,1,0,58560,4000000,39040,1
Fire,Front Collision,Y,Major Damage,Single Vehicle Collision,MD,priv-house-serv,wife,MALE,NO,500/1000,NO,Medium Risk,1,34,1,0,0,15911.05,7.998811469,1,0.474518870,11,6730,121,1,8745,1285.42,500,1,6730,1,0,67300,0,53840,1
Fire,Rear Collision,Y,Major Damage,Single Vehicle Collision,MD,farming-fishing,wife,MALE,YES,250/500,unknown,High Risk,1,55,1,66200,-49700,-11208.95,3.999401287,1,0.714210539,18,3340,398,1,8591,1305.26,2000,1,6680,1,0,36740,0,26720,3
Police,Rear Collision,N,Total Loss,Single Vehicle Collision,High School,machine-op-inspct,not-in-family,FEMALE,NO,100/300,unknown,Low Risk,0,30,0,0,0,16601.05,3.499775367,1,0.169758107,12,15580,9,1,7603,1073.83,1000,0,15580,1,0,85690,0,54530,0
Ambulance,Side Collision,Y,Major Damage,Multi-vehicle Collision,Associate,exec-managerial,not-in-family,FEMALE,NO,500/1000,YES,High Risk,1,31,0,0,0,-8038.95,6.998361040,1,0.732284161,18,0,115,3,3374,1051.67,1000,1,4270,1,0,34160,0,29890,3
Fire,Front Collision,N,Minor Damage,Single Vehicle Collision,JD,transport-moving,not-in-family,MALE,unknown,250/500,NO,Low Risk,0,48,2,0,-72000,2951.05,3.999608649,1,0.224384046,16,10220,280,1,203,1387.35,1000,1,10220,1,0,61320,0,40880,2
Police,Rear Collision,N,Total Loss,Multi-vehicle Collision,JD,other-service,husband,MALE,unknown,250/500,YES,Low Risk,0,45,0,59800,0,15191.05,3.999698818,1,0.131420200,19,13280,254,3,4181,1083.64,500,0,13280,1,0,79680,0,53120,0
Fire,Front Collision,N,Total Loss,Single Vehicle Collision,High School,craft-repair,other-relative,FEMALE,YES,250/500,NO,Low Risk,0,30,1,78800,0,10091.05,6.998979741,1,0.276799091,13,6860,141,1,5322,1851.78,1000,1,6860,1,0,61740,0,48020,0
unknown,unknown,N,Minor Damage,Parked Car,College,armed-forces,husband,MALE,NO,250/500,NO,Low Risk,0,55,0,24000,-50500,-32808.95,7.987519501,1,0.071111842,4,640,441,1,2031,1270.29,500,0,640,1,0,6400,4000000,5120,0
Fire,Rear Collision,N,Major Damage,Single Vehicle Collision,MD,other-service,wife,FEMALE,YES,500/1000,YES,Medium Risk,0,55,1,35900,0,4491.05,6.998845075,1,0.557970527,8,12120,381,1,8675,1459.99,500,1,6060,1,0,60600,0,42420,2
Ambulance,Side Collision,N,Major Damage,Multi-vehicle Collision,Masters,craft-repair,not-in-family,FEMALE,NO,100/300,NO,Medium Risk,0,38,2,0,0,3031.05,7.998437805,1,0.467022821,19,10240,191,3,3366,1253.44,2000,1,5120,1,0,56320,0,40960,0
Ambulance,Side Collision,N,Total Loss,Single Vehicle Collision,JD,priv-house-serv,other-relative,FEMALE,NO,100/300,YES,Low Risk,0,34,2,0,0,71.050000000,7.998316144,1,0.133853311,18,9500,145,1,9004,1142.48,1000,0,4750,1,0,52250,0,38000,0
Other,Rear Collision,N,Total Loss,Multi-vehicle Collision,MD,exec-managerial,other-relative,FEMALE,unknown,500/1000,unknown,Low Risk,0,60,0,0,-44800,-198.950000000,3.499675355,1,0.204312722,9,5390,479,2,4434,1188.45,1000,1,10780,1,0,53900,0,37730,3
unknown,unknown,N,Trivial Damage,Vehicle Theft,Masters,adm-clerical,husband,MALE,NO,500/1000,unknown,Low Risk,0,35,2,40000,-43400,-35948.95,4.489795918,1,0.041680458,6,220,215,1,3866,1125.4,1000,0,440,1,0,2640,0,1980,1
unknown,unknown,N,Minor Damage,Vehicle Theft,High School,transport-moving,husband,MALE,unknown,250/500,YES,Low Risk,0,33,0,0,0,-31718.95,4.496741492,1,0.028621484,8,1380,41,1,1611,1294.41,500,0,1380,1,0,8970,0,6210,0
unknown,unknown,N,Minor Damage,Parked Car,MD,priv-house-serv,not-in-family,MALE,unknown,100/300,unknown,Low Risk,0,31,1,0,0,-33928.95,3.996003996,1,0.043094290,6,1000,45,1,8921,1459.5,500,0,1000,1,0,6000,0,4000,3
Fire,Front Collision,Y,Major Damage,Multi-vehicle Collision,High School,armed-forces,own-child,MALE,unknown,100/300,unknown,Medium Risk,1,38,0,26500,0,711.050000000,6.998732114,1,0.531125730,23,11040,156,3,1980,1367.99,500,1,5520,1,0,55200,0,38640,3
unknown,unknown,N,Trivial Damage,Parked Car,Associate,exec-managerial,own-child,MALE,YES,250/500,NO,Low Risk,0,45,0,0,0,-32648.95,3.996971991,1,0.073908316,13,660,246,1,5638,1594.37,500,0,1320,1,0,7260,0,5280,3
Police,Front Collision,N,Minor Damage,Multi-vehicle Collision,JD,exec-managerial,own-child,FEMALE,unknown,100/300,NO,Low Risk,0,39,2,0,0,3231.05,3.499702406,1,0.100778296,3,11760,178,3,2141,1035.99,500,0,11760,1,0,64680,0,41160,0
Police,Rear Collision,N,Major Damage,Single Vehicle Collision,PhD,sales,husband,FEMALE,NO,250/500,NO,Medium Risk,0,43,0,53200,0,9431.05,3.999662191,1,0.485510005,23,0,237,1,2130,911.53,500,1,11840,1,0,59200,0,47360,1
unknown,unknown,N,Minor Damage,Vehicle Theft,Associate,craft-repair,own-child,FEMALE,unknown,500/1000,YES,Low Risk,0,34,1,73700,0,-34638.95,3.496280553,1,0.077582723,8,470,127,1,3079,1319.97,500,0,940,1,0,4700,0,3290,3
Other,Side Collision,N,Total Loss,Single Vehicle Collision,Associate,sales,husband,MALE,NO,250/500,YES,Low Risk,0,33,0,61200,0,17591.05,7.998847428,1,0.162818865,23,6940,1,1,7022,1391.63,2000,0,6940,1,0,69400,0,55520,3
Police,Side Collision,N,Total Loss,Single Vehicle Collision,High School,exec-managerial,own-child,FEMALE,NO,250/500,YES,Low Risk,0,21,0,0,0,-5528.95,7.998025179,1,0.137745118,23,4050,5,1,4473,915.41,500,0,4050,1,0,40500,5000000,32400,0
Fire,Side Collision,N,Minor Damage,Multi-vehicle Collision,JD,handlers-cleaners,other-relative,MALE,NO,500/1000,NO,Low Risk,0,28,2,56800,-51800,7071.05,4.499550045,1,0.180403134,9,5000,64,3,8497,1468.82,1000,0,10000,1,0,60000,0,45000,1
Other,Side Collision,N,Minor Damage,Single Vehicle Collision,PhD,armed-forces,wife,MALE,NO,500/1000,YES,Low Risk,0,30,2,66400,-63700,6951.05,3.999643526,1,0.139459561,22,11220,142,1,6205,1412.76,500,0,11220,1,0,67320,0,44880,3
Other,Side Collision,N,Total Loss,Multi-vehicle Collision,High School,tech-support,husband,FEMALE,YES,500/1000,YES,Low Risk,0,27,2,56700,-49300,20941.05,6.999167757,1,0.270409111,22,8410,97,3,4657,1588.26,500,1,8410,1,0,75690,0,58870,1
Fire,Side Collision,Y,Major Damage,Multi-vehicle Collision,Associate,adm-clerical,other-relative,MALE,unknown,100/300,NO,High Risk,1,31,1,51300,0,13511.05,7.998756026,1,0.762294623,15,6430,121,3,8611,1140.91,1000,1,6430,1,0,64300,0,51440,2
Police,Rear Collision,N,Major Damage,Multi-vehicle Collision,JD,priv-house-serv,own-child,MALE,YES,100/300,NO,Low Risk,0,43,2,0,-20900,13591.05,7.998757957,1,0.385230206,16,6440,225,3,3801,1517.54,1000,1,6440,1,0,64400,0,51520,0
Fire,Front Collision,N,Minor Damage,Multi-vehicle Collision,High School,priv-house-serv,husband,FEMALE,unknown,250/500,unknown,Low Risk,0,53,1,42900,-39100,26791.05,3.999752796,1,0.178137260,17,16180,425,3,8987,912.29,2000,0,16180,1,0,97080,0,64720,2
Police,unknown,N,Minor Damage,Vehicle Theft,MD,priv-house-serv,not-in-family,MALE,unknown,250/500,YES,Low Risk,0,44,1,52600,0,-33428.95,8.982035928,1,0.162736060,3,500,285,1,8568,1144.3,2000,0,500,1,0,5500,0,4500,0
Other,Rear Collision,N,Total Loss,Multi-vehicle Collision,Masters,transport-moving,not-in-family,FEMALE,NO,500/1000,unknown,Low Risk,0,38,0,65100,-50300,-16438.95,3.499430060,1,0.087022497,10,3070,192,3,1435,1281.43,1000,0,6140,1,0,30700,0,21490,2
Police,Side Collision,N,Minor Damage,Single Vehicle Collision,College,sales,wife,FEMALE,YES,100/300,NO,Low Risk,0,48,1,46100,0,-11888.95,6.998118785,1,0.087799447,9,3720,285,1,753,1101.85,2000,0,3720,1,0,33480,0,26040,2
Police,Front Collision,N,Total Loss,Multi-vehicle Collision,JD,exec-managerial,other-relative,MALE,YES,500/1000,unknown,Low Risk,0,26,0,0,-30900,5691.05,5.999174804,1,0.277987296,13,14540,98,2,5098,1082.1,2000,1,7270,1,0,65430,0,43620,1
Police,Rear Collision,Y,Major Damage,Multi-vehicle Collision,Masters,exec-managerial,not-in-family,MALE,YES,500/1000,YES,High Risk,1,36,2,44900,-52500,-6888.95,3.999484602,1,0.755623287,15,3880,175,3,8368,1185.44,500,1,7760,1,0,42680,0,31040,1
Fire,Side Collision,N,Minor Damage,Single Vehicle Collision,MD,craft-repair,not-in-family,MALE,NO,500/1000,unknown,Low Risk,0,45,1,30100,0,33891.05,8.998872322,1,0.248555932,23,7980,259,1,2935,1175.07,2000,1,7980,1,0,87780,0,71820,1
Fire,Front Collision,N,Major Damage,Multi-vehicle Collision,JD,transport-moving,own-child,FEMALE,YES,500/1000,YES,Medium Risk,0,36,0,0,-67000,5751.05,2.999793970,1,0.494315227,2,14560,140,4,5343,979.26,2000,1,14560,1,0,72800,0,43680,2
Fire,Rear Collision,Y,Major Damage,Single Vehicle Collision,High School,sales,wife,FEMALE,unknown,250/500,YES,Medium Risk,1,37,2,0,0,25351.05,7.998988750,1,0.560809903,14,0,231,1,8464,920.81,500,1,7910,1,0,71190,0,63280,0
unknown,unknown,N,Trivial Damage,Vehicle Theft,High School,adm-clerical,husband,MALE,YES,100/300,unknown,Low Risk,0,38,1,70300,-70900,-35128.95,6.982543641,1,0.050105013,7,400,186,1,604,922.85,500,0,400,1,0,3600,0,2800,1
Other,Side Collision,N,Major Damage,Single Vehicle Collision,PhD,tech-support,not-in-family,MALE,NO,250/500,NO,Low Risk,0,41,1,65400,0,3831.05,3.999616895,1,0.368419000,23,10440,229,1,5882,1107.59,2000,1,10440,1,0,62640,3000000,41760,3
Ambulance,Front Collision,N,Minor Damage,Multi-vehicle Collision,College,prof-specialty,wife,MALE,unknown,100/300,YES,Low Risk,0,36,2,0,0,12711.05,7.998736377,1,0.269792155,7,12660,180,3,47,1272.46,500,1,6330,1,0,69630,0,50640,1
Police,Rear Collision,Y,Minor Damage,Multi-vehicle Collision,High School,protective-serv,own-child,MALE,unknown,250/500,YES,Low Risk,1,33,1,0,-68800,17351.05,7.998842425,1,0.210527760,8,13820,188,3,7618,1340.24,1000,1,6910,1,0,76010,0,55280,0
Other,Rear Collision,N,Total Loss,Single Vehicle Collision,JD,transport-moving,not-in-family,MALE,YES,100/300,NO,Low Risk,0,40,1,57700,-43500,-5768.95,7.998010445,1,0.109286899,17,8040,214,1,5286,1648,1000,0,4020,1,0,44220,0,32160,0
Other,Rear Collision,N,Minor Damage,Multi-vehicle Collision,College,other-service,wife,FEMALE,NO,250/500,NO,Low Risk,0,38,0,0,0,3671.05,3.999615422,1,0.212481630,10,5200,178,3,101,1381.14,500,1,10400,1,0,57200,0,41600,3
Police,unknown,N,Minor Damage,Vehicle Theft,MD,priv-house-serv,wife,MALE,NO,500/1000,NO,Low Risk,0,35,0,0,0,-35968.95,3.493761141,1,0.115918589,9,560,55,1,1440,1198.44,500,0,560,1,0,3080,8000000,1960,3
Other,Rear Collision,N,Total Loss,Single Vehicle Collision,PhD,other-service,not-in-family,FEMALE,YES,250/500,YES,Low Risk,0,31,1,42100,0,17191.05,7.998839065,1,0.180297567,2,13780,90,1,8962,951.27,2000,0,6890,1,0,75790,0,55120,0
Ambulance,Rear Collision,N,Minor Damage,Multi-vehicle Collision,MD,farming-fishing,wife,FEMALE,NO,500/1000,NO,Low Risk,0,30,0,37100,-46500,-14168.95,7.997307304,1,0.154489490,18,5940,135,3,2189,1341.24,2000,0,2970,1,0,32670,0,23760,1
Police,unknown,N,Minor Damage,Vehicle Theft,Associate,adm-clerical,husband,FEMALE,NO,250/500,unknown,Low Risk,0,46,2,0,-65500,-35348.95,2.996515679,1,0.164872803,4,430,277,1,8113,1177.57,2000,0,860,1,0,3870,0,2580,3
Fire,Front Collision,Y,Total Loss,Single Vehicle Collision,Masters,transport-moving,own-child,FEMALE,YES,250/500,unknown,Medium Risk,1,38,0,0,0,28631.05,3.999759630,1,0.670784230,12,8320,211,1,6466,1055.09,1000,1,16640,1,0,91520,0,66560,3
Other,Front Collision,Y,Major Damage,Single Vehicle Collision,Masters,prof-specialty,unmarried,MALE,YES,250/500,YES,Medium Risk,1,32,1,0,0,16391.05,3.999705471,1,0.544184301,15,6790,156,1,8334,1479.48,500,1,13580,1,0,74690,0,54320,3
Police,unknown,N,Trivial Damage,Vehicle Theft,Associate,priv-house-serv,other-relative,MALE,unknown,500/1000,YES,Low Risk,0,30,1,0,-15900,-34568.95,3.995243757,1,0.051741184,9,420,84,1,7122,1827.38,2000,0,840,1,0,4620,0,3360,3
Police,Side Collision,Y,Major Damage,Single Vehicle Collision,JD,sales,not-in-family,FEMALE,NO,100/300,YES,Medium Risk,1,32,0,0,0,-2928.95,3.499650035,1,0.672271992,6,10000,136,1,5152,1169.62,500,1,10000,1,0,55000,0,35000,0
Police,Rear Collision,Y,Major Damage,Multi-vehicle Collision,JD,adm-clerical,unmarried,FEMALE,NO,100/300,YES,High Risk,1,48,0,11000,0,1671.05,5.999091047,1,0.796214689,11,13200,310,4,5630,1516.34,500,1,6600,1,0,59400,0,39600,2
Fire,Side Collision,N,Total Loss,Multi-vehicle Collision,College,sales,husband,FEMALE,unknown,500/1000,NO,Low Risk,0,34,1,16100,-61200,11191.05,49120,1,0.195800911,13,6140,123,3,2874,1270.21,2000,0,0,1,0,55260,0,49120,1
Other,Side Collision,N,Minor Damage,Multi-vehicle Collision,JD,craft-repair,other-relative,MALE,YES,250/500,unknown,Low Risk,0,44,2,33200,0,-1948.95,3.499659566,1,0.223767410,4,5140,243,3,6242,809.11,500,1,10280,1,0,51400,0,35980,1
Ambulance,Side Collision,N,Minor Damage,Multi-vehicle Collision,Masters,machine-op-inspct,husband,FEMALE,unknown,500/1000,YES,Low Risk,0,37,1,0,-59800,-5408.95,2.999723273,1,0.210163899,20,5420,36,3,463,1115.81,1000,1,10840,1,0,48780,0,32520,3
Ambulance,Rear Collision,N,Major Damage,Multi-vehicle Collision,College,armed-forces,own-child,FEMALE,unknown,100/300,NO,Medium Risk,0,31,1,0,0,2811.05,6.998797457,1,0.488469981,0,5820,146,3,8901,1457.65,1000,1,5820,1,0,52380,5000000,40740,3
Other,Side Collision,Y,Total Loss,Multi-vehicle Collision,JD,priv-house-serv,husband,FEMALE,YES,100/300,unknown,Medium Risk,1,34,2,53100,-43900,9391.05,3.499741143,1,0.651873132,18,13520,154,4,5592,1041.36,1000,1,13520,1,0,74360,0,47320,3
Police,Front Collision,N,Minor Damage,Single Vehicle Collision,High School,protective-serv,other-relative,MALE,unknown,250/500,unknown,Low Risk,0,40,1,44000,-20800,4791.05,7.998502153,1,0.171178681,6,5340,204,1,8312,1693.83,1000,0,5340,1,0,53400,7000000,42720,0
Police,Front Collision,N,Total Loss,Single Vehicle Collision,High School,protective-serv,wife,FEMALE,YES,100/300,unknown,Low Risk,0,59,2,31400,0,5151.05,2.999791101,1,0.313030768,23,14360,458,1,2175,1685.69,1000,1,14360,1,0,71800,0,43080,2
Other,Front Collision,Y,Major Damage,Single Vehicle Collision,PhD,prof-specialty,own-child,FEMALE,unknown,250/500,unknown,Medium Risk,1,31,0,51900,0,21781.05,59710,1,0.441326629,4,8530,147,1,6549,1054.92,500,1,0,1,0,68240,6000000,59710,0
Other,Rear Collision,Y,Major Damage,Multi-vehicle Collision,MD,other-service,unmarried,FEMALE,unknown,250/500,unknown,High Risk,1,45,1,61100,-30700,921.050000000,3.499684713,1,0.708333816,21,11100,279,3,8385,1333.97,2000,1,11100,1,0,61050,6000000,38850,0
unknown,unknown,N,Minor Damage,Parked Car,Associate,craft-repair,own-child,FEMALE,YES,100/300,unknown,Low Risk,0,47,1,45700,-41400,-34058.95,4.494773519,1,0.149490484,7,860,308,1,474,1013.61,1000,0,860,1,0,5590,6000000,3870,1
Fire,Side Collision,N,Major Damage,Multi-vehicle Collision,PhD,machine-op-inspct,husband,FEMALE,unknown,500/1000,unknown,Low Risk,0,48,0,47900,0,-8108.95,3.499589250,1,0.307520411,19,8520,284,3,2442,958.3,500,1,8520,1,0,46860,0,29820,0
unknown,unknown,N,Minor Damage,Parked Car,PhD,other-service,own-child,FEMALE,NO,250/500,NO,Low Risk,0,31,1,52800,-54300,-35198.95,3.495518566,1,0.085286219,5,780,108,1,4757,1112.04,2000,0,780,1,0,4290,6000000,2730,3
Police,Front Collision,N,Minor Damage,Multi-vehicle Collision,Associate,armed-forces,own-child,FEMALE,NO,250/500,YES,Low Risk,0,57,0,69900,0,17021.05,6.999108394,1,0.102028878,22,15700,421,3,4687,1206.26,2000,0,7850,1,0,78500,0,54950,0
Police,Side Collision,N,Total Loss,Single Vehicle Collision,Associate,prof-specialty,own-child,MALE,YES,500/1000,YES,Low Risk,0,42,1,12800,-49700,17161.05,6.999110659,1,0.345407309,12,7870,266,1,6047,763.67,1000,1,7870,1,0,70830,0,55090,3
Police,Front Collision,N,Total Loss,Multi-vehicle Collision,High School,handlers-cleaners,own-child,MALE,NO,250/500,NO,Low Risk,0,56,0,0,-66100,7431.05,5.999206454,1,0.259519294,19,15120,412,3,4541,1042.56,500,1,7560,1,0,68040,0,45360,2
Fire,Side Collision,Y,Major Damage,Single Vehicle Collision,JD,other-service,wife,FEMALE,unknown,100/300,unknown,High Risk,1,32,2,46800,-87300,9771.05,4.499575512,1,0.781198529,10,5300,31,1,5632,1263.48,2000,1,10600,1,0,63600,4000000,47700,0
Other,Side Collision,N,Minor Damage,Single Vehicle Collision,Masters,sales,own-child,FEMALE,unknown,250/500,NO,Low Risk,0,63,0,0,0,-4048.95,6.998554018,1,0.148186741,7,4840,465,1,1120,1006.99,500,0,4840,1,0,43560,6000000,33880,3
Police,Front Collision,N,Total Loss,Single Vehicle Collision,Masters,sales,not-in-family,MALE,NO,250/500,NO,Low Risk,0,31,1,42300,-45800,2631.05,5.999112557,1,0.304115719,17,13520,126,1,6711,1328.26,1000,1,6760,1,0,60840,0,40560,1
Police,Side Collision,N,Total Loss,Multi-vehicle Collision,PhD,tech-support,wife,FEMALE,YES,100/300,unknown,Low Risk,0,55,2,0,-57700,7511.05,3.999647918,1,0.234919962,0,11360,407,3,6908,1250.08,1000,1,11360,1,0,68160,5000000,45440,3
unknown,unknown,N,Minor Damage,Parked Car,College,transport-moving,unmarried,FEMALE,NO,500/1000,NO,Low Risk,0,27,1,30800,-43700,-34168.95,7.983014862,1,0.058820816,9,940,101,1,6260,982.7,500,0,470,1,0,5170,6000000,3760,0
Ambulance,Side Collision,N,Total Loss,Single Vehicle Collision,Masters,protective-serv,not-in-family,FEMALE,unknown,500/1000,unknown,Low Risk,0,37,0,60100,0,8231.05,7.998613758,1,0.223259512,21,5770,187,1,526,1412.06,1000,1,5770,1,0,57700,5000000,46160,3
Other,Front Collision,N,Total Loss,Multi-vehicle Collision,JD,handlers-cleaners,own-child,FEMALE,NO,500/1000,NO,Low Risk,0,46,0,0,0,21751.05,3.999731921,1,0.214361448,22,14920,252,3,6635,1066.7,2000,1,14920,1,0,89520,0,59680,2
unknown,unknown,N,Minor Damage,Vehicle Theft,High School,protective-serv,not-in-family,MALE,YES,250/500,NO,Low Risk,0,43,1,42600,-44400,-34568.95,3.995243757,1,0.030183395,3,420,229,1,6462,1585.54,2000,0,840,1,0,4620,0,3360,0
Ambulance,Rear Collision,N,Minor Damage,Single Vehicle Collision,JD,craft-repair,other-relative,FEMALE,unknown,250/500,YES,Low Risk,0,39,0,0,-36600,-2788.95,6.998605855,1,0.186094291,16,5020,246,1,2840,1416.08,1000,0,5020,1,0,45180,0,35140,3
Other,Side Collision,N,Total Loss,Single Vehicle Collision,JD,craft-repair,unmarried,MALE,NO,250/500,YES,Low Risk,0,38,0,61900,-50000,-6358.95,6.998448238,1,0.111608036,14,9020,190,1,2688,1246.03,500,0,4510,1,0,45100,0,31570,0
Police,Side Collision,N,Total Loss,Multi-vehicle Collision,Masters,machine-op-inspct,not-in-family,MALE,YES,500/1000,YES,Low Risk,0,32,0,67800,-48600,14991.05,3.499768534,1,0.149793138,21,15120,95,3,6638,1356.64,2000,0,15120,1,0,83160,0,52920,3
Police,Rear Collision,N,Minor Damage,Single Vehicle Collision,High School,priv-house-serv,other-relative,FEMALE,NO,100/300,NO,Low Risk,0,42,2,0,0,16881.05,3.499776515,1,0.157248705,19,15660,205,1,2541,1387.7,2000,0,15660,1,0,86130,4000000,54810,1
Fire,Front Collision,N,Major Damage,Multi-vehicle Collision,Masters,priv-house-serv,wife,MALE,NO,100/300,NO,Low Risk,0,25,1,35400,0,-4328.95,6.998541970,1,0.312101667,13,9600,41,3,4232,1004.14,1000,1,4800,1,0,48000,0,33600,3
Police,unknown,N,Minor Damage,Vehicle Theft,High School,protective-serv,husband,FEMALE,YES,500/1000,NO,Low Risk,0,35,0,0,-45300,-35828.95,3.494176373,1,0.027123831,21,600,137,1,8676,1107.07,500,0,600,1,0,3300,0,2100,0
Ambulance,Rear Collision,N,Minor Damage,Multi-vehicle Collision,JD,protective-serv,husband,FEMALE,YES,100/300,NO,Low Risk,0,34,1,67800,0,2111.05,6.998776438,1,0.181453883,11,11440,194,3,8611,1429.96,500,0,5720,1,0,57200,0,40040,2
Police,unknown,N,Trivial Damage,Vehicle Theft,Associate,adm-clerical,husband,FEMALE,unknown,250/500,unknown,Low Risk,0,35,2,0,-48800,-32408.95,7.988422576,1,0.034199816,16,1380,128,1,5022,1074.99,1000,0,690,1,0,7590,0,5520,0
Police,Rear Collision,N,Total Loss,Single Vehicle Collision,PhD,transport-moving,unmarried,FEMALE,unknown,500/1000,NO,Low Risk,0,37,0,30400,-89400,17511.05,4.499634770,1,0.212750750,9,12320,150,1,317,1007,1000,1,12320,1,0,80080,0,55440,2
Police,unknown,N,Minor Damage,Vehicle Theft,MD,protective-serv,other-relative,FEMALE,YES,100/300,NO,Low Risk,0,30,0,0,-70100,-34568.95,6.985446985,1,0.062538178,8,960,104,1,1651,1052.85,500,0,480,1,0,4800,0,3360,0
Police,unknown,Y,Minor Damage,Vehicle Theft,High School,craft-repair,own-child,FEMALE,YES,500/1000,unknown,Medium Risk,1,37,2,0,-36400,-35198.95,3.495518566,1,0.639606974,7,390,163,1,1899,1200.33,1000,1,780,1,0,3900,4000000,2730,1
Other,Front Collision,N,Minor Damage,Single Vehicle Collision,Masters,handlers-cleaners,other-relative,MALE,NO,100/300,unknown,Low Risk,0,26,0,64600,0,34391.05,7.999115142,1,0.138459562,12,9040,80,1,4988,1343,1000,0,9040,1,0,90400,0,72320,0
Other,Rear Collision,N,Minor Damage,Multi-vehicle Collision,MD,sales,own-child,FEMALE,unknown,250/500,YES,Low Risk,0,29,0,0,0,6101.05,3.499721803,1,0.185764793,21,6290,65,3,3864,1441.6,2000,0,12580,1,0,62900,5000000,44030,0
Police,Rear Collision,Y,Major Damage,Single Vehicle Collision,Associate,protective-serv,own-child,FEMALE,NO,100/300,YES,High Risk,1,32,1,53800,0,11.050000000,3.499677152,1,0.782434359,4,5420,179,1,7473,1433.42,1000,1,10840,1,0,54200,6000000,37940,2
Police,Side Collision,N,Major Damage,Multi-vehicle Collision,MD,tech-support,other-relative,FEMALE,YES,500/1000,NO,Medium Risk,0,50,2,0,0,-1668.95,3.499662195,1,0.407641269,18,5180,372,3,3782,1368.57,2000,1,10360,1,0,51800,0,36260,2
Police,unknown,N,Trivial Damage,Vehicle Theft,High School,adm-clerical,unmarried,MALE,unknown,250/500,unknown,Low Risk,0,55,2,69400,0,-33128.95,3.996669442,1,0.113447334,7,600,398,1,9040,862.19,500,0,1200,1,0,6600,0,4800,3
Fire,Side Collision,N,Total Loss,Single Vehicle Collision,MD,tech-support,husband,MALE,YES,250/500,YES,Low Risk,0,35,2,58500,-77700,15991.05,7.998813232,1,0.179196541,13,13480,213,1,8890,871.46,500,0,6740,1,0,74140,0,53920,0
Fire,Front Collision,N,Total Loss,Single Vehicle Collision,Associate,priv-house-serv,not-in-family,FEMALE,unknown,500/1000,NO,Low Risk,0,25,2,53400,-35200,9531.05,6.998967704,1,0.242115632,0,13560,79,1,5213,1863.04,500,1,6780,1,0,67800,0,47460,1
Fire,Rear Collision,Y,Major Damage,Single Vehicle Collision,College,other-service,wife,MALE,YES,250/500,unknown,High Risk,1,44,1,25800,0,851.050000000,3.499684144,1,0.755086857,22,5540,232,1,7433,1181.64,2000,1,11080,1,0,55400,0,38780,1
Ambulance,Rear Collision,Y,Major Damage,Single Vehicle Collision,PhD,tech-support,own-child,MALE,unknown,500/1000,YES,Low Risk,1,37,2,0,-51500,-3558.95,6.998574628,1,0.314261578,15,9820,230,1,3560,1060.74,1000,1,4910,1,0,49100,0,34370,3
Police,Side Collision,Y,Major Damage,Multi-vehicle Collision,JD,transport-moving,wife,FEMALE,unknown,100/300,NO,High Risk,1,41,2,59400,-78600,37671.05,9.998677424,1,0.794313542,3,15120,234,3,9034,951.56,500,1,7560,1,0,98280,0,75600,1
Fire,Rear Collision,N,Total Loss,Multi-vehicle Collision,JD,protective-serv,own-child,FEMALE,unknown,100/300,YES,Low Risk,0,40,0,0,-70900,10471.05,3.999669449,1,0.353963143,18,6050,240,2,3773,1533.71,500,1,12100,1,0,66550,9000000,48400,2
Fire,Side Collision,N,Major Damage,Multi-vehicle Collision,Associate,craft-repair,unmarried,FEMALE,unknown,500/1000,unknown,Medium Risk,0,33,2,38400,-5700,11351.05,6.999005823,1,0.578164552,17,14080,143,3,7727,1200.09,1000,1,7040,1,0,70400,0,49280,2
Ambulance,Side Collision,Y,Major Damage,Multi-vehicle Collision,Associate,adm-clerical,other-relative,MALE,NO,100/300,unknown,Medium Risk,1,42,1,0,-49600,2031.05,4.499493300,1,0.655581417,18,4440,266,3,4370,1093.83,500,1,8880,1,0,53280,4000000,39960,1
Other,Front Collision,N,Total Loss,Single Vehicle Collision,High School,craft-repair,unmarried,FEMALE,YES,250/500,unknown,Low Risk,0,32,2,27600,0,15901.05,3.499772447,1,0.390020291,11,15380,89,1,6610,988.93,1000,1,15380,1,0,84590,0,53830,3
Other,Rear Collision,N,Total Loss,Single Vehicle Collision,Masters,farming-fishing,not-in-family,FEMALE,YES,500/1000,NO,Low Risk,0,37,0,0,-55400,-3208.95,3.499647213,1,0.304265459,17,9920,229,1,7289,1331.94,1000,1,9920,1,0,54560,0,34720,2
Ambulance,Rear Collision,N,Minor Damage,Single Vehicle Collision,PhD,handlers-cleaners,unmarried,MALE,YES,500/1000,YES,Medium Risk,0,40,0,39300,0,29301.05,8.998795342,1,0.408238111,12,7470,245,1,1892,1361.45,1000,1,7470,1,0,82170,0,67230,2
Police,Front Collision,N,Total Loss,Multi-vehicle Collision,College,handlers-cleaners,unmarried,MALE,NO,250/500,unknown,Low Risk,0,44,1,0,-65800,4841.05,3.499713608,1,0.244602757,15,6110,50,3,5195,1188.51,2000,1,12220,1,0,61100,0,42770,2
Police,Front Collision,Y,Minor Damage,Multi-vehicle Collision,High School,exec-managerial,other-relative,MALE,YES,500/1000,unknown,Low Risk,1,43,0,28900,0,-1598.95,3.499662846,1,0.212353522,0,5190,230,3,2883,1101.83,2000,1,10380,1,0,51900,0,36330,3
Police,unknown,N,Trivial Damage,Parked Car,JD,adm-clerical,unmarried,FEMALE,unknown,250/500,unknown,Low Risk,0,39,2,32500,-80800,-35348.95,5.986078886,1,0.088618725,9,430,17,1,3043,840.95,1000,0,430,1,0,3440,0,2580,1
Ambulance,Side Collision,N,Total Loss,Single Vehicle Collision,MD,other-service,husband,MALE,NO,250/500,YES,Low Risk,0,36,2,55700,-49900,-3668.95,2.999737326,1,0.126906406,1,5710,163,1,5511,1503.21,1000,0,11420,1,0,51390,0,34260,1
Other,Side Collision,N,Major Damage,Single Vehicle Collision,High School,other-service,wife,MALE,unknown,100/300,unknown,Low Risk,0,32,0,0,-21500,23591.05,7.998959823,1,0.376514133,22,7690,29,1,4666,1722.5,1000,1,7690,1,0,76900,0,61520,2
Other,Rear Collision,Y,Minor Damage,Single Vehicle Collision,College,handlers-cleaners,not-in-family,MALE,unknown,100/300,YES,Low Risk,1,42,2,0,-58400,15971.05,6.999091027,1,0.270478115,11,15400,232,1,660,944.03,500,1,7700,1,0,77000,0,53900,3
Other,Side Collision,Y,Major Damage,Single Vehicle Collision,JD,craft-repair,other-relative,MALE,unknown,500/1000,unknown,High Risk,1,39,0,0,0,3831.05,4.499515138,1,0.782583152,10,9280,235,1,622,1453.61,2000,1,9280,1,0,60320,4000000,41760,3
Fire,Rear Collision,N,Minor Damage,Single Vehicle Collision,High School,armed-forces,wife,FEMALE,NO,100/300,YES,Low Risk,0,46,1,0,0,4561.05,6.998846977,1,0.294959373,5,12140,295,1,5883,1672.88,500,1,6070,1,0,60700,0,42490,1
Police,Rear Collision,N,Total Loss,Multi-vehicle Collision,High School,exec-managerial,husband,FEMALE,unknown,250/500,YES,Low Risk,0,21,1,37500,-54000,9431.05,47360,1,0.220376553,3,5920,22,3,2783,1248.05,1000,1,0,1,0,53280,0,47360,2
Fire,Rear Collision,N,Minor Damage,Single Vehicle Collision,MD,prof-specialty,unmarried,FEMALE,YES,100/300,unknown,Low Risk,0,43,2,77500,-32800,-11258.95,6.998163212,1,0.092992098,18,3810,286,1,7665,1564.43,500,0,3810,1,0,34290,3000000,26670,2
Other,Rear Collision,N,Total Loss,Single Vehicle Collision,MD,other-service,other-relative,MALE,NO,100/300,NO,Low Risk,0,44,0,59400,-32200,3831.05,7.998467726,1,0.189550502,21,0,257,1,3131,1280.88,1000,0,5220,1,0,46980,0,41760,1
Fire,Front Collision,N,Major Damage,Multi-vehicle Collision,MD,exec-managerial,husband,MALE,YES,100/300,YES,Low Risk,0,26,1,50300,0,-12238.95,3.499523226,1,0.308884351,6,3670,94,3,2648,722.66,500,1,7340,1,0,36700,0,25690,2
Other,Side Collision,N,Total Loss,Multi-vehicle Collision,MD,exec-managerial,husband,MALE,unknown,250/500,unknown,Medium Risk,0,28,0,0,-32100,10231.05,7.998671317,1,0.434993483,20,6020,124,3,4819,1235.14,1000,1,6020,1,0,60200,0,48160,1
unknown,unknown,N,Minor Damage,Parked Car,High School,sales,own-child,MALE,YES,500/1000,unknown,Low Risk,0,30,1,0,-82100,-33068.95,4.495837188,1,0.100593770,6,540,141,1,2861,1347.04,1000,0,1080,1,0,6480,0,4860,2
Fire,Front Collision,N,Minor Damage,Single Vehicle Collision,Masters,craft-repair,unmarried,FEMALE,unknown,500/1000,YES,Low Risk,0,38,0,0,0,23111.05,6.999197340,1,0.127557702,20,17440,3,1,8622,1310.8,1000,0,8720,1,0,87200,0,61040,1
Fire,Rear Collision,N,Major Damage,Single Vehicle Collision,PhD,prof-specialty,wife,FEMALE,unknown,100/300,YES,Low Risk,0,41,2,70900,0,34391.05,3.999778773,1,0.288598859,23,18080,285,1,384,1436.79,1000,1,18080,1,0,108480,0,72320,3
Police,Side Collision,N,Minor Damage,Multi-vehicle Collision,Masters,armed-forces,other-relative,FEMALE,YES,250/500,unknown,Low Risk,0,34,2,35100,0,14571.05,6.999066791,1,0.233980218,4,7500,130,3,4358,1383.49,500,1,7500,1,0,67500,3000000,52500,3
Other,Rear Collision,N,Major Damage,Single Vehicle Collision,Associate,handlers-cleaners,wife,MALE,YES,500/1000,unknown,Low Risk,0,62,0,0,0,-1388.95,6.998659261,1,0.302167709,2,5220,458,1,1196,1356.92,2000,1,5220,1,0,46980,5000000,36540,1
Police,unknown,N,Minor Damage,Parked Car,Associate,sales,husband,FEMALE,unknown,250/500,unknown,Low Risk,0,60,0,0,0,-34248.95,3.995656895,1,0.117440794,6,460,456,1,6681,766.19,1000,0,920,1,0,5060,0,3680,3
